2025-10-21 16:06:18 [main] INFO  Log:33 - authorization_token: null
2025-10-21 16:07:23 [main] INFO  Log:33 - authorization_token: null
2025-10-21 16:08:25 [main] INFO  Log:33 - authorization_token: eyJhbGciOiJIUzI1NiIsInR5cCI6IkpXVCJ9.eyJzaWQiOiIyNTQzMTc3YTM1NTM0NDA4OTA4NTUyNmYzYjZhMjc4ZSIsImF0ayI6ImY2MzQ0ODMyYjg2YzQ3Mzc5NGU3M2Q3YjJjOWFiMWNmIiwiZXhwIjoxNzYxMDQzNzA1LCJpYXQiOjE3NjEwNDMxMDV9.upXrTzOoLnBxhI5Sz7FWB_mKevM-D8zNE9kluxtTQ5o
2025-10-21 16:08:25 [main] INFO  Log:33 - authorization_token: null
2025-10-21 16:12:16 [main] INFO  Log:33 - authorization_token: eyJhbGciOiJIUzI1NiIsInR5cCI6IkpXVCJ9.eyJzaWQiOiI3N2JhMmYxODEyZmI0YTUxODU4MzhkOTczZWJhYTI4ZCIsImF0ayI6IjhjMzNjYWRiN2U0YjQ2NjVhZGM2ZTNmMDViMTVjMGM0IiwiZXhwIjoxNzYxMDQzOTM2LCJpYXQiOjE3NjEwNDMzMzZ9.TzDEsn0lRBtD3pF6U_QjOVT7yCqvvmKP4wDfBlZjDVY
2025-10-21 16:12:17 [main] INFO  Log:33 - authorization_token: null
2025-10-21 16:14:16 [main] INFO  Log:33 - authorization_token: eyJhbGciOiJIUzI1NiIsInR5cCI6IkpXVCJ9.eyJzaWQiOiJlMjRlYzgyNTJiOGI0NWZkYjc2MjExN2EwZWMxYTcxMyIsImF0ayI6IjYxODQ0Y2ExZjMyMDQ5ZGRiMmI3ZjNlODdiOTRiZjNjIiwiZXhwIjoxNzYxMDQ0MDU3LCJpYXQiOjE3NjEwNDM0NTd9.yqwlpuLvhvBCAYWo5pQojHywkP8E-XzeMwCGhmDHkiE
2025-10-21 16:14:17 [main] INFO  Log:33 - authorization_token: null
2025-10-21 17:23:35 [main] INFO  Log:33 - authorization_token: eyJhbGciOiJIUzI1NiIsInR5cCI6IkpXVCJ9.eyJzaWQiOiI3MzZhOTNiNjUzNjQ0OWZlYjk2MGM3OThmOTkwMTYyMyIsImF0ayI6IjJmYWI5YmIzMjE1NDQ5NDdhNzQyOGU3MGMzNjAzN2M3IiwiZXhwIjoxNzYxMDQ4MjE1LCJpYXQiOjE3NjEwNDc2MTV9.OhlhbE6ES9mUZw0uBhdaQghNbKvTTAtexmlEMIiJ87M
2025-10-21 17:23:35 [main] INFO  Log:33 - authorization_token: null
2025-10-21 17:26:35 [main] INFO  Log:33 - authorization_token: eyJhbGciOiJIUzI1NiIsInR5cCI6IkpXVCJ9.eyJzaWQiOiIyNDAzODBiZDY0MDk0MDkzODhlYjhmN2E4NjYwMmRkOSIsImF0ayI6ImUxYmRlNTRhNGU5MjQ1MmZiYmIzMzM2YzkxMDY3NDEyIiwiZXhwIjoxNzYxMDQ4Mzk1LCJpYXQiOjE3NjEwNDc3OTV9.HuwzrTxiCNJh87iG4Uqwo4q-i6pEyquw4gLNE-QFmHE
2025-10-21 17:26:35 [main] INFO  Log:33 - authorization_token: null
2025-10-21 17:55:35 [main] INFO  Log:33 - authorization_token: eyJhbGciOiJIUzI1NiIsInR5cCI6IkpXVCJ9.eyJzaWQiOiJlYTAwZTY0MGQzNGU0YzgxYWQ3YmJlN2MwZmI2M2EzNyIsImF0ayI6IjIxMGJiZTY4ZDAzYjQxNWQ5MTU4ODhiOTQ1YjY0MTc3IiwiZXhwIjoxNzYxMDUwMTM1LCJpYXQiOjE3NjEwNDk1MzV9.SQAHsm1X4hnfuCu9bur1rllTNxVLmWkOBoRMmBe97qw
2025-10-21 17:55:35 [main] INFO  Log:33 - authorization_token: null
2025-10-21 18:01:29 [main] INFO  Log:33 - authorization_token: eyJhbGciOiJIUzI1NiIsInR5cCI6IkpXVCJ9.eyJzaWQiOiJjYmMyYzk1MmUxNGY0NjE3YjVhNjkxNDIyNzgwNDZlOCIsImF0ayI6IjQzZGZmYWYxYTU1MTQ3MDdiMDUzM2M4YWU5NjA4NzhiIiwiZXhwIjoxNzYxMDUwNDg0LCJpYXQiOjE3NjEwNDk4ODR9.E2kKsTnJ1QcMFIkiMK6OqLY2ikhIuI0sP_2wSKDfLqc
2025-10-22 09:34:03 [main] INFO  Log:33 - authorization_token: eyJhbGciOiJIUzI1NiIsInR5cCI6IkpXVCJ9.eyJzaWQiOiJmZDBjNDA0N2JmMGY0MjEyYmUyNTVlMzBlZmVjMTM1MSIsImF0ayI6ImQ5ODk0NDFmZTUxNTQzZTdiOTcwNjNiMGQwMGYyODZjIiwiZXhwIjoxNzYxMTA2NDQ0LCJpYXQiOjE3NjExMDU4NDR9.ySjaWttGMn-gDGuHQ4CagVXc-nriVXwAMYyTc3bcShQ
2025-10-22 09:34:04 [main] INFO  Log:33 - authorization_token: null
2025-10-22 09:34:09 [main] INFO  Log:33 - authorization_token: eyJhbGciOiJIUzI1NiIsInR5cCI6IkpXVCJ9.eyJzaWQiOiI0MTA0M2NjZTcyOTc0YmFmOTQxMzI5NDdjMmMxMzY2NyIsImF0ayI6IjZhNmQwMjgwYTYzMzRhMDlhZjg0NGM3YTQ0YmQ3ODUwIiwiZXhwIjoxNzYxMTA2NDQ2LCJpYXQiOjE3NjExMDU4NDZ9.I0OXTrBli8My670lnXPFxnbObs3l1sev5RwmYio09Hc
2025-10-22 10:23:39 [main] INFO  Log:33 - authorization_token: eyJhbGciOiJIUzI1NiIsInR5cCI6IkpXVCJ9.eyJzaWQiOiI4MWE3ZGFkMGQ5MzE0ZmU5Yjg4NzMyMmIxZjlmMTE1ZCIsImF0ayI6Ijg4NWY4NWYxNGM4ZTRmMjlhOGJkMjgzYmJjMzljMjViIiwiZXhwIjoxNzYxMTA5NDIwLCJpYXQiOjE3NjExMDg4MjB9.OeEDx8PiTUnd08A2eFB9rrrdKg4cbfll0i-W7P9XeDk
2025-10-22 10:23:40 [main] INFO  Log:33 - authorization_token: null
2025-10-22 10:23:45 [main] INFO  Log:33 - authorization_token: eyJhbGciOiJIUzI1NiIsInR5cCI6IkpXVCJ9.eyJzaWQiOiIyNzg0MmQ2YzNkOGE0NmZjYWVmMTc5Y2M3NWYyZWY0YSIsImF0ayI6ImU1MzA2NTg0Mzc1MDQ1ZmRiMzgwN2E4MTdiZTM0MjUzIiwiZXhwIjoxNzYxMTA5NDIxLCJpYXQiOjE3NjExMDg4MjF9.HVdJ1IVM9-velkUpTys89zY2PN86RoQrbGWSgmg5tYA
2025-10-22 10:27:19 [main] INFO  Log:33 - authorization_token: eyJhbGciOiJIUzI1NiIsInR5cCI6IkpXVCJ9.eyJzaWQiOiI5NDk0YzgyZjdmMzE0OTFjYTdkZTg1YjE3MDNjYTQ2OCIsImF0ayI6ImM3MjI1OTEyN2RiZjRlNTg5YmY3NDA0OTE0ZTM4ZjMyIiwiZXhwIjoxNzYxMTA5NjM5LCJpYXQiOjE3NjExMDkwMzl9.XXAvu8O72GVWqwjEEkMvtfjEY_7NDBjpw7sqYqwtGXk
2025-10-22 10:27:19 [main] INFO  Log:33 - authorization_token: null
2025-10-22 10:27:25 [main] INFO  Log:33 - authorization_token: eyJhbGciOiJIUzI1NiIsInR5cCI6IkpXVCJ9.eyJzaWQiOiIwNzkzZTM0M2VjYTU0YzMzOWFlMTliZTc4ODBhYzEwOSIsImF0ayI6ImQ3ZjEyMmE4YjRmMDQ2YzNiOTk5NjdiMjZkMDhlOTRkIiwiZXhwIjoxNzYxMTA5NjQxLCJpYXQiOjE3NjExMDkwNDF9.vDOBH3rB9zpK0oIf1R-OKSkK60Zt3kGaBvMjwjgBrnY
2025-10-22 11:06:22 [main] INFO  Log:33 - authorization_token: eyJhbGciOiJIUzI1NiIsInR5cCI6IkpXVCJ9.eyJzaWQiOiIzNTM3NjU0ZTVhNWM0ZjE2YmIzZWMxNjE4MTcwNjI0NCIsImF0ayI6ImZmNjc3ODhlOWQzYjQyOTg5MmVlNTAwYWIwYWQ4YzA4IiwiZXhwIjoxNzYxMTExOTgyLCJpYXQiOjE3NjExMTEzODJ9.0_y4MYthimEmEwYHQSw-XfTaGEBNjjGV1dHLoGm8fHs
2025-10-22 11:06:22 [main] INFO  Log:33 - authorization_token: null
2025-10-22 11:06:28 [main] INFO  Log:33 - authorization_token: eyJhbGciOiJIUzI1NiIsInR5cCI6IkpXVCJ9.eyJzaWQiOiI3NzRjMTg3MWRjMDg0Mjk4ODY0Y2FkM2MzMzVlNTc2NSIsImF0ayI6IjdjMzU5MGQ5YzU5ODRkMzc4NzI5YWFjMzNhNDc2NWJiIiwiZXhwIjoxNzYxMTExOTg0LCJpYXQiOjE3NjExMTEzODR9.z4fpxCfVRaSGXyd1btBbrmQ5_-Zig37qQNOfoygplag
2025-10-22 11:39:44 [main] INFO  Log:33 - authorization_token: eyJhbGciOiJIUzI1NiIsInR5cCI6IkpXVCJ9.eyJzaWQiOiJmZWI2OGUyY2IzYmM0ZWRiYmYxZmNkODBhMDA5ZjMxYyIsImF0ayI6ImQ4ODY1OGY2YjhlZDQ2YWY5NzU2ZDc3Nzc4YjQ3MmRlIiwiZXhwIjoxNzYxMTEzOTg0LCJpYXQiOjE3NjExMTMzODR9.dGXYbHKCUhQjYLGTpJioLlXxjRO5Zb76_oi2dH5bCCg
2025-10-22 11:39:45 [main] INFO  Log:33 - authorization_token: null
2025-10-22 11:39:50 [main] INFO  Log:33 - authorization_token: eyJhbGciOiJIUzI1NiIsInR5cCI6IkpXVCJ9.eyJzaWQiOiI4NGI5MmI3YjViZDc0MzViOWM2MDc1Yjg3MzZkOGM2NCIsImF0ayI6IjJiYjg4NTAxMzgwYzQxNzA5OTdiNGFjZGMxMDE5MTc2IiwiZXhwIjoxNzYxMTEzOTg3LCJpYXQiOjE3NjExMTMzODd9.WTTGQyExBZswvV46-YxCU97C2J3MFDdU2Vv014Wg4PQ
2025-10-22 12:16:58 [main] INFO  Log:33 - authorization_token: eyJhbGciOiJIUzI1NiIsInR5cCI6IkpXVCJ9.eyJzaWQiOiJiZjZiMTZmNGE0Njc0OWEyODQ3ODdlOTY2YTAzMTlkYSIsImF0ayI6IjJlNGE4YzY4MjJlYzQzMzA4MmZkYzgxZGQ0YTljODVkIiwiZXhwIjoxNzYxMTE2MjE4LCJpYXQiOjE3NjExMTU2MTh9.6UxZNtI1I1EFopORuGG_1A-Lf1w_vehKodcn9vHfRf0
2025-10-22 12:16:58 [main] INFO  Log:33 - authorization_token: null
2025-10-22 12:17:04 [main] INFO  Log:33 - authorization_token: eyJhbGciOiJIUzI1NiIsInR5cCI6IkpXVCJ9.eyJzaWQiOiI2Y2M0ZDU3NWUwNDE0MGU0YTk0MDZhNWMwZGZmODI5ZSIsImF0ayI6ImEzZjBhNmEwODFiODRjZDZiZjgwNTM1Yzc4ZmIxNGNhIiwiZXhwIjoxNzYxMTE2MjIwLCJpYXQiOjE3NjExMTU2MjB9.s07u48j3euN_nmxO8l3BDVKksQffy0Bu88T-ElGvDWo
2025-10-22 12:19:42 [main] INFO  Log:33 - authorization_token: eyJhbGciOiJIUzI1NiIsInR5cCI6IkpXVCJ9.eyJzaWQiOiI3M2ZjNTNiNTFkNjU0OTZjOGIxZDMwODE3YzEyYzM5NCIsImF0ayI6ImM1NjM2Y2I2MzYzMjRhMTM4MTg1MzQ4ZTFmZWRhYjNjIiwiZXhwIjoxNzYxMTE2MzgyLCJpYXQiOjE3NjExMTU3ODJ9._WENOwYsE44WM08GlKaFpJOqdz_JWb5INoM-lNdGBAk
2025-10-22 12:19:43 [main] INFO  Log:33 - authorization_token: null
2025-10-22 12:19:48 [main] INFO  Log:33 - authorization_token: eyJhbGciOiJIUzI1NiIsInR5cCI6IkpXVCJ9.eyJzaWQiOiI3ZjI5MTkyYjAyZDI0MTJkYTQwNzIzYjBiOGUyN2ZkYyIsImF0ayI6IjU5NGE1ODMyZDJkNzQzNThhZGRhNTJmNGExZjk5ODExIiwiZXhwIjoxNzYxMTE2Mzg0LCJpYXQiOjE3NjExMTU3ODR9.e_7HnI8S98e2w1rOJvcjSz4-msCtrLj2xSeFeJInPEg
2025-10-22 12:23:38 [main] INFO  Log:33 - authorization_token: eyJhbGciOiJIUzI1NiIsInR5cCI6IkpXVCJ9.eyJzaWQiOiI5Y2VmNzhkMTJjMTM0MDIyYTdiZDI2YWYxNWNjYjkxZiIsImF0ayI6ImViNDZmNGE1M2I3NDRmY2Q4ZjM4OWRmMWRjMGEzODAwIiwiZXhwIjoxNzYxMTE2NjE4LCJpYXQiOjE3NjExMTYwMTh9.qXYBXEd3m5JONW1gRqv7zugYXKnWyk_khZwhWp1PLd8
2025-10-22 12:23:38 [main] INFO  Log:33 - authorization_token: null
2025-10-22 12:23:44 [main] INFO  Log:33 - authorization_token: eyJhbGciOiJIUzI1NiIsInR5cCI6IkpXVCJ9.eyJzaWQiOiIyZDUyZDE4MWQ2ODg0YjdlYTk5ZjAzYmVkNTRjNzFjNiIsImF0ayI6IjNlMTFkZWRjYTJkODRjMDQ5YWRmNThmMWUyYTRiNWU4IiwiZXhwIjoxNzYxMTE2NjIwLCJpYXQiOjE3NjExMTYwMjB9.Ff6xvNsK6xgm0eww5GW9wucRu0x2dm8M3U44rvPfD3I
2025-10-22 12:29:05 [main] INFO  Log:33 - authorization_token: eyJhbGciOiJIUzI1NiIsInR5cCI6IkpXVCJ9.eyJzaWQiOiJkODE0YmRkMTdlYjU0OTcwYjAzZmQ4YTc0YWRhNGZmNSIsImF0ayI6ImJhZTVjZDMyMzViOTQxNTk5MDM1YTcxNmQ5M2UzY2NmIiwiZXhwIjoxNzYxMTE2OTQ1LCJpYXQiOjE3NjExMTYzNDV9.4b8h8yuTpcqEt_hVUS61pJYtKrcIQQ7PF4fM9MCWdjM
2025-10-22 12:29:05 [main] INFO  Log:33 - authorization_token: null
2025-10-22 12:29:11 [main] INFO  Log:33 - authorization_token: eyJhbGciOiJIUzI1NiIsInR5cCI6IkpXVCJ9.eyJzaWQiOiI5MTJkNTMwNGZiMDA0YjMxODNkOGFlMDg4NGY1MzFlMyIsImF0ayI6IjRlMTU2MGJlMGE3ZjQ3NTJiYjQ0YWUxOWEzOGUwZTgwIiwiZXhwIjoxNzYxMTE2OTQ3LCJpYXQiOjE3NjExMTYzNDd9.u6xargxN5eH5D-O3dCw-srMNv6d7GdfkXEpO563q9KQ
2025-10-22 12:32:46 [main] INFO  Log:33 - authorization_token: eyJhbGciOiJIUzI1NiIsInR5cCI6IkpXVCJ9.eyJzaWQiOiJlNGY0NmRjYzEzOGI0ZmEyYTZiMTJhMmRhNzY2NTIzYyIsImF0ayI6IjUzNjkxNDE0ZDAxNTQ4YjdiNTc5ZDA2OWQ4OWM1Y2U1IiwiZXhwIjoxNzYxMTE3MTY2LCJpYXQiOjE3NjExMTY1NjZ9.vS5ez_lT4_mzYoCzE-MNwkdA0a6J-Dm5Ol1s_xj9i0o
2025-10-22 12:32:46 [main] INFO  Log:33 - authorization_token: null
2025-10-22 12:32:52 [main] INFO  Log:33 - authorization_token: eyJhbGciOiJIUzI1NiIsInR5cCI6IkpXVCJ9.eyJzaWQiOiI3MmY3ZTk5ZjVkNjM0YzdmOWNlNmIwYTUwMTNlODI4OSIsImF0ayI6ImM3MTZhNzI3YmRlYTQyM2Y4MThlY2VhMDNlYTg1ZWM0IiwiZXhwIjoxNzYxMTE3MTY4LCJpYXQiOjE3NjExMTY1Njh9.USODPpliGfTFOIyi0kRLp3glyKjuTdWUQscVFqZdxvk
2025-10-22 14:37:21 [main] INFO  Log:33 - authorization_token: eyJhbGciOiJIUzI1NiIsInR5cCI6IkpXVCJ9.eyJzaWQiOiIzNmY2MGU2MGVkNDI0NTlkYmJhMDI2NzIyNWEyYTU0OCIsImF0ayI6ImE4OGYxZDYzYzhhODRiNzFiMjA3NzI2OTAzZTY2MzExIiwiZXhwIjoxNzYxMTI0NjQxLCJpYXQiOjE3NjExMjQwNDF9.enal0nu4mR9Zjo8OMzr0mFRQtZ5E4jBu27FjRhHGFN8
2025-10-22 14:37:21 [main] INFO  Log:33 - authorization_token: null
2025-10-22 14:37:27 [main] INFO  Log:33 - authorization_token: eyJhbGciOiJIUzI1NiIsInR5cCI6IkpXVCJ9.eyJzaWQiOiJiNjcyOTlkZmVjY2E0ZGI4YjhiOTQ1YmM3ODA5MDY0OCIsImF0ayI6IjEyMjFjM2M3MzRhMjQ2MjNhZjdhNmMyYTlmYmU3NDhkIiwiZXhwIjoxNzYxMTI0NjQzLCJpYXQiOjE3NjExMjQwNDN9.Vv5xTjzzDrNxKbx-m3A7aWd2ILoC_XdDYaclGLPDj7I
2025-10-22 15:26:12 [main] INFO  Log:33 - authorization_token: eyJhbGciOiJIUzI1NiIsInR5cCI6IkpXVCJ9.eyJzaWQiOiJlNjgwNzFiZGYwZDQ0NDVlOTcxYTRhMzYyNjUwZWE1YiIsImF0ayI6ImE4MDY5NjAzMmU1NjQ3MTc5Nzg0MjQ4Njk3Y2IxYmVlIiwiZXhwIjoxNzYxMTI3NTcyLCJpYXQiOjE3NjExMjY5NzJ9.XJpA1ATBvCqI8XcF-F-XPDNzil6mwKwkRYEJhdDVzDc
2025-10-22 15:26:13 [main] INFO  Log:33 - authorization_token: null
2025-10-22 15:26:18 [main] INFO  Log:33 - authorization_token: eyJhbGciOiJIUzI1NiIsInR5cCI6IkpXVCJ9.eyJzaWQiOiJlMjI2NjgxZTUyNTE0NDk1OTkwYTBiZjM4OWI5MGQ4YSIsImF0ayI6IjRlMDMwYjc3NDM4ZTQ1ZGM4N2E3ODQwNGNhYjM0MDg3IiwiZXhwIjoxNzYxMTI3NTc0LCJpYXQiOjE3NjExMjY5NzR9.q7o3pDBNZ-SYo9CGfjYWR19vZHoi-G9uwW8C2k_6CIo
2025-10-22 15:26:25 [main] INFO  Log:33 - Cookies:auth_token=eyJhbGciOiJIUzI1NiIsInR5cCI6IkpXVCJ9.eyJzaWQiOiJlMjI2NjgxZTUyNTE0NDk1OTkwYTBiZjM4OWI5MGQ4YSIsImF0ayI6ImU2ZjYwMmJjYjQ2NDQ5ZTA5MjVkM2E4NDkxNTE0MTg3IiwiZXhwIjoxNzYxMTQ4NTc5LCJpYXQiOjE3NjExMjY5Nzl9.F7TPVwVKDl6T2lc6ae54xm3KtvhXqQ7jnb4IHDMKU7o;Path=/;Max-Age=21600;Secure;HttpOnly;Expires=22/10/25, 3:56 pm;SameSite=Lax
2025-10-22 15:50:23 [main] INFO  Log:33 - authorization_token: eyJhbGciOiJIUzI1NiIsInR5cCI6IkpXVCJ9.eyJzaWQiOiJiZGY4ZDY0ZDY1MjY0NGYwYWEyNzk3NDZkODI5OTBkZiIsImF0ayI6Ijc5YmQ2NWI5ZGI4MDQwMWJiYjIxMDZhN2Y5MmZkOTExIiwiZXhwIjoxNzYxMTI5MDIzLCJpYXQiOjE3NjExMjg0MjN9.ps2gkWZPVFu91-UBVTRzB6t_bezvEwHZaMi1GRUNXpU
2025-10-22 15:50:23 [main] INFO  Log:33 - stored cookie: auth_token=eyJhbGciOiJIUzI1NiIsInR5cCI6IkpXVCJ9.eyJzaWQiOiJiZGY4ZDY0ZDY1MjY0NGYwYWEyNzk3NDZkODI5OTBkZiIsImF0ayI6ImI1OTYyZDgwMjdmYzQyODNiYzE0NDEyYzk5MmUzZjNjIiwidWlkIjoiMjk2Yjg3MjQtODM5Zi00MjY3LWIyYTQtNGYzYTg0ZWQ5MDFjIiwiZXhwIjoxNzYxMTUwMDIzLCJpYXQiOjE3NjExMjg0MjN9.CJQNRWWCQW_jODzQ6fcHJmNo9WNNuETzRIycrR_y48U;Path=/;Max-Age=21600;Secure;HttpOnly;Expires=22/10/25, 4:20 pm;SameSite=Lax
2025-10-22 15:50:23 [main] INFO  Log:33 - authorization_token: null
2025-10-22 15:50:29 [main] INFO  Log:33 - authorization_token: eyJhbGciOiJIUzI1NiIsInR5cCI6IkpXVCJ9.eyJzaWQiOiI3MDI2ZjgwZmJjNTQ0ZjBiYmFiN2ExZjk0YWU2NjYxMyIsImF0ayI6IjQzNTkwMjY1OThmYjQ2ZmQ5YTNhMTdjYzA3MWM4ODJmIiwiZXhwIjoxNzYxMTI5MDI1LCJpYXQiOjE3NjExMjg0MjV9.iscPJY1JLqGOP5flugSaNTXHQF5CQ1k6JFefjHca3dM
2025-10-22 15:50:29 [main] INFO  Log:33 - stored cookie: auth_token=eyJhbGciOiJIUzI1NiIsInR5cCI6IkpXVCJ9.eyJzaWQiOiI3MDI2ZjgwZmJjNTQ0ZjBiYmFiN2ExZjk0YWU2NjYxMyIsImF0ayI6IjdiNDlhNjM0YjE4ZjRiZDY5MjgzOTY4YWQ1YTVlZDg5IiwidWlkIjoiMjk2Yjg3MjQtODM5Zi00MjY3LWIyYTQtNGYzYTg0ZWQ5MDFjIiwiZXhwIjoxNzYxMTUwMDMwLCJpYXQiOjE3NjExMjg0MzB9.gXbjryP-OLO2Yc0SdbSNQgWaFPRUdk5pVKdYB4pAZ4A;Path=/;Max-Age=21600;Secure;HttpOnly;Expires=22/10/25, 4:20 pm;SameSite=Lax
2025-10-22 15:50:36 [main] INFO  Log:33 - Cookies:auth_token=eyJhbGciOiJIUzI1NiIsInR5cCI6IkpXVCJ9.eyJzaWQiOiI3MDI2ZjgwZmJjNTQ0ZjBiYmFiN2ExZjk0YWU2NjYxMyIsImF0ayI6IjdiNDlhNjM0YjE4ZjRiZDY5MjgzOTY4YWQ1YTVlZDg5IiwidWlkIjoiMjk2Yjg3MjQtODM5Zi00MjY3LWIyYTQtNGYzYTg0ZWQ5MDFjIiwiZXhwIjoxNzYxMTUwMDMwLCJpYXQiOjE3NjExMjg0MzB9.gXbjryP-OLO2Yc0SdbSNQgWaFPRUdk5pVKdYB4pAZ4A;Path=/;Max-Age=21600;Secure;HttpOnly;Expires=22/10/25, 4:20 pm;SameSite=Lax
2025-10-22 16:20:53 [main] INFO  Log:33 - authorization_token: eyJhbGciOiJIUzI1NiIsInR5cCI6IkpXVCJ9.eyJzaWQiOiJlNWU1MGNlYjU5NmU0YWEzODA5ODhkZDQ3NDk4MzhjMyIsImF0ayI6IjU3M2U1YTg3Y2Y4MDQwOGQ4MGVmYzU2MTNlMDhkYmU4IiwiZXhwIjoxNzYxMTMwODUzLCJpYXQiOjE3NjExMzAyNTN9.h-DmFBs4IaQNhHH2Ax-fCECOIykleEz1qfRwymgobJQ
2025-10-22 16:20:53 [main] INFO  Log:33 - stored cookie: auth_token=eyJhbGciOiJIUzI1NiIsInR5cCI6IkpXVCJ9.eyJzaWQiOiJlNWU1MGNlYjU5NmU0YWEzODA5ODhkZDQ3NDk4MzhjMyIsImF0ayI6ImE1NWI5NGFmNmE2MjQwYWU4N2I5ZjU0YzJiNjZmZDIyIiwidWlkIjoiMjk2Yjg3MjQtODM5Zi00MjY3LWIyYTQtNGYzYTg0ZWQ5MDFjIiwiZXhwIjoxNzYxMTUxODUzLCJpYXQiOjE3NjExMzAyNTN9.EOGjlIcwHAte_MMR2d6kMZZelyCqyLmt1wLSngC5V_0;Path=/;Max-Age=21600;Secure;HttpOnly;Expires=22/10/25, 4:50 pm;SameSite=Lax
2025-10-22 16:20:53 [main] INFO  Log:33 - authorization_token: null
2025-10-22 16:20:59 [main] INFO  Log:33 - authorization_token: eyJhbGciOiJIUzI1NiIsInR5cCI6IkpXVCJ9.eyJzaWQiOiJlZDEzODJlZDZmNzU0ZDViODJkYzUyNzBmOGExYjIwMyIsImF0ayI6IjFhNzQ0ZTgzMjVmMDQwZjVhNDc3NWEzMTVhN2RhMjc4IiwiZXhwIjoxNzYxMTMwODU1LCJpYXQiOjE3NjExMzAyNTV9.OTt7xfrn5c4ttxRKB0D4nYDr0Kff0zi54-t_MZ-BLjg
2025-10-22 16:20:59 [main] INFO  Log:33 - stored cookie: auth_token=eyJhbGciOiJIUzI1NiIsInR5cCI6IkpXVCJ9.eyJzaWQiOiJlZDEzODJlZDZmNzU0ZDViODJkYzUyNzBmOGExYjIwMyIsImF0ayI6ImQxNzhkYWU2MzQ2NTQ4ODNiMjFlODM1MmRmZDhhYTkyIiwidWlkIjoiMjk2Yjg3MjQtODM5Zi00MjY3LWIyYTQtNGYzYTg0ZWQ5MDFjIiwiZXhwIjoxNzYxMTUxODU5LCJpYXQiOjE3NjExMzAyNTl9.cWoTHNv28XnyojzPJwu2uvqa_gZCL9aMym3zLdZuvws;Path=/;Max-Age=21600;Secure;HttpOnly;Expires=22/10/25, 4:50 pm;SameSite=Lax
2025-10-22 16:21:04 [main] INFO  Log:33 - Cookies:auth_token=eyJhbGciOiJIUzI1NiIsInR5cCI6IkpXVCJ9.eyJzaWQiOiJlZDEzODJlZDZmNzU0ZDViODJkYzUyNzBmOGExYjIwMyIsImF0ayI6ImQxNzhkYWU2MzQ2NTQ4ODNiMjFlODM1MmRmZDhhYTkyIiwidWlkIjoiMjk2Yjg3MjQtODM5Zi00MjY3LWIyYTQtNGYzYTg0ZWQ5MDFjIiwiZXhwIjoxNzYxMTUxODU5LCJpYXQiOjE3NjExMzAyNTl9.cWoTHNv28XnyojzPJwu2uvqa_gZCL9aMym3zLdZuvws;Path=/;Max-Age=21600;Secure;HttpOnly;Expires=22/10/25, 4:50 pm;SameSite=Lax
2025-10-22 16:28:06 [main] INFO  Log:33 - authorization_token: eyJhbGciOiJIUzI1NiIsInR5cCI6IkpXVCJ9.eyJzaWQiOiJjNjRkYjk2MjlkYzQ0MjY3OGNlMzA3NmMxNDQwN2VkNiIsImF0ayI6IjQ4ZWJhMTllMzhkMzRjY2ZiYTkxOGI4OTYwYTY3ZTVlIiwiZXhwIjoxNzYxMTMxMjg2LCJpYXQiOjE3NjExMzA2ODZ9.R1EUbNQqCNz9dq-qncm_MmOasYYCAkmMq62DN1gMCPk
2025-10-22 16:28:06 [main] INFO  Log:33 - Stored cookies: auth_token=eyJhbGciOiJIUzI1NiIsInR5cCI6IkpXVCJ9.eyJzaWQiOiJjNjRkYjk2MjlkYzQ0MjY3OGNlMzA3NmMxNDQwN2VkNiIsImF0ayI6ImQ0ZGQ4MjEzNGRmNzQxYWRhN2FjNjYyYzQwMmEyZjM5IiwidWlkIjoiMjk2Yjg3MjQtODM5Zi00MjY3LWIyYTQtNGYzYTg0ZWQ5MDFjIiwiZXhwIjoxNzYxMTUyMjg2LCJpYXQiOjE3NjExMzA2ODZ9.s7YUj26h8pSbTDwQf10tjQeFm40G1sGi7jFJh0VitmY;Path=/;Max-Age=21600;Secure;HttpOnly;Expires=22/10/25, 4:58 pm;SameSite=Lax
2025-10-22 16:28:06 [main] INFO  Log:33 - authorization_token: null
2025-10-22 16:28:12 [main] INFO  Log:33 - authorization_token: eyJhbGciOiJIUzI1NiIsInR5cCI6IkpXVCJ9.eyJzaWQiOiJjMTNiNTMzZWFiYTY0Y2I2OTJhNTZkMDU5NDE3NjNkNiIsImF0ayI6ImEwZDMzYWQ1ZDEyZDQ1NDM4YWY5YTkxMDY2MjNjZmFmIiwiZXhwIjoxNzYxMTMxMjg4LCJpYXQiOjE3NjExMzA2ODh9.vzmigJeCQapVghMWjwrtw3Fn0m_nGG7f9wZULkAZua8
2025-10-22 16:28:12 [main] INFO  Log:33 - Stored cookies: auth_token=eyJhbGciOiJIUzI1NiIsInR5cCI6IkpXVCJ9.eyJzaWQiOiJjMTNiNTMzZWFiYTY0Y2I2OTJhNTZkMDU5NDE3NjNkNiIsImF0ayI6IjIzMjFhMTg5MzhiMjQ2NGFiZWY5MDc1MmE1ODAzNWRmIiwidWlkIjoiMjk2Yjg3MjQtODM5Zi00MjY3LWIyYTQtNGYzYTg0ZWQ5MDFjIiwiZXhwIjoxNzYxMTUyMjkyLCJpYXQiOjE3NjExMzA2OTJ9.nBYEyvtoJhQSZ8bMCYotXF9BxRZKalkqDK877umd1xc;Path=/;Max-Age=21600;Secure;HttpOnly;Expires=22/10/25, 4:58 pm;SameSite=Lax
2025-10-22 16:28:17 [main] INFO  Log:33 - Cookies:auth_token=eyJhbGciOiJIUzI1NiIsInR5cCI6IkpXVCJ9.eyJzaWQiOiJjMTNiNTMzZWFiYTY0Y2I2OTJhNTZkMDU5NDE3NjNkNiIsImF0ayI6IjIzMjFhMTg5MzhiMjQ2NGFiZWY5MDc1MmE1ODAzNWRmIiwidWlkIjoiMjk2Yjg3MjQtODM5Zi00MjY3LWIyYTQtNGYzYTg0ZWQ5MDFjIiwiZXhwIjoxNzYxMTUyMjkyLCJpYXQiOjE3NjExMzA2OTJ9.nBYEyvtoJhQSZ8bMCYotXF9BxRZKalkqDK877umd1xc;Path=/;Max-Age=21600;Secure;HttpOnly;Expires=22/10/25, 4:58 pm;SameSite=Lax
2025-10-22 16:31:25 [main] INFO  Log:33 - authorization_token: eyJhbGciOiJIUzI1NiIsInR5cCI6IkpXVCJ9.eyJzaWQiOiIwY2ZjYTFhMTNhZGU0YmUyYWMyY2RmYmEyY2E2ZWQwMyIsImF0ayI6IjUxYjIwZThiZGMyZDQzZDRhZGQ0ZGM5OGJkYzAxZjcxIiwiZXhwIjoxNzYxMTMxNDg2LCJpYXQiOjE3NjExMzA4ODZ9.dYMrWs2tuO7tGMxk7YwjBAwlJ0qF34vosVLqgbgvxUM
2025-10-22 16:31:26 [main] INFO  Log:33 - Stored cookies: auth_token=eyJhbGciOiJIUzI1NiIsInR5cCI6IkpXVCJ9.eyJzaWQiOiIwY2ZjYTFhMTNhZGU0YmUyYWMyY2RmYmEyY2E2ZWQwMyIsImF0ayI6ImJjYzYxYzc5ZTg0NzRiMjg5NDQ1MmViNTI2MGZhYzliIiwidWlkIjoiMjk2Yjg3MjQtODM5Zi00MjY3LWIyYTQtNGYzYTg0ZWQ5MDFjIiwiZXhwIjoxNzYxMTUyNDg2LCJpYXQiOjE3NjExMzA4ODZ9.Z0_6yxbRT_vyn-hI_h3zi9BPjRaSNTmrTNFe_Lx3-k0;Path=/;Max-Age=21600;Secure;HttpOnly;Expires=22/10/25, 5:01 pm;SameSite=Lax
2025-10-22 16:31:26 [main] INFO  Log:33 - authorization_token: null
2025-10-22 16:31:31 [main] INFO  Log:33 - authorization_token: eyJhbGciOiJIUzI1NiIsInR5cCI6IkpXVCJ9.eyJzaWQiOiI2NDM5YzBiYzU0NmQ0ODFkYjYxNTkyODkyMTNlZjU1NiIsImF0ayI6ImExZmMzOWM1M2YwODQ2YTBiN2QzOWY5M2UyNTVjZTk1IiwiZXhwIjoxNzYxMTMxNDg4LCJpYXQiOjE3NjExMzA4ODh9.L-PNi0FpY0qfeVCoe3_xr9jGPAaLdrY8mjJh6zEoyq0
2025-10-22 16:31:32 [main] INFO  Log:33 - Stored cookies: auth_token=eyJhbGciOiJIUzI1NiIsInR5cCI6IkpXVCJ9.eyJzaWQiOiI2NDM5YzBiYzU0NmQ0ODFkYjYxNTkyODkyMTNlZjU1NiIsImF0ayI6IjgyOTEyY2VkMjFkODRiZjg4ZDgxZjBmOGIyZDZlYjY5IiwidWlkIjoiMjk2Yjg3MjQtODM5Zi00MjY3LWIyYTQtNGYzYTg0ZWQ5MDFjIiwiZXhwIjoxNzYxMTUyNDkyLCJpYXQiOjE3NjExMzA4OTJ9.anktMzI_RHlakyNhskDBMmsEVSKrWvkzHYAK1XGpUp4;Path=/;Max-Age=21600;Secure;HttpOnly;Expires=22/10/25, 5:01 pm;SameSite=Lax
2025-10-22 16:31:35 [main] INFO  Log:33 - Cookies:auth_token=eyJhbGciOiJIUzI1NiIsInR5cCI6IkpXVCJ9.eyJzaWQiOiI2NDM5YzBiYzU0NmQ0ODFkYjYxNTkyODkyMTNlZjU1NiIsImF0ayI6IjgyOTEyY2VkMjFkODRiZjg4ZDgxZjBmOGIyZDZlYjY5IiwidWlkIjoiMjk2Yjg3MjQtODM5Zi00MjY3LWIyYTQtNGYzYTg0ZWQ5MDFjIiwiZXhwIjoxNzYxMTUyNDkyLCJpYXQiOjE3NjExMzA4OTJ9.anktMzI_RHlakyNhskDBMmsEVSKrWvkzHYAK1XGpUp4;Path=/;Max-Age=21600;Secure;HttpOnly;Expires=22/10/25, 5:01 pm;SameSite=Lax
2025-10-22 16:44:54 [main] INFO  Log:33 - authorization_token: eyJhbGciOiJIUzI1NiIsInR5cCI6IkpXVCJ9.eyJzaWQiOiIyODAwNWM5NzA0ZDE0M2IzYjM5NTFjNjdhNDJjNDgwNCIsImF0ayI6IjM4MDNkODc4ZGVlNjQxYzlhMzQ3YjA5ZTZjZjY1ZWZlIiwiZXhwIjoxNzYxMTMyMjk0LCJpYXQiOjE3NjExMzE2OTR9.T3lbmdEgprXKAcs-p0S9PMcn2DoD-NeCVrslEHNn2xc
2025-10-22 16:44:54 [main] INFO  Log:33 - Stored cookies: auth_token=eyJhbGciOiJIUzI1NiIsInR5cCI6IkpXVCJ9.eyJzaWQiOiIyODAwNWM5NzA0ZDE0M2IzYjM5NTFjNjdhNDJjNDgwNCIsImF0ayI6Ijg3OTEzNzI2OWExZDQyZjlhMWYzZmVjYzliODQ4NjdjIiwidWlkIjoiMjk2Yjg3MjQtODM5Zi00MjY3LWIyYTQtNGYzYTg0ZWQ5MDFjIiwiZXhwIjoxNzYxMTUzMjk0LCJpYXQiOjE3NjExMzE2OTR9.kYl6b-W1qIjmU14BA8FI9_xc5An2-HY7D6kP-lWeOFM;Path=/;Max-Age=21600;Secure;HttpOnly;Expires=22/10/25, 5:14 pm;SameSite=Lax
2025-10-22 16:44:54 [main] INFO  Log:33 - authorization_token: null
2025-10-22 16:44:59 [main] INFO  Log:33 - authorization_token: eyJhbGciOiJIUzI1NiIsInR5cCI6IkpXVCJ9.eyJzaWQiOiIwODQzMzJjNjc0YmE0ZTVhOGI0OWM1NmM2N2I2MTdjMCIsImF0ayI6ImZhMGM1MjAxNGRlNTQ0M2M5ZWMxYWZiZjg3MzYwNzdhIiwiZXhwIjoxNzYxMTMyMjk2LCJpYXQiOjE3NjExMzE2OTZ9.DR6cA_7MYsRj0dVr_lD8VNp6KyS9A2sW51hSng21AiM
2025-10-22 16:45:00 [main] INFO  Log:33 - Stored cookies: auth_token=eyJhbGciOiJIUzI1NiIsInR5cCI6IkpXVCJ9.eyJzaWQiOiIwODQzMzJjNjc0YmE0ZTVhOGI0OWM1NmM2N2I2MTdjMCIsImF0ayI6IjM5MTZmMjliNDAwODQyMzg4ZTU2ZTg2ODE5MTI2ZmM3IiwidWlkIjoiMjk2Yjg3MjQtODM5Zi00MjY3LWIyYTQtNGYzYTg0ZWQ5MDFjIiwiZXhwIjoxNzYxMTUzMzAwLCJpYXQiOjE3NjExMzE3MDB9.NIGMmTxIibOjr5UxRG8IbYmO1Yfs8xooxB0q5OUcSDg;Path=/;Max-Age=21600;Secure;HttpOnly;Expires=22/10/25, 5:15 pm;SameSite=Lax
2025-10-22 16:45:05 [main] INFO  Log:33 - Cookies:auth_token=eyJhbGciOiJIUzI1NiIsInR5cCI6IkpXVCJ9.eyJzaWQiOiIwODQzMzJjNjc0YmE0ZTVhOGI0OWM1NmM2N2I2MTdjMCIsImF0ayI6IjM5MTZmMjliNDAwODQyMzg4ZTU2ZTg2ODE5MTI2ZmM3IiwidWlkIjoiMjk2Yjg3MjQtODM5Zi00MjY3LWIyYTQtNGYzYTg0ZWQ5MDFjIiwiZXhwIjoxNzYxMTUzMzAwLCJpYXQiOjE3NjExMzE3MDB9.NIGMmTxIibOjr5UxRG8IbYmO1Yfs8xooxB0q5OUcSDg;Path=/;Max-Age=21600;Secure;HttpOnly;Expires=22/10/25, 5:15 pm;SameSite=Lax
2025-10-22 17:01:19 [main] INFO  Log:33 - authorization_token: eyJhbGciOiJIUzI1NiIsInR5cCI6IkpXVCJ9.eyJzaWQiOiI1M2IyNzAxYmJkYjU0YjA2YTE4ZGQ1ZThkZmRmMTYxMiIsImF0ayI6IjRiZTdiODliZmI4NjQ0ZjM4NmUyNDFlYmRmOGQ3MjMwIiwiZXhwIjoxNzYxMTMzMjc5LCJpYXQiOjE3NjExMzI2Nzl9.UFNeGEh3XloXl_oaHG9xBQjPS2TglBc-pNBaz9_A6Eg
2025-10-22 17:01:19 [main] INFO  Log:33 - stored cookie: auth_token=eyJhbGciOiJIUzI1NiIsInR5cCI6IkpXVCJ9.eyJzaWQiOiI1M2IyNzAxYmJkYjU0YjA2YTE4ZGQ1ZThkZmRmMTYxMiIsImF0ayI6ImRmZTEzMmQ1NjU1YzQ0YmQ4MTQ3NzVlZGJkOGU3ZGVkIiwidWlkIjoiMjk2Yjg3MjQtODM5Zi00MjY3LWIyYTQtNGYzYTg0ZWQ5MDFjIiwiZXhwIjoxNzYxMTU0Mjc5LCJpYXQiOjE3NjExMzI2Nzl9.SKIx9Y3MHLH9nmCdQeJGusjCG_h6DAzx-MFQRCh5W0U;Path=/;Max-Age=21600;Secure;HttpOnly;Expires=22/10/25, 5:31 pm;SameSite=Lax
2025-10-22 17:01:19 [main] INFO  Log:33 - authorization_token: null
2025-10-22 17:01:25 [main] INFO  Log:33 - authorization_token: eyJhbGciOiJIUzI1NiIsInR5cCI6IkpXVCJ9.eyJzaWQiOiI3Njk4ZDE1OTM3NjI0MGIwODQxYzg1MmUwZTJiYjJmZCIsImF0ayI6ImE1ODA1MWM3NjliMTQyMjFiYzA3NmNjZGI1NjZlZTdlIiwiZXhwIjoxNzYxMTMzMjgxLCJpYXQiOjE3NjExMzI2ODF9.T-ermH3p57654FwZQ6QDsP7KUKMCPzHgNgN92prFkvI
2025-10-22 17:01:25 [main] INFO  Log:33 - stored cookie: auth_token=eyJhbGciOiJIUzI1NiIsInR5cCI6IkpXVCJ9.eyJzaWQiOiI3Njk4ZDE1OTM3NjI0MGIwODQxYzg1MmUwZTJiYjJmZCIsImF0ayI6ImQ1YjdmOTQ0ZTU2MDRkMmE4OGQzNTRkMGFkNjE1MTdmIiwidWlkIjoiMjk2Yjg3MjQtODM5Zi00MjY3LWIyYTQtNGYzYTg0ZWQ5MDFjIiwiZXhwIjoxNzYxMTU0Mjg1LCJpYXQiOjE3NjExMzI2ODV9.AuIy8ZiuqgbDSvAkmCvpKtFoNoB11iFvIJTt_OYh_H0;Path=/;Max-Age=21600;Secure;HttpOnly;Expires=22/10/25, 5:31 pm;SameSite=Lax
2025-10-22 17:01:30 [main] INFO  Log:33 - Cookies:auth_token=eyJhbGciOiJIUzI1NiIsInR5cCI6IkpXVCJ9.eyJzaWQiOiI3Njk4ZDE1OTM3NjI0MGIwODQxYzg1MmUwZTJiYjJmZCIsImF0ayI6ImQ1YjdmOTQ0ZTU2MDRkMmE4OGQzNTRkMGFkNjE1MTdmIiwidWlkIjoiMjk2Yjg3MjQtODM5Zi00MjY3LWIyYTQtNGYzYTg0ZWQ5MDFjIiwiZXhwIjoxNzYxMTU0Mjg1LCJpYXQiOjE3NjExMzI2ODV9.AuIy8ZiuqgbDSvAkmCvpKtFoNoB11iFvIJTt_OYh_H0;Path=/;Max-Age=21600;Secure;HttpOnly;Expires=22/10/25, 5:31 pm;SameSite=Lax
2025-10-22 17:05:32 [main] INFO  Log:33 - authorization_token: eyJhbGciOiJIUzI1NiIsInR5cCI6IkpXVCJ9.eyJzaWQiOiIyOTI0ZjFlZDllNjI0YTExYTYzZDdkMWE2NjY1NWExYSIsImF0ayI6ImMwZTAyZTIzYjA4ODQxNmVhYTgzNDYzNjI1ZjJlYjJiIiwiZXhwIjoxNzYxMTMzNTMyLCJpYXQiOjE3NjExMzI5MzJ9.5e4WCcQCXf_XJKA7oi897C43Avy0x4MNZ-UIHMfmFOE
2025-10-22 17:05:32 [main] INFO  Log:33 - stored cookie: auth_token=eyJhbGciOiJIUzI1NiIsInR5cCI6IkpXVCJ9.eyJzaWQiOiIyOTI0ZjFlZDllNjI0YTExYTYzZDdkMWE2NjY1NWExYSIsImF0ayI6Ijg5ZjEyYWI2YTQxMzRiNWNhZmE2YmRjYmZmOWZjZDRkIiwidWlkIjoiMjk2Yjg3MjQtODM5Zi00MjY3LWIyYTQtNGYzYTg0ZWQ5MDFjIiwiZXhwIjoxNzYxMTU0NTMzLCJpYXQiOjE3NjExMzI5MzN9.Nbebs0zLOy0jarks3cdYmaQDetbm49hKPx2YvFZa2NQ;Path=/;Max-Age=21600;Secure;HttpOnly;Expires=22/10/25, 5:35 pm;SameSite=Lax
2025-10-22 17:05:32 [main] INFO  Log:33 - authorization_token: null
2025-10-22 17:05:38 [main] INFO  Log:33 - authorization_token: eyJhbGciOiJIUzI1NiIsInR5cCI6IkpXVCJ9.eyJzaWQiOiI4ZjliOTVjMjU0MWI0OGIzOTlhNjNjNWZhYWI2ZjJlZCIsImF0ayI6IjliZDgwOTcwZDIxZTQxYmU4NWE2ZDU0NWRmYjQxZGQ1IiwiZXhwIjoxNzYxMTMzNTM0LCJpYXQiOjE3NjExMzI5MzR9.-lZne8swVfp-NvJyBh_MxijqIcUzIblRcfJgRfyWXtI
2025-10-22 17:05:38 [main] INFO  Log:33 - stored cookie: auth_token=eyJhbGciOiJIUzI1NiIsInR5cCI6IkpXVCJ9.eyJzaWQiOiI4ZjliOTVjMjU0MWI0OGIzOTlhNjNjNWZhYWI2ZjJlZCIsImF0ayI6IjMxNDA5MjM0NzhkNTQ0ZWY5MzdiY2JmOGU3MzNlZjJiIiwidWlkIjoiMjk2Yjg3MjQtODM5Zi00MjY3LWIyYTQtNGYzYTg0ZWQ5MDFjIiwiZXhwIjoxNzYxMTU0NTM4LCJpYXQiOjE3NjExMzI5Mzh9.jaFeMFQEAU_Ljf2o9cfYzfBQNRTbdCIP8cqt34ZeCnA;Path=/;Max-Age=21600;Secure;HttpOnly;Expires=22/10/25, 5:35 pm;SameSite=Lax
2025-10-22 17:05:42 [main] INFO  Log:33 - Cookies:auth_token=eyJhbGciOiJIUzI1NiIsInR5cCI6IkpXVCJ9.eyJzaWQiOiI4ZjliOTVjMjU0MWI0OGIzOTlhNjNjNWZhYWI2ZjJlZCIsImF0ayI6IjMxNDA5MjM0NzhkNTQ0ZWY5MzdiY2JmOGU3MzNlZjJiIiwidWlkIjoiMjk2Yjg3MjQtODM5Zi00MjY3LWIyYTQtNGYzYTg0ZWQ5MDFjIiwiZXhwIjoxNzYxMTU0NTM4LCJpYXQiOjE3NjExMzI5Mzh9.jaFeMFQEAU_Ljf2o9cfYzfBQNRTbdCIP8cqt34ZeCnA;Path=/;Max-Age=21600;Secure;HttpOnly;Expires=22/10/25, 5:35 pm;SameSite=Lax
2025-10-22 17:16:58 [main] INFO  Log:33 - Current cookies being sent: 
2025-10-22 17:17:00 [main] INFO  Log:33 - Current cookies being sent: 
2025-10-22 17:17:00 [main] INFO  Log:33 - Current cookies being sent: 
2025-10-22 17:17:01 [main] INFO  Log:33 - Current cookies being sent: 
2025-10-22 17:17:01 [main] INFO  Log:33 - Current cookies being sent: 
2025-10-22 17:17:01 [main] INFO  Log:33 - Current cookies being sent: 
2025-10-22 17:17:01 [main] INFO  Log:33 - Current cookies being sent: 
2025-10-22 17:17:01 [main] INFO  Log:33 - Current cookies being sent: 
2025-10-22 17:17:02 [main] INFO  Log:33 - Current cookies being sent: 
2025-10-22 17:17:02 [main] INFO  Log:33 - Current cookies being sent: 
2025-10-22 17:17:02 [main] INFO  Log:33 - Current cookies being sent: 
2025-10-22 17:17:02 [main] INFO  Log:33 - Current cookies being sent: 
2025-10-22 17:17:02 [main] INFO  Log:33 - Current cookies being sent: 
2025-10-22 17:17:04 [main] INFO  Log:33 - Current cookies being sent: 
2025-10-22 17:17:05 [main] INFO  Log:33 - Current cookies being sent: 
2025-10-22 17:17:05 [main] INFO  Log:33 - Current cookies being sent: 
2025-10-22 17:17:06 [main] INFO  Log:33 - Current cookies being sent: 
2025-10-22 17:17:06 [main] INFO  Log:33 - Current cookies being sent: 
2025-10-22 17:17:07 [main] INFO  Log:33 - Current cookies being sent: 
2025-10-22 17:17:08 [main] INFO  Log:33 - Current cookies being sent: 
2025-10-22 17:17:09 [main] INFO  Log:33 - Current cookies being sent: 
2025-10-22 17:17:09 [main] INFO  Log:33 - Current cookies being sent: 
2025-10-22 17:17:09 [main] INFO  Log:33 - Current cookies being sent: 
2025-10-22 17:17:10 [main] INFO  Log:33 - Current cookies being sent: 
2025-10-22 17:17:10 [main] INFO  Log:33 - Current cookies being sent: 
2025-10-22 17:17:15 [main] INFO  Log:33 - Current cookies being sent: 
2025-10-22 17:17:15 [main] INFO  Log:33 - Current cookies being sent: 
2025-10-22 17:17:15 [main] INFO  Log:33 - Current cookies being sent: 
2025-10-22 17:17:15 [main] INFO  Log:33 - Current cookies being sent: 
2025-10-22 17:17:15 [main] INFO  Log:33 - Current cookies being sent: 
2025-10-22 17:17:15 [main] INFO  Log:33 - Current cookies being sent: 
2025-10-22 17:17:16 [main] INFO  Log:33 - Current cookies being sent: 
2025-10-22 17:17:16 [main] INFO  Log:33 - Current cookies being sent: 
2025-10-22 17:17:16 [main] INFO  Log:33 - Current cookies being sent: 
2025-10-22 17:17:16 [main] INFO  Log:33 - Current cookies being sent: 
2025-10-22 17:17:16 [main] INFO  Log:33 - Current cookies being sent: 
2025-10-22 17:17:16 [main] INFO  Log:33 - Current cookies being sent: 
2025-10-22 17:17:17 [main] INFO  Log:33 - Current cookies being sent: 
2025-10-22 17:17:17 [main] INFO  Log:33 - Current cookies being sent: 
2025-10-22 17:17:17 [main] INFO  Log:33 - Current cookies being sent: 
2025-10-22 17:17:17 [main] INFO  Log:33 - Current cookies being sent: 
2025-10-22 17:17:17 [main] INFO  Log:33 - Current cookies being sent: 
2025-10-22 17:17:17 [main] INFO  Log:33 - Current cookies being sent: 
2025-10-22 17:17:18 [main] INFO  Log:33 - Current cookies being sent: 
2025-10-22 17:17:18 [main] INFO  Log:33 - Current cookies being sent: 
2025-10-22 17:17:18 [main] INFO  Log:33 - Current cookies being sent: 
2025-10-22 17:17:19 [main] INFO  Log:33 - Current cookies being sent: 
2025-10-22 17:17:20 [main] INFO  Log:33 - authorization_token: eyJhbGciOiJIUzI1NiIsInR5cCI6IkpXVCJ9.eyJzaWQiOiJmNTg0MGMxYTU5OWY0MWEwODgyOWI5NmRkODk3MmNmNSIsImF0ayI6ImFmNDFhMTgwMjRlYzRkYmI5NmYyNTVlMTEyNmY1ODU1IiwiZXhwIjoxNzYxMTM0MjQwLCJpYXQiOjE3NjExMzM2NDB9.yqyxliOKKzAfc5_B3D_xl4atCpWuwkGRydlpjB4cTZE
2025-10-22 17:17:20 [main] INFO  Log:33 - Current cookies being sent: 
2025-10-22 17:17:20 [main] INFO  Log:33 - stored cookie: auth_token=eyJhbGciOiJIUzI1NiIsInR5cCI6IkpXVCJ9.eyJzaWQiOiJmNTg0MGMxYTU5OWY0MWEwODgyOWI5NmRkODk3MmNmNSIsImF0ayI6ImI0ZTI4Mjk0ODdkYTQwOTA4NTY0NGYwMjQ3NmMyZjMxIiwidWlkIjoiMjk2Yjg3MjQtODM5Zi00MjY3LWIyYTQtNGYzYTg0ZWQ5MDFjIiwiZXhwIjoxNzYxMTU1MjQwLCJpYXQiOjE3NjExMzM2NDB9.neb-1ze_YD3TS-Z4A82cmVH_TRLl5EwZ5Rcd6IIvEu8;Path=/;Max-Age=21600;Secure;HttpOnly;Expires=22/10/25, 5:47 pm;SameSite=Lax
2025-10-22 17:17:20 [main] INFO  Log:33 - authorization_token: null
2025-10-22 17:17:20 [main] INFO  Log:33 - Current cookies being sent: 
2025-10-22 17:17:21 [main] INFO  Log:33 - Current cookies being sent: 
2025-10-22 17:17:26 [main] INFO  Log:33 - authorization_token: eyJhbGciOiJIUzI1NiIsInR5cCI6IkpXVCJ9.eyJzaWQiOiJlYzU2ZDI2OTI5ODk0MjNmOWI1OGVlOTc0MTkzOWI0NyIsImF0ayI6ImRkZTBjMTgyYTI1MTRmYzdiYWUzZjkyYTEwYTEwYTAyIiwiZXhwIjoxNzYxMTM0MjQyLCJpYXQiOjE3NjExMzM2NDJ9.nKbSqYYT4kmNKOaj0Q6vzhJEIW-5LCrIHmPVwPBA70I
2025-10-22 17:17:26 [main] INFO  Log:33 - Current cookies being sent: 
2025-10-22 17:17:26 [main] INFO  Log:33 - stored cookie: auth_token=eyJhbGciOiJIUzI1NiIsInR5cCI6IkpXVCJ9.eyJzaWQiOiJlYzU2ZDI2OTI5ODk0MjNmOWI1OGVlOTc0MTkzOWI0NyIsImF0ayI6IjM1MDc5MzI4MzY1MjRmYWY4NDRiNzljYjg2MWViNmRjIiwidWlkIjoiMjk2Yjg3MjQtODM5Zi00MjY3LWIyYTQtNGYzYTg0ZWQ5MDFjIiwiZXhwIjoxNzYxMTU1MjQ2LCJpYXQiOjE3NjExMzM2NDZ9.-hiB-EIrJHe9IpjtvW4fnijOvS3sERor2fCO1l4R9K4;Path=/;Max-Age=21600;Secure;HttpOnly;Expires=22/10/25, 5:47 pm;SameSite=Lax
2025-10-22 17:17:26 [main] INFO  Log:33 - Current cookies being sent: 
2025-10-22 17:17:26 [main] INFO  Log:33 - Current cookies being sent: 
2025-10-22 17:17:26 [main] INFO  Log:33 - Current cookies being sent: 
2025-10-22 17:17:26 [main] INFO  Log:33 - Current cookies being sent: 
2025-10-22 17:17:26 [main] INFO  Log:33 - Current cookies being sent: 
2025-10-22 17:17:27 [main] INFO  Log:33 - Current cookies being sent: 
2025-10-22 17:17:27 [main] INFO  Log:33 - Current cookies being sent: 
2025-10-22 17:17:27 [main] INFO  Log:33 - Current cookies being sent: 
2025-10-22 17:17:28 [main] INFO  Log:33 - Current cookies being sent: 
2025-10-22 17:17:28 [main] INFO  Log:33 - Current cookies being sent: 
2025-10-22 17:17:28 [main] INFO  Log:33 - Current cookies being sent: 
2025-10-22 17:17:28 [main] INFO  Log:33 - Current cookies being sent: 
2025-10-22 17:17:28 [main] INFO  Log:33 - Current cookies being sent: 
2025-10-22 17:17:28 [main] INFO  Log:33 - Current cookies being sent: 
2025-10-22 17:17:29 [main] INFO  Log:33 - Current cookies being sent: 
2025-10-22 17:17:29 [main] INFO  Log:33 - Current cookies being sent: 
2025-10-22 17:17:29 [main] INFO  Log:33 - Current cookies being sent: 
2025-10-22 17:17:29 [main] INFO  Log:33 - Current cookies being sent: 
2025-10-22 17:17:29 [main] INFO  Log:33 - Current cookies being sent: 
2025-10-22 17:17:30 [main] INFO  Log:33 - Current cookies being sent: 
2025-10-22 17:17:30 [main] INFO  Log:33 - Current cookies being sent: 
2025-10-22 17:17:30 [main] INFO  Log:33 - Current cookies being sent: 
2025-10-22 17:17:30 [main] INFO  Log:33 - Cookies:auth_token=eyJhbGciOiJIUzI1NiIsInR5cCI6IkpXVCJ9.eyJzaWQiOiJlYzU2ZDI2OTI5ODk0MjNmOWI1OGVlOTc0MTkzOWI0NyIsImF0ayI6IjM1MDc5MzI4MzY1MjRmYWY4NDRiNzljYjg2MWViNmRjIiwidWlkIjoiMjk2Yjg3MjQtODM5Zi00MjY3LWIyYTQtNGYzYTg0ZWQ5MDFjIiwiZXhwIjoxNzYxMTU1MjQ2LCJpYXQiOjE3NjExMzM2NDZ9.-hiB-EIrJHe9IpjtvW4fnijOvS3sERor2fCO1l4R9K4;Path=/;Max-Age=21600;Secure;HttpOnly;Expires=22/10/25, 5:47 pm;SameSite=Lax
2025-10-22 17:23:06 [main] INFO  Log:33 - Current cookies being sent: 
2025-10-22 17:23:08 [main] INFO  Log:33 - Current cookies being sent: 
2025-10-22 17:23:09 [main] INFO  Log:33 - Current cookies being sent: 
2025-10-22 17:23:09 [main] INFO  Log:33 - Current cookies being sent: 
2025-10-22 17:23:09 [main] INFO  Log:33 - Current cookies being sent: 
2025-10-22 17:23:09 [main] INFO  Log:33 - Current cookies being sent: 
2025-10-22 17:23:09 [main] INFO  Log:33 - Current cookies being sent: 
2025-10-22 17:23:10 [main] INFO  Log:33 - Current cookies being sent: 
2025-10-22 17:23:10 [main] INFO  Log:33 - Current cookies being sent: 
2025-10-22 17:23:10 [main] INFO  Log:33 - Current cookies being sent: 
2025-10-22 17:23:10 [main] INFO  Log:33 - Current cookies being sent: 
2025-10-22 17:23:10 [main] INFO  Log:33 - Current cookies being sent: 
2025-10-22 17:23:11 [main] INFO  Log:33 - Current cookies being sent: 
2025-10-22 17:23:12 [main] INFO  Log:33 - Current cookies being sent: 
2025-10-22 17:23:12 [main] INFO  Log:33 - Current cookies being sent: 
2025-10-22 17:23:13 [main] INFO  Log:33 - Current cookies being sent: 
2025-10-22 17:23:13 [main] INFO  Log:33 - Current cookies being sent: 
2025-10-22 17:23:14 [main] INFO  Log:33 - Current cookies being sent: 
2025-10-22 17:23:15 [main] INFO  Log:33 - Current cookies being sent: 
2025-10-22 17:23:16 [main] INFO  Log:33 - Current cookies being sent: 
2025-10-22 17:23:16 [main] INFO  Log:33 - Current cookies being sent: 
2025-10-22 17:23:17 [main] INFO  Log:33 - Current cookies being sent: 
2025-10-22 17:23:17 [main] INFO  Log:33 - Current cookies being sent: 
2025-10-22 17:23:18 [main] INFO  Log:33 - Current cookies being sent: 
2025-10-22 17:23:18 [main] INFO  Log:33 - Current cookies being sent: 
2025-10-22 17:23:22 [main] INFO  Log:33 - Current cookies being sent: 
2025-10-22 17:23:22 [main] INFO  Log:33 - Current cookies being sent: 
2025-10-22 17:23:22 [main] INFO  Log:33 - Current cookies being sent: 
2025-10-22 17:23:22 [main] INFO  Log:33 - Current cookies being sent: 
2025-10-22 17:23:22 [main] INFO  Log:33 - Current cookies being sent: 
2025-10-22 17:23:23 [main] INFO  Log:33 - Current cookies being sent: 
2025-10-22 17:23:23 [main] INFO  Log:33 - Current cookies being sent: 
2025-10-22 17:23:23 [main] INFO  Log:33 - Current cookies being sent: 
2025-10-22 17:23:23 [main] INFO  Log:33 - Current cookies being sent: 
2025-10-22 17:23:23 [main] INFO  Log:33 - Current cookies being sent: 
2025-10-22 17:23:23 [main] INFO  Log:33 - Current cookies being sent: 
2025-10-22 17:23:23 [main] INFO  Log:33 - Current cookies being sent: 
2025-10-22 17:23:24 [main] INFO  Log:33 - Current cookies being sent: 
2025-10-22 17:23:24 [main] INFO  Log:33 - Current cookies being sent: 
2025-10-22 17:23:24 [main] INFO  Log:33 - Current cookies being sent: 
2025-10-22 17:23:24 [main] INFO  Log:33 - Current cookies being sent: 
2025-10-22 17:23:24 [main] INFO  Log:33 - Current cookies being sent: 
2025-10-22 17:23:24 [main] INFO  Log:33 - Current cookies being sent: 
2025-10-22 17:23:25 [main] INFO  Log:33 - Current cookies being sent: 
2025-10-22 17:23:25 [main] INFO  Log:33 - Current cookies being sent: 
2025-10-22 17:23:25 [main] INFO  Log:33 - Current cookies being sent: 
2025-10-22 17:23:26 [main] INFO  Log:33 - Current cookies being sent: 
2025-10-22 17:23:27 [main] INFO  Log:33 - authorization_token: eyJhbGciOiJIUzI1NiIsInR5cCI6IkpXVCJ9.eyJzaWQiOiIxMDI4NzU0MmJjY2E0MjdjYmIxMTJiOTY2MmQxMDI1ZSIsImF0ayI6ImU3N2UyZGJhMmFmNDRiYTI5YjhlMjIzN2ViZTkzMmRhIiwiZXhwIjoxNzYxMTM0NjA3LCJpYXQiOjE3NjExMzQwMDd9.b30H5EhegUGScoWf3ludepDK2rLeLbsb_baal3AjZJk
2025-10-22 17:23:27 [main] INFO  Log:33 - Current cookies being sent: 
2025-10-22 17:23:27 [main] INFO  Log:33 - stored cookie: auth_token=eyJhbGciOiJIUzI1NiIsInR5cCI6IkpXVCJ9.eyJzaWQiOiIxMDI4NzU0MmJjY2E0MjdjYmIxMTJiOTY2MmQxMDI1ZSIsImF0ayI6ImQ1ZjBiMzc4YmQ2NTRjN2ViZGQ3ZjhiMzI1YjFhM2JhIiwidWlkIjoiMjk2Yjg3MjQtODM5Zi00MjY3LWIyYTQtNGYzYTg0ZWQ5MDFjIiwiZXhwIjoxNzYxMTU1NjA3LCJpYXQiOjE3NjExMzQwMDd9.XZvgrW2EzUINyLr0oSBWe4hbuGpWYfJVnB9gaSKoIdE;Path=/;Max-Age=21600;Secure;HttpOnly;Expires=22/10/25, 5:53 pm;SameSite=Lax
2025-10-22 17:23:27 [main] INFO  Log:33 - authorization_token: null
2025-10-22 17:23:27 [main] INFO  Log:33 - Current cookies being sent: 
2025-10-22 17:23:28 [main] INFO  Log:33 - Current cookies being sent: 
2025-10-22 17:23:33 [main] INFO  Log:33 - authorization_token: eyJhbGciOiJIUzI1NiIsInR5cCI6IkpXVCJ9.eyJzaWQiOiI3MDljMWFhNDU2Nzg0MjRkYjY5NTM0OWI0YTI5MDZiNiIsImF0ayI6IjI2ZjQ3YzIzODIwMzQ0NmI5NTQ5ZWRmNGU0Yjg5YThhIiwiZXhwIjoxNzYxMTM0NjA5LCJpYXQiOjE3NjExMzQwMDl9.Eqd076btSK45Gg9NZPcvgNEWdBRVXAzGpAr-5_rKG2s
2025-10-22 17:23:33 [main] INFO  Log:33 - Current cookies being sent: 
2025-10-22 17:23:33 [main] INFO  Log:33 - stored cookie: auth_token=eyJhbGciOiJIUzI1NiIsInR5cCI6IkpXVCJ9.eyJzaWQiOiI3MDljMWFhNDU2Nzg0MjRkYjY5NTM0OWI0YTI5MDZiNiIsImF0ayI6ImQ0MWU1MTcyNDk2MTQyNjdiMzBmZThjNDRlMDNjZjA0IiwidWlkIjoiMjk2Yjg3MjQtODM5Zi00MjY3LWIyYTQtNGYzYTg0ZWQ5MDFjIiwiZXhwIjoxNzYxMTU1NjEzLCJpYXQiOjE3NjExMzQwMTN9.cneJ56FutjUdMQSZWX-fcn9zwFJ22WmPstgeTfXC63k;Path=/;Max-Age=21600;Secure;HttpOnly;Expires=22/10/25, 5:53 pm;SameSite=Lax
2025-10-22 17:23:33 [main] INFO  Log:33 - Current cookies being sent: 
2025-10-22 17:23:33 [main] INFO  Log:33 - Current cookies being sent: 
2025-10-22 17:23:33 [main] INFO  Log:33 - Current cookies being sent: 
2025-10-22 17:23:34 [main] INFO  Log:33 - Current cookies being sent: 
2025-10-22 17:23:34 [main] INFO  Log:33 - Current cookies being sent: 
2025-10-22 17:23:34 [main] INFO  Log:33 - Current cookies being sent: 
2025-10-22 17:23:34 [main] INFO  Log:33 - Current cookies being sent: 
2025-10-22 17:23:34 [main] INFO  Log:33 - Current cookies being sent: 
2025-10-22 17:23:35 [main] INFO  Log:33 - Current cookies being sent: 
2025-10-22 17:23:35 [main] INFO  Log:33 - Current cookies being sent: 
2025-10-22 17:23:35 [main] INFO  Log:33 - Current cookies being sent: 
2025-10-22 17:23:35 [main] INFO  Log:33 - Current cookies being sent: 
2025-10-22 17:23:35 [main] INFO  Log:33 - Current cookies being sent: 
2025-10-22 17:23:35 [main] INFO  Log:33 - Current cookies being sent: 
2025-10-22 17:23:36 [main] INFO  Log:33 - Current cookies being sent: 
2025-10-22 17:23:36 [main] INFO  Log:33 - Current cookies being sent: 
2025-10-22 17:23:36 [main] INFO  Log:33 - Current cookies being sent: 
2025-10-22 17:23:36 [main] INFO  Log:33 - Current cookies being sent: 
2025-10-22 17:23:36 [main] INFO  Log:33 - Current cookies being sent: 
2025-10-22 17:23:36 [main] INFO  Log:33 - Current cookies being sent: 
2025-10-22 17:23:36 [main] INFO  Log:33 - Current cookies being sent: 
2025-10-22 17:23:37 [main] INFO  Log:33 - Current cookies being sent: 
2025-10-22 17:23:37 [main] INFO  Log:33 - Cookies:auth_token=eyJhbGciOiJIUzI1NiIsInR5cCI6IkpXVCJ9.eyJzaWQiOiI3MDljMWFhNDU2Nzg0MjRkYjY5NTM0OWI0YTI5MDZiNiIsImF0ayI6ImQ0MWU1MTcyNDk2MTQyNjdiMzBmZThjNDRlMDNjZjA0IiwidWlkIjoiMjk2Yjg3MjQtODM5Zi00MjY3LWIyYTQtNGYzYTg0ZWQ5MDFjIiwiZXhwIjoxNzYxMTU1NjEzLCJpYXQiOjE3NjExMzQwMTN9.cneJ56FutjUdMQSZWX-fcn9zwFJ22WmPstgeTfXC63k;Path=/;Max-Age=21600;Secure;HttpOnly;Expires=22/10/25, 5:53 pm;SameSite=Lax
2025-10-22 17:25:16 [main] INFO  Log:33 - Current cookies being sent: 
2025-10-22 17:25:18 [main] INFO  Log:33 - Current cookies being sent: 
2025-10-22 17:25:18 [main] INFO  Log:33 - Current cookies being sent: 
2025-10-22 17:25:18 [main] INFO  Log:33 - Current cookies being sent: 
2025-10-22 17:25:19 [main] INFO  Log:33 - Current cookies being sent: 
2025-10-22 17:25:19 [main] INFO  Log:33 - Current cookies being sent: 
2025-10-22 17:25:19 [main] INFO  Log:33 - Current cookies being sent: 
2025-10-22 17:25:19 [main] INFO  Log:33 - Current cookies being sent: 
2025-10-22 17:25:19 [main] INFO  Log:33 - Current cookies being sent: 
2025-10-22 17:25:19 [main] INFO  Log:33 - Current cookies being sent: 
2025-10-22 17:25:20 [main] INFO  Log:33 - Current cookies being sent: 
2025-10-22 17:25:20 [main] INFO  Log:33 - Current cookies being sent: 
2025-10-22 17:25:20 [main] INFO  Log:33 - Current cookies being sent: 
2025-10-22 17:25:21 [main] INFO  Log:33 - Current cookies being sent: 
2025-10-22 17:25:21 [main] INFO  Log:33 - Current cookies being sent: 
2025-10-22 17:25:21 [main] INFO  Log:33 - Current cookies being sent: 
2025-10-22 17:25:22 [main] INFO  Log:33 - Current cookies being sent: 
2025-10-22 17:25:23 [main] INFO  Log:33 - Current cookies being sent: 
2025-10-22 17:25:24 [main] INFO  Log:33 - Current cookies being sent: 
2025-10-22 17:25:25 [main] INFO  Log:33 - Current cookies being sent: 
2025-10-22 17:25:26 [main] INFO  Log:33 - Current cookies being sent: 
2025-10-22 17:25:26 [main] INFO  Log:33 - Current cookies being sent: 
2025-10-22 17:25:26 [main] INFO  Log:33 - Current cookies being sent: 
2025-10-22 17:25:27 [main] INFO  Log:33 - Current cookies being sent: 
2025-10-22 17:25:27 [main] INFO  Log:33 - Current cookies being sent: 
2025-10-22 17:25:31 [main] INFO  Log:33 - Current cookies being sent: 
2025-10-22 17:25:31 [main] INFO  Log:33 - Current cookies being sent: 
2025-10-22 17:25:31 [main] INFO  Log:33 - Current cookies being sent: 
2025-10-22 17:25:32 [main] INFO  Log:33 - Current cookies being sent: 
2025-10-22 17:25:32 [main] INFO  Log:33 - Current cookies being sent: 
2025-10-22 17:25:32 [main] INFO  Log:33 - Current cookies being sent: 
2025-10-22 17:25:32 [main] INFO  Log:33 - Current cookies being sent: 
2025-10-22 17:25:32 [main] INFO  Log:33 - Current cookies being sent: 
2025-10-22 17:25:32 [main] INFO  Log:33 - Current cookies being sent: 
2025-10-22 17:25:33 [main] INFO  Log:33 - Current cookies being sent: 
2025-10-22 17:25:33 [main] INFO  Log:33 - Current cookies being sent: 
2025-10-22 17:25:33 [main] INFO  Log:33 - Current cookies being sent: 
2025-10-22 17:25:33 [main] INFO  Log:33 - Current cookies being sent: 
2025-10-22 17:25:34 [main] INFO  Log:33 - Current cookies being sent: 
2025-10-22 17:25:34 [main] INFO  Log:33 - Current cookies being sent: 
2025-10-22 17:25:34 [main] INFO  Log:33 - Current cookies being sent: 
2025-10-22 17:25:34 [main] INFO  Log:33 - Current cookies being sent: 
2025-10-22 17:25:34 [main] INFO  Log:33 - Current cookies being sent: 
2025-10-22 17:25:35 [main] INFO  Log:33 - Current cookies being sent: 
2025-10-22 17:25:35 [main] INFO  Log:33 - Current cookies being sent: 
2025-10-22 17:25:35 [main] INFO  Log:33 - Current cookies being sent: 
2025-10-22 17:25:36 [main] INFO  Log:33 - Current cookies being sent: 
2025-10-22 17:25:37 [main] INFO  Log:33 - authorization_token: eyJhbGciOiJIUzI1NiIsInR5cCI6IkpXVCJ9.eyJzaWQiOiJiODlkMjlhZDY2OTA0NTU4OWYxOWY3ZjFlZmM4YTJmYiIsImF0ayI6IjFmMTRkODM3MDY5NDQ3NzdiODU2ZmJiYjNmZmEwYzFhIiwiZXhwIjoxNzYxMTM0NzM3LCJpYXQiOjE3NjExMzQxMzd9.0WLUheYiTOqFtDsv6e6_w6CqODIjuLhTdYGE3fXDQ2I
2025-10-22 17:25:37 [main] INFO  Log:33 - Current cookies being sent: 
2025-10-22 17:25:37 [main] INFO  Log:33 - stored cookie: auth_token=eyJhbGciOiJIUzI1NiIsInR5cCI6IkpXVCJ9.eyJzaWQiOiJiODlkMjlhZDY2OTA0NTU4OWYxOWY3ZjFlZmM4YTJmYiIsImF0ayI6ImFjNGVmZGU3ZTNiNjQxYWM5MTcxMzAxOTE0ZGY1YzRhIiwidWlkIjoiMjk2Yjg3MjQtODM5Zi00MjY3LWIyYTQtNGYzYTg0ZWQ5MDFjIiwiZXhwIjoxNzYxMTU1NzM3LCJpYXQiOjE3NjExMzQxMzd9.2CyHp7IfN0eMVcJx_TrTQ408tzpAycCdhKB_3dPcNtY;Path=/;Max-Age=21600;Secure;HttpOnly;Expires=22/10/25, 5:55 pm;SameSite=Lax
2025-10-22 17:25:37 [main] INFO  Log:33 - authorization_token: null
2025-10-22 17:25:37 [main] INFO  Log:33 - Current cookies being sent: 
2025-10-22 17:25:38 [main] INFO  Log:33 - Current cookies being sent: 
2025-10-22 17:25:43 [main] INFO  Log:33 - authorization_token: eyJhbGciOiJIUzI1NiIsInR5cCI6IkpXVCJ9.eyJzaWQiOiIyNjllNDEyZjc3ZDY0MzY4OThmNjU0NjA3MTc1ZmE2ZSIsImF0ayI6ImY0ZmVmZGI0ZjI4YjRhYmQ4ZjJhMmNlNjBlMTg0NjQ3IiwiZXhwIjoxNzYxMTM0NzM5LCJpYXQiOjE3NjExMzQxMzl9.0ZOlR0zvGvFEv99YUot5SHlphmfRGmJC04-xWqn9icY
2025-10-22 17:25:43 [main] INFO  Log:33 - Current cookies being sent: 
2025-10-22 17:25:43 [main] INFO  Log:33 - stored cookie: auth_token=eyJhbGciOiJIUzI1NiIsInR5cCI6IkpXVCJ9.eyJzaWQiOiIyNjllNDEyZjc3ZDY0MzY4OThmNjU0NjA3MTc1ZmE2ZSIsImF0ayI6ImVhZjg4OTRmZWJlMTQ2MTJiYWM3ZDVhMTQwYzVjM2ZjIiwidWlkIjoiMjk2Yjg3MjQtODM5Zi00MjY3LWIyYTQtNGYzYTg0ZWQ5MDFjIiwiZXhwIjoxNzYxMTU1NzQzLCJpYXQiOjE3NjExMzQxNDN9.6RH835KoMycI-UMZf8oj4OqAWQgo-UWN2TSGocAIOes;Path=/;Max-Age=21600;Secure;HttpOnly;Expires=22/10/25, 5:55 pm;SameSite=Lax
2025-10-22 17:25:43 [main] INFO  Log:33 - Current cookies being sent: 
2025-10-22 17:25:43 [main] INFO  Log:33 - Current cookies being sent: 
2025-10-22 17:25:43 [main] INFO  Log:33 - Current cookies being sent: 
2025-10-22 17:25:43 [main] INFO  Log:33 - Current cookies being sent: 
2025-10-22 17:25:44 [main] INFO  Log:33 - Current cookies being sent: 
2025-10-22 17:25:44 [main] INFO  Log:33 - Current cookies being sent: 
2025-10-22 17:25:44 [main] INFO  Log:33 - Current cookies being sent: 
2025-10-22 17:25:45 [main] INFO  Log:33 - Current cookies being sent: 
2025-10-22 17:25:45 [main] INFO  Log:33 - Current cookies being sent: 
2025-10-22 17:25:45 [main] INFO  Log:33 - Current cookies being sent: 
2025-10-22 17:25:45 [main] INFO  Log:33 - Current cookies being sent: 
2025-10-22 17:25:45 [main] INFO  Log:33 - Current cookies being sent: 
2025-10-22 17:25:46 [main] INFO  Log:33 - Current cookies being sent: 
2025-10-22 17:25:46 [main] INFO  Log:33 - Current cookies being sent: 
2025-10-22 17:25:46 [main] INFO  Log:33 - Current cookies being sent: 
2025-10-22 17:25:46 [main] INFO  Log:33 - Current cookies being sent: 
2025-10-22 17:25:46 [main] INFO  Log:33 - Current cookies being sent: 
2025-10-22 17:25:47 [main] INFO  Log:33 - Current cookies being sent: 
2025-10-22 17:25:47 [main] INFO  Log:33 - Current cookies being sent: 
2025-10-22 17:25:47 [main] INFO  Log:33 - Current cookies being sent: 
2025-10-22 17:25:47 [main] INFO  Log:33 - Current cookies being sent: 
2025-10-22 17:25:47 [main] INFO  Log:33 - Current cookies being sent: 
2025-10-22 17:25:47 [main] INFO  Log:33 - Cookies:auth_token=eyJhbGciOiJIUzI1NiIsInR5cCI6IkpXVCJ9.eyJzaWQiOiIyNjllNDEyZjc3ZDY0MzY4OThmNjU0NjA3MTc1ZmE2ZSIsImF0ayI6ImVhZjg4OTRmZWJlMTQ2MTJiYWM3ZDVhMTQwYzVjM2ZjIiwidWlkIjoiMjk2Yjg3MjQtODM5Zi00MjY3LWIyYTQtNGYzYTg0ZWQ5MDFjIiwiZXhwIjoxNzYxMTU1NzQzLCJpYXQiOjE3NjExMzQxNDN9.6RH835KoMycI-UMZf8oj4OqAWQgo-UWN2TSGocAIOes;Path=/;Max-Age=21600;Secure;HttpOnly;Expires=22/10/25, 5:55 pm;SameSite=Lax
2025-10-22 17:31:25 [main] INFO  Log:33 - Current cookies being sent: 
2025-10-22 17:31:27 [main] INFO  Log:33 - Current cookies being sent: 
2025-10-22 17:31:27 [main] INFO  Log:33 - Current cookies being sent: 
2025-10-22 17:31:28 [main] INFO  Log:33 - Current cookies being sent: 
2025-10-22 17:31:28 [main] INFO  Log:33 - Current cookies being sent: 
2025-10-22 17:31:28 [main] INFO  Log:33 - Current cookies being sent: 
2025-10-22 17:31:28 [main] INFO  Log:33 - Current cookies being sent: 
2025-10-22 17:31:28 [main] INFO  Log:33 - Current cookies being sent: 
2025-10-22 17:31:29 [main] INFO  Log:33 - Current cookies being sent: 
2025-10-22 17:31:29 [main] INFO  Log:33 - Current cookies being sent: 
2025-10-22 17:31:29 [main] INFO  Log:33 - Current cookies being sent: 
2025-10-22 17:31:29 [main] INFO  Log:33 - Current cookies being sent: 
2025-10-22 17:31:29 [main] INFO  Log:33 - Current cookies being sent: 
2025-10-22 17:31:31 [main] INFO  Log:33 - Current cookies being sent: 
2025-10-22 17:31:31 [main] INFO  Log:33 - Current cookies being sent: 
2025-10-22 17:31:32 [main] INFO  Log:33 - Current cookies being sent: 
2025-10-22 17:31:32 [main] INFO  Log:33 - Current cookies being sent: 
2025-10-22 17:31:33 [main] INFO  Log:33 - Current cookies being sent: 
2025-10-22 17:31:34 [main] INFO  Log:33 - Current cookies being sent: 
2025-10-22 17:31:35 [main] INFO  Log:33 - Current cookies being sent: 
2025-10-22 17:31:36 [main] INFO  Log:33 - Current cookies being sent: 
2025-10-22 17:31:36 [main] INFO  Log:33 - Current cookies being sent: 
2025-10-22 17:31:36 [main] INFO  Log:33 - Current cookies being sent: 
2025-10-22 17:31:37 [main] INFO  Log:33 - Current cookies being sent: 
2025-10-22 17:31:37 [main] INFO  Log:33 - Current cookies being sent: 
2025-10-22 17:31:41 [main] INFO  Log:33 - Current cookies being sent: 
2025-10-22 17:31:41 [main] INFO  Log:33 - Current cookies being sent: 
2025-10-22 17:31:41 [main] INFO  Log:33 - Current cookies being sent: 
2025-10-22 17:31:41 [main] INFO  Log:33 - Current cookies being sent: 
2025-10-22 17:31:42 [main] INFO  Log:33 - Current cookies being sent: 
2025-10-22 17:31:42 [main] INFO  Log:33 - Current cookies being sent: 
2025-10-22 17:31:42 [main] INFO  Log:33 - Current cookies being sent: 
2025-10-22 17:31:42 [main] INFO  Log:33 - Current cookies being sent: 
2025-10-22 17:31:42 [main] INFO  Log:33 - Current cookies being sent: 
2025-10-22 17:31:42 [main] INFO  Log:33 - Current cookies being sent: 
2025-10-22 17:31:43 [main] INFO  Log:33 - Current cookies being sent: 
2025-10-22 17:31:43 [main] INFO  Log:33 - Current cookies being sent: 
2025-10-22 17:31:43 [main] INFO  Log:33 - Current cookies being sent: 
2025-10-22 17:31:43 [main] INFO  Log:33 - Current cookies being sent: 
2025-10-22 17:31:43 [main] INFO  Log:33 - Current cookies being sent: 
2025-10-22 17:31:43 [main] INFO  Log:33 - Current cookies being sent: 
2025-10-22 17:31:44 [main] INFO  Log:33 - Current cookies being sent: 
2025-10-22 17:31:44 [main] INFO  Log:33 - Current cookies being sent: 
2025-10-22 17:31:44 [main] INFO  Log:33 - Current cookies being sent: 
2025-10-22 17:31:44 [main] INFO  Log:33 - Current cookies being sent: 
2025-10-22 17:31:44 [main] INFO  Log:33 - Current cookies being sent: 
2025-10-22 17:31:45 [main] INFO  Log:33 - Current cookies being sent: 
2025-10-22 17:31:46 [main] INFO  Log:33 - authorization_token: eyJhbGciOiJIUzI1NiIsInR5cCI6IkpXVCJ9.eyJzaWQiOiIxMzgzOTYxNmJlMDA0MjViOWIwYTMzMzkxNDQ3ZWM3ZSIsImF0ayI6ImE5ZjhkOTg4M2RiMjQ3NDNhYzI0YjVkZTU5ZTg4MWU3IiwiZXhwIjoxNzYxMTM1MTA2LCJpYXQiOjE3NjExMzQ1MDZ9.G4BVrjLuNbOPcprIIs4iUBNPInyjg6gQhgvpHgNLQTk
2025-10-22 17:31:46 [main] INFO  Log:33 - Current cookies being sent: 
2025-10-22 17:31:46 [main] INFO  Log:33 - stored cookie: auth_token=eyJhbGciOiJIUzI1NiIsInR5cCI6IkpXVCJ9.eyJzaWQiOiIxMzgzOTYxNmJlMDA0MjViOWIwYTMzMzkxNDQ3ZWM3ZSIsImF0ayI6ImU5YWMyZjI5YzJiZDQ3MWE5MDg5ZDcxZWYyMGRmMTViIiwidWlkIjoiMjk2Yjg3MjQtODM5Zi00MjY3LWIyYTQtNGYzYTg0ZWQ5MDFjIiwiZXhwIjoxNzYxMTU2MTA2LCJpYXQiOjE3NjExMzQ1MDZ9.FTSOUbY0mSqTNtwgwYDFJnoUWiK5o7PMGzo5lPsR5Dw;Path=/;Max-Age=21600;Secure;HttpOnly;Expires=22/10/25, 6:01 pm;SameSite=Lax
2025-10-22 17:31:46 [main] INFO  Log:33 - authorization_token: null
2025-10-22 17:31:46 [main] INFO  Log:33 - Current cookies being sent: auth_token=eyJhbGciOiJIUzI1NiIsInR5cCI6IkpXVCJ9.eyJzaWQiOiIxMzgzOTYxNmJlMDA0MjViOWIwYTMzMzkxNDQ3ZWM3ZSIsImF0ayI6ImU5YWMyZjI5YzJiZDQ3MWE5MDg5ZDcxZWYyMGRmMTViIiwidWlkIjoiMjk2Yjg3MjQtODM5Zi00MjY3LWIyYTQtNGYzYTg0ZWQ5MDFjIiwiZXhwIjoxNzYxMTU2MTA2LCJpYXQiOjE3NjExMzQ1MDZ9.FTSOUbY0mSqTNtwgwYDFJnoUWiK5o7PMGzo5lPsR5Dw;Path=/;Max-Age=21600;Secure;HttpOnly;Expires=22/10/25, 6:01 pm;SameSite=Lax
2025-10-22 17:31:47 [main] INFO  Log:33 - Current cookies being sent: auth_token=eyJhbGciOiJIUzI1NiIsInR5cCI6IkpXVCJ9.eyJzaWQiOiIxMzgzOTYxNmJlMDA0MjViOWIwYTMzMzkxNDQ3ZWM3ZSIsImF0ayI6ImU5YWMyZjI5YzJiZDQ3MWE5MDg5ZDcxZWYyMGRmMTViIiwidWlkIjoiMjk2Yjg3MjQtODM5Zi00MjY3LWIyYTQtNGYzYTg0ZWQ5MDFjIiwiZXhwIjoxNzYxMTU2MTA2LCJpYXQiOjE3NjExMzQ1MDZ9.FTSOUbY0mSqTNtwgwYDFJnoUWiK5o7PMGzo5lPsR5Dw;Path=/;Max-Age=21600;Secure;HttpOnly;Expires=22/10/25, 6:01 pm;SameSite=Lax
2025-10-22 17:31:52 [main] INFO  Log:33 - authorization_token: eyJhbGciOiJIUzI1NiIsInR5cCI6IkpXVCJ9.eyJzaWQiOiI0OTNmNWI1ZTIyYzM0MjI0YjFhODk0ZWY3MmIyYTFlOCIsImF0ayI6Ijg0YWI1ZmY1MmMyYzQ2Y2E4YTg2NThkMTE2Zjg5ZmVhIiwiZXhwIjoxNzYxMTM1MTA4LCJpYXQiOjE3NjExMzQ1MDh9.QLstYD2I98cHHaV2IfqM8QfKfJS7hEsnxR6GcgliFUs
2025-10-22 17:31:52 [main] INFO  Log:33 - Current cookies being sent: auth_token=eyJhbGciOiJIUzI1NiIsInR5cCI6IkpXVCJ9.eyJzaWQiOiIxMzgzOTYxNmJlMDA0MjViOWIwYTMzMzkxNDQ3ZWM3ZSIsImF0ayI6ImU5YWMyZjI5YzJiZDQ3MWE5MDg5ZDcxZWYyMGRmMTViIiwidWlkIjoiMjk2Yjg3MjQtODM5Zi00MjY3LWIyYTQtNGYzYTg0ZWQ5MDFjIiwiZXhwIjoxNzYxMTU2MTA2LCJpYXQiOjE3NjExMzQ1MDZ9.FTSOUbY0mSqTNtwgwYDFJnoUWiK5o7PMGzo5lPsR5Dw;Path=/;Max-Age=21600;Secure;HttpOnly;Expires=22/10/25, 6:01 pm;SameSite=Lax
2025-10-22 17:31:52 [main] INFO  Log:33 - stored cookie: auth_token=eyJhbGciOiJIUzI1NiIsInR5cCI6IkpXVCJ9.eyJzaWQiOiI0OTNmNWI1ZTIyYzM0MjI0YjFhODk0ZWY3MmIyYTFlOCIsImF0ayI6IjViYzBkNjRlMGNjNjQ4YWVhN2IxYmJmNTNhZTM0ZWQ5IiwidWlkIjoiMjk2Yjg3MjQtODM5Zi00MjY3LWIyYTQtNGYzYTg0ZWQ5MDFjIiwiZXhwIjoxNzYxMTU2MTEyLCJpYXQiOjE3NjExMzQ1MTJ9.yRQyOtP6RKhhkgGpT6N-X_55QaJvGxc6Y6HxIRovP9g;Path=/;Max-Age=21600;Secure;HttpOnly;Expires=22/10/25, 6:01 pm;SameSite=Lax
2025-10-22 17:31:52 [main] INFO  Log:33 - Current cookies being sent: auth_token=eyJhbGciOiJIUzI1NiIsInR5cCI6IkpXVCJ9.eyJzaWQiOiI0OTNmNWI1ZTIyYzM0MjI0YjFhODk0ZWY3MmIyYTFlOCIsImF0ayI6IjViYzBkNjRlMGNjNjQ4YWVhN2IxYmJmNTNhZTM0ZWQ5IiwidWlkIjoiMjk2Yjg3MjQtODM5Zi00MjY3LWIyYTQtNGYzYTg0ZWQ5MDFjIiwiZXhwIjoxNzYxMTU2MTEyLCJpYXQiOjE3NjExMzQ1MTJ9.yRQyOtP6RKhhkgGpT6N-X_55QaJvGxc6Y6HxIRovP9g;Path=/;Max-Age=21600;Secure;HttpOnly;Expires=22/10/25, 6:01 pm;SameSite=Lax
2025-10-22 17:31:52 [main] INFO  Log:33 - Current cookies being sent: auth_token=eyJhbGciOiJIUzI1NiIsInR5cCI6IkpXVCJ9.eyJzaWQiOiI0OTNmNWI1ZTIyYzM0MjI0YjFhODk0ZWY3MmIyYTFlOCIsImF0ayI6IjViYzBkNjRlMGNjNjQ4YWVhN2IxYmJmNTNhZTM0ZWQ5IiwidWlkIjoiMjk2Yjg3MjQtODM5Zi00MjY3LWIyYTQtNGYzYTg0ZWQ5MDFjIiwiZXhwIjoxNzYxMTU2MTEyLCJpYXQiOjE3NjExMzQ1MTJ9.yRQyOtP6RKhhkgGpT6N-X_55QaJvGxc6Y6HxIRovP9g;Path=/;Max-Age=21600;Secure;HttpOnly;Expires=22/10/25, 6:01 pm;SameSite=Lax
2025-10-22 17:31:53 [main] INFO  Log:33 - Current cookies being sent: auth_token=eyJhbGciOiJIUzI1NiIsInR5cCI6IkpXVCJ9.eyJzaWQiOiI0OTNmNWI1ZTIyYzM0MjI0YjFhODk0ZWY3MmIyYTFlOCIsImF0ayI6IjViYzBkNjRlMGNjNjQ4YWVhN2IxYmJmNTNhZTM0ZWQ5IiwidWlkIjoiMjk2Yjg3MjQtODM5Zi00MjY3LWIyYTQtNGYzYTg0ZWQ5MDFjIiwiZXhwIjoxNzYxMTU2MTEyLCJpYXQiOjE3NjExMzQ1MTJ9.yRQyOtP6RKhhkgGpT6N-X_55QaJvGxc6Y6HxIRovP9g;Path=/;Max-Age=21600;Secure;HttpOnly;Expires=22/10/25, 6:01 pm;SameSite=Lax
2025-10-22 17:31:53 [main] INFO  Log:33 - Current cookies being sent: auth_token=eyJhbGciOiJIUzI1NiIsInR5cCI6IkpXVCJ9.eyJzaWQiOiI0OTNmNWI1ZTIyYzM0MjI0YjFhODk0ZWY3MmIyYTFlOCIsImF0ayI6IjViYzBkNjRlMGNjNjQ4YWVhN2IxYmJmNTNhZTM0ZWQ5IiwidWlkIjoiMjk2Yjg3MjQtODM5Zi00MjY3LWIyYTQtNGYzYTg0ZWQ5MDFjIiwiZXhwIjoxNzYxMTU2MTEyLCJpYXQiOjE3NjExMzQ1MTJ9.yRQyOtP6RKhhkgGpT6N-X_55QaJvGxc6Y6HxIRovP9g;Path=/;Max-Age=21600;Secure;HttpOnly;Expires=22/10/25, 6:01 pm;SameSite=Lax
2025-10-22 17:31:54 [main] INFO  Log:33 - Current cookies being sent: auth_token=eyJhbGciOiJIUzI1NiIsInR5cCI6IkpXVCJ9.eyJzaWQiOiI0OTNmNWI1ZTIyYzM0MjI0YjFhODk0ZWY3MmIyYTFlOCIsImF0ayI6IjViYzBkNjRlMGNjNjQ4YWVhN2IxYmJmNTNhZTM0ZWQ5IiwidWlkIjoiMjk2Yjg3MjQtODM5Zi00MjY3LWIyYTQtNGYzYTg0ZWQ5MDFjIiwiZXhwIjoxNzYxMTU2MTEyLCJpYXQiOjE3NjExMzQ1MTJ9.yRQyOtP6RKhhkgGpT6N-X_55QaJvGxc6Y6HxIRovP9g;Path=/;Max-Age=21600;Secure;HttpOnly;Expires=22/10/25, 6:01 pm;SameSite=Lax
2025-10-22 17:31:54 [main] INFO  Log:33 - Current cookies being sent: auth_token=eyJhbGciOiJIUzI1NiIsInR5cCI6IkpXVCJ9.eyJzaWQiOiI0OTNmNWI1ZTIyYzM0MjI0YjFhODk0ZWY3MmIyYTFlOCIsImF0ayI6IjViYzBkNjRlMGNjNjQ4YWVhN2IxYmJmNTNhZTM0ZWQ5IiwidWlkIjoiMjk2Yjg3MjQtODM5Zi00MjY3LWIyYTQtNGYzYTg0ZWQ5MDFjIiwiZXhwIjoxNzYxMTU2MTEyLCJpYXQiOjE3NjExMzQ1MTJ9.yRQyOtP6RKhhkgGpT6N-X_55QaJvGxc6Y6HxIRovP9g;Path=/;Max-Age=21600;Secure;HttpOnly;Expires=22/10/25, 6:01 pm;SameSite=Lax
2025-10-22 17:31:54 [main] INFO  Log:33 - Current cookies being sent: auth_token=eyJhbGciOiJIUzI1NiIsInR5cCI6IkpXVCJ9.eyJzaWQiOiI0OTNmNWI1ZTIyYzM0MjI0YjFhODk0ZWY3MmIyYTFlOCIsImF0ayI6IjViYzBkNjRlMGNjNjQ4YWVhN2IxYmJmNTNhZTM0ZWQ5IiwidWlkIjoiMjk2Yjg3MjQtODM5Zi00MjY3LWIyYTQtNGYzYTg0ZWQ5MDFjIiwiZXhwIjoxNzYxMTU2MTEyLCJpYXQiOjE3NjExMzQ1MTJ9.yRQyOtP6RKhhkgGpT6N-X_55QaJvGxc6Y6HxIRovP9g;Path=/;Max-Age=21600;Secure;HttpOnly;Expires=22/10/25, 6:01 pm;SameSite=Lax
2025-10-22 17:31:55 [main] INFO  Log:33 - Current cookies being sent: auth_token=eyJhbGciOiJIUzI1NiIsInR5cCI6IkpXVCJ9.eyJzaWQiOiI0OTNmNWI1ZTIyYzM0MjI0YjFhODk0ZWY3MmIyYTFlOCIsImF0ayI6IjViYzBkNjRlMGNjNjQ4YWVhN2IxYmJmNTNhZTM0ZWQ5IiwidWlkIjoiMjk2Yjg3MjQtODM5Zi00MjY3LWIyYTQtNGYzYTg0ZWQ5MDFjIiwiZXhwIjoxNzYxMTU2MTEyLCJpYXQiOjE3NjExMzQ1MTJ9.yRQyOtP6RKhhkgGpT6N-X_55QaJvGxc6Y6HxIRovP9g;Path=/;Max-Age=21600;Secure;HttpOnly;Expires=22/10/25, 6:01 pm;SameSite=Lax
2025-10-22 17:31:55 [main] INFO  Log:33 - Current cookies being sent: auth_token=eyJhbGciOiJIUzI1NiIsInR5cCI6IkpXVCJ9.eyJzaWQiOiI0OTNmNWI1ZTIyYzM0MjI0YjFhODk0ZWY3MmIyYTFlOCIsImF0ayI6IjViYzBkNjRlMGNjNjQ4YWVhN2IxYmJmNTNhZTM0ZWQ5IiwidWlkIjoiMjk2Yjg3MjQtODM5Zi00MjY3LWIyYTQtNGYzYTg0ZWQ5MDFjIiwiZXhwIjoxNzYxMTU2MTEyLCJpYXQiOjE3NjExMzQ1MTJ9.yRQyOtP6RKhhkgGpT6N-X_55QaJvGxc6Y6HxIRovP9g;Path=/;Max-Age=21600;Secure;HttpOnly;Expires=22/10/25, 6:01 pm;SameSite=Lax
2025-10-22 17:31:56 [main] INFO  Log:33 - Current cookies being sent: auth_token=eyJhbGciOiJIUzI1NiIsInR5cCI6IkpXVCJ9.eyJzaWQiOiI0OTNmNWI1ZTIyYzM0MjI0YjFhODk0ZWY3MmIyYTFlOCIsImF0ayI6IjViYzBkNjRlMGNjNjQ4YWVhN2IxYmJmNTNhZTM0ZWQ5IiwidWlkIjoiMjk2Yjg3MjQtODM5Zi00MjY3LWIyYTQtNGYzYTg0ZWQ5MDFjIiwiZXhwIjoxNzYxMTU2MTEyLCJpYXQiOjE3NjExMzQ1MTJ9.yRQyOtP6RKhhkgGpT6N-X_55QaJvGxc6Y6HxIRovP9g;Path=/;Max-Age=21600;Secure;HttpOnly;Expires=22/10/25, 6:01 pm;SameSite=Lax
2025-10-22 17:31:56 [main] INFO  Log:33 - Current cookies being sent: auth_token=eyJhbGciOiJIUzI1NiIsInR5cCI6IkpXVCJ9.eyJzaWQiOiI0OTNmNWI1ZTIyYzM0MjI0YjFhODk0ZWY3MmIyYTFlOCIsImF0ayI6IjViYzBkNjRlMGNjNjQ4YWVhN2IxYmJmNTNhZTM0ZWQ5IiwidWlkIjoiMjk2Yjg3MjQtODM5Zi00MjY3LWIyYTQtNGYzYTg0ZWQ5MDFjIiwiZXhwIjoxNzYxMTU2MTEyLCJpYXQiOjE3NjExMzQ1MTJ9.yRQyOtP6RKhhkgGpT6N-X_55QaJvGxc6Y6HxIRovP9g;Path=/;Max-Age=21600;Secure;HttpOnly;Expires=22/10/25, 6:01 pm;SameSite=Lax
2025-10-22 17:31:56 [main] INFO  Log:33 - Current cookies being sent: auth_token=eyJhbGciOiJIUzI1NiIsInR5cCI6IkpXVCJ9.eyJzaWQiOiI0OTNmNWI1ZTIyYzM0MjI0YjFhODk0ZWY3MmIyYTFlOCIsImF0ayI6IjViYzBkNjRlMGNjNjQ4YWVhN2IxYmJmNTNhZTM0ZWQ5IiwidWlkIjoiMjk2Yjg3MjQtODM5Zi00MjY3LWIyYTQtNGYzYTg0ZWQ5MDFjIiwiZXhwIjoxNzYxMTU2MTEyLCJpYXQiOjE3NjExMzQ1MTJ9.yRQyOtP6RKhhkgGpT6N-X_55QaJvGxc6Y6HxIRovP9g;Path=/;Max-Age=21600;Secure;HttpOnly;Expires=22/10/25, 6:01 pm;SameSite=Lax
2025-10-22 17:31:56 [main] INFO  Log:33 - Current cookies being sent: auth_token=eyJhbGciOiJIUzI1NiIsInR5cCI6IkpXVCJ9.eyJzaWQiOiI0OTNmNWI1ZTIyYzM0MjI0YjFhODk0ZWY3MmIyYTFlOCIsImF0ayI6IjViYzBkNjRlMGNjNjQ4YWVhN2IxYmJmNTNhZTM0ZWQ5IiwidWlkIjoiMjk2Yjg3MjQtODM5Zi00MjY3LWIyYTQtNGYzYTg0ZWQ5MDFjIiwiZXhwIjoxNzYxMTU2MTEyLCJpYXQiOjE3NjExMzQ1MTJ9.yRQyOtP6RKhhkgGpT6N-X_55QaJvGxc6Y6HxIRovP9g;Path=/;Max-Age=21600;Secure;HttpOnly;Expires=22/10/25, 6:01 pm;SameSite=Lax
2025-10-22 17:31:57 [main] INFO  Log:33 - Current cookies being sent: auth_token=eyJhbGciOiJIUzI1NiIsInR5cCI6IkpXVCJ9.eyJzaWQiOiI0OTNmNWI1ZTIyYzM0MjI0YjFhODk0ZWY3MmIyYTFlOCIsImF0ayI6IjViYzBkNjRlMGNjNjQ4YWVhN2IxYmJmNTNhZTM0ZWQ5IiwidWlkIjoiMjk2Yjg3MjQtODM5Zi00MjY3LWIyYTQtNGYzYTg0ZWQ5MDFjIiwiZXhwIjoxNzYxMTU2MTEyLCJpYXQiOjE3NjExMzQ1MTJ9.yRQyOtP6RKhhkgGpT6N-X_55QaJvGxc6Y6HxIRovP9g;Path=/;Max-Age=21600;Secure;HttpOnly;Expires=22/10/25, 6:01 pm;SameSite=Lax
2025-10-22 17:31:57 [main] INFO  Log:33 - Current cookies being sent: auth_token=eyJhbGciOiJIUzI1NiIsInR5cCI6IkpXVCJ9.eyJzaWQiOiI0OTNmNWI1ZTIyYzM0MjI0YjFhODk0ZWY3MmIyYTFlOCIsImF0ayI6IjViYzBkNjRlMGNjNjQ4YWVhN2IxYmJmNTNhZTM0ZWQ5IiwidWlkIjoiMjk2Yjg3MjQtODM5Zi00MjY3LWIyYTQtNGYzYTg0ZWQ5MDFjIiwiZXhwIjoxNzYxMTU2MTEyLCJpYXQiOjE3NjExMzQ1MTJ9.yRQyOtP6RKhhkgGpT6N-X_55QaJvGxc6Y6HxIRovP9g;Path=/;Max-Age=21600;Secure;HttpOnly;Expires=22/10/25, 6:01 pm;SameSite=Lax
2025-10-22 17:31:57 [main] INFO  Log:33 - Current cookies being sent: auth_token=eyJhbGciOiJIUzI1NiIsInR5cCI6IkpXVCJ9.eyJzaWQiOiI0OTNmNWI1ZTIyYzM0MjI0YjFhODk0ZWY3MmIyYTFlOCIsImF0ayI6IjViYzBkNjRlMGNjNjQ4YWVhN2IxYmJmNTNhZTM0ZWQ5IiwidWlkIjoiMjk2Yjg3MjQtODM5Zi00MjY3LWIyYTQtNGYzYTg0ZWQ5MDFjIiwiZXhwIjoxNzYxMTU2MTEyLCJpYXQiOjE3NjExMzQ1MTJ9.yRQyOtP6RKhhkgGpT6N-X_55QaJvGxc6Y6HxIRovP9g;Path=/;Max-Age=21600;Secure;HttpOnly;Expires=22/10/25, 6:01 pm;SameSite=Lax
2025-10-22 17:31:58 [main] INFO  Log:33 - Current cookies being sent: auth_token=eyJhbGciOiJIUzI1NiIsInR5cCI6IkpXVCJ9.eyJzaWQiOiI0OTNmNWI1ZTIyYzM0MjI0YjFhODk0ZWY3MmIyYTFlOCIsImF0ayI6IjViYzBkNjRlMGNjNjQ4YWVhN2IxYmJmNTNhZTM0ZWQ5IiwidWlkIjoiMjk2Yjg3MjQtODM5Zi00MjY3LWIyYTQtNGYzYTg0ZWQ5MDFjIiwiZXhwIjoxNzYxMTU2MTEyLCJpYXQiOjE3NjExMzQ1MTJ9.yRQyOtP6RKhhkgGpT6N-X_55QaJvGxc6Y6HxIRovP9g;Path=/;Max-Age=21600;Secure;HttpOnly;Expires=22/10/25, 6:01 pm;SameSite=Lax
2025-10-22 17:31:58 [main] INFO  Log:33 - Current cookies being sent: auth_token=eyJhbGciOiJIUzI1NiIsInR5cCI6IkpXVCJ9.eyJzaWQiOiI0OTNmNWI1ZTIyYzM0MjI0YjFhODk0ZWY3MmIyYTFlOCIsImF0ayI6IjViYzBkNjRlMGNjNjQ4YWVhN2IxYmJmNTNhZTM0ZWQ5IiwidWlkIjoiMjk2Yjg3MjQtODM5Zi00MjY3LWIyYTQtNGYzYTg0ZWQ5MDFjIiwiZXhwIjoxNzYxMTU2MTEyLCJpYXQiOjE3NjExMzQ1MTJ9.yRQyOtP6RKhhkgGpT6N-X_55QaJvGxc6Y6HxIRovP9g;Path=/;Max-Age=21600;Secure;HttpOnly;Expires=22/10/25, 6:01 pm;SameSite=Lax
2025-10-22 17:31:58 [main] INFO  Log:33 - Current cookies being sent: auth_token=eyJhbGciOiJIUzI1NiIsInR5cCI6IkpXVCJ9.eyJzaWQiOiI0OTNmNWI1ZTIyYzM0MjI0YjFhODk0ZWY3MmIyYTFlOCIsImF0ayI6IjViYzBkNjRlMGNjNjQ4YWVhN2IxYmJmNTNhZTM0ZWQ5IiwidWlkIjoiMjk2Yjg3MjQtODM5Zi00MjY3LWIyYTQtNGYzYTg0ZWQ5MDFjIiwiZXhwIjoxNzYxMTU2MTEyLCJpYXQiOjE3NjExMzQ1MTJ9.yRQyOtP6RKhhkgGpT6N-X_55QaJvGxc6Y6HxIRovP9g;Path=/;Max-Age=21600;Secure;HttpOnly;Expires=22/10/25, 6:01 pm;SameSite=Lax
2025-10-22 17:31:58 [main] INFO  Log:33 - Current cookies being sent: auth_token=eyJhbGciOiJIUzI1NiIsInR5cCI6IkpXVCJ9.eyJzaWQiOiI0OTNmNWI1ZTIyYzM0MjI0YjFhODk0ZWY3MmIyYTFlOCIsImF0ayI6IjViYzBkNjRlMGNjNjQ4YWVhN2IxYmJmNTNhZTM0ZWQ5IiwidWlkIjoiMjk2Yjg3MjQtODM5Zi00MjY3LWIyYTQtNGYzYTg0ZWQ5MDFjIiwiZXhwIjoxNzYxMTU2MTEyLCJpYXQiOjE3NjExMzQ1MTJ9.yRQyOtP6RKhhkgGpT6N-X_55QaJvGxc6Y6HxIRovP9g;Path=/;Max-Age=21600;Secure;HttpOnly;Expires=22/10/25, 6:01 pm;SameSite=Lax
2025-10-22 17:31:59 [main] INFO  Log:33 - Current cookies being sent: auth_token=eyJhbGciOiJIUzI1NiIsInR5cCI6IkpXVCJ9.eyJzaWQiOiI0OTNmNWI1ZTIyYzM0MjI0YjFhODk0ZWY3MmIyYTFlOCIsImF0ayI6IjViYzBkNjRlMGNjNjQ4YWVhN2IxYmJmNTNhZTM0ZWQ5IiwidWlkIjoiMjk2Yjg3MjQtODM5Zi00MjY3LWIyYTQtNGYzYTg0ZWQ5MDFjIiwiZXhwIjoxNzYxMTU2MTEyLCJpYXQiOjE3NjExMzQ1MTJ9.yRQyOtP6RKhhkgGpT6N-X_55QaJvGxc6Y6HxIRovP9g;Path=/;Max-Age=21600;Secure;HttpOnly;Expires=22/10/25, 6:01 pm;SameSite=Lax
2025-10-22 17:31:59 [main] INFO  Log:33 - Current cookies being sent: auth_token=eyJhbGciOiJIUzI1NiIsInR5cCI6IkpXVCJ9.eyJzaWQiOiI0OTNmNWI1ZTIyYzM0MjI0YjFhODk0ZWY3MmIyYTFlOCIsImF0ayI6IjViYzBkNjRlMGNjNjQ4YWVhN2IxYmJmNTNhZTM0ZWQ5IiwidWlkIjoiMjk2Yjg3MjQtODM5Zi00MjY3LWIyYTQtNGYzYTg0ZWQ5MDFjIiwiZXhwIjoxNzYxMTU2MTEyLCJpYXQiOjE3NjExMzQ1MTJ9.yRQyOtP6RKhhkgGpT6N-X_55QaJvGxc6Y6HxIRovP9g;Path=/;Max-Age=21600;Secure;HttpOnly;Expires=22/10/25, 6:01 pm;SameSite=Lax
2025-10-22 17:31:59 [main] INFO  Log:33 - Cookies:auth_token=eyJhbGciOiJIUzI1NiIsInR5cCI6IkpXVCJ9.eyJzaWQiOiI0OTNmNWI1ZTIyYzM0MjI0YjFhODk0ZWY3MmIyYTFlOCIsImF0ayI6IjViYzBkNjRlMGNjNjQ4YWVhN2IxYmJmNTNhZTM0ZWQ5IiwidWlkIjoiMjk2Yjg3MjQtODM5Zi00MjY3LWIyYTQtNGYzYTg0ZWQ5MDFjIiwiZXhwIjoxNzYxMTU2MTEyLCJpYXQiOjE3NjExMzQ1MTJ9.yRQyOtP6RKhhkgGpT6N-X_55QaJvGxc6Y6HxIRovP9g;Path=/;Max-Age=21600;Secure;HttpOnly;Expires=22/10/25, 6:01 pm;SameSite=Lax
2025-10-23 09:57:46 [main] INFO  Log:33 - Current cookies being sent: 
2025-10-23 09:57:49 [main] INFO  Log:33 - Current cookies being sent: 
2025-10-23 09:57:50 [main] INFO  Log:33 - Current cookies being sent: 
2025-10-23 09:57:50 [main] INFO  Log:33 - Current cookies being sent: 
2025-10-23 09:57:50 [main] INFO  Log:33 - Current cookies being sent: 
2025-10-23 09:57:51 [main] INFO  Log:33 - Current cookies being sent: 
2025-10-23 09:57:51 [main] INFO  Log:33 - Current cookies being sent: 
2025-10-23 09:57:51 [main] INFO  Log:33 - Current cookies being sent: 
2025-10-23 09:57:51 [main] INFO  Log:33 - Current cookies being sent: 
2025-10-23 09:57:51 [main] INFO  Log:33 - Current cookies being sent: 
2025-10-23 09:57:52 [main] INFO  Log:33 - Current cookies being sent: 
2025-10-23 09:57:52 [main] INFO  Log:33 - Current cookies being sent: 
2025-10-23 09:57:52 [main] INFO  Log:33 - Current cookies being sent: 
2025-10-23 09:57:54 [main] INFO  Log:33 - Current cookies being sent: 
2025-10-23 09:57:54 [main] INFO  Log:33 - Current cookies being sent: 
2025-10-23 09:57:54 [main] INFO  Log:33 - Current cookies being sent: 
2025-10-23 09:57:55 [main] INFO  Log:33 - Current cookies being sent: 
2025-10-23 09:57:56 [main] INFO  Log:33 - Current cookies being sent: 
2025-10-23 09:57:57 [main] INFO  Log:33 - Current cookies being sent: 
2025-10-23 09:57:58 [main] INFO  Log:33 - Current cookies being sent: 
2025-10-23 09:57:59 [main] INFO  Log:33 - Current cookies being sent: 
2025-10-23 09:57:59 [main] INFO  Log:33 - Current cookies being sent: 
2025-10-23 09:57:59 [main] INFO  Log:33 - Current cookies being sent: 
2025-10-23 09:58:00 [main] INFO  Log:33 - Current cookies being sent: 
2025-10-23 09:58:05 [main] INFO  Log:39 - mail:laerrecl@mybizz.com
2025-10-23 09:58:05 [main] INFO  Log:33 - Current cookies being sent: 
2025-10-23 09:58:06 [main] INFO  Log:33 - Current cookies being sent: 
2025-10-23 09:58:10 [main] INFO  Log:33 - Current cookies being sent: 
2025-10-23 09:58:10 [main] INFO  Log:33 - Current cookies being sent: 
2025-10-23 09:58:10 [main] INFO  Log:33 - Current cookies being sent: 
2025-10-23 09:58:10 [main] INFO  Log:33 - Current cookies being sent: 
2025-10-23 09:58:10 [main] INFO  Log:33 - Current cookies being sent: 
2025-10-23 09:58:11 [main] INFO  Log:33 - Current cookies being sent: 
2025-10-23 09:58:11 [main] INFO  Log:33 - Current cookies being sent: 
2025-10-23 09:58:11 [main] INFO  Log:33 - Current cookies being sent: 
2025-10-23 09:58:11 [main] INFO  Log:33 - Current cookies being sent: 
2025-10-23 09:58:11 [main] INFO  Log:33 - Current cookies being sent: 
2025-10-23 09:58:11 [main] INFO  Log:33 - Current cookies being sent: 
2025-10-23 09:58:12 [main] INFO  Log:33 - Current cookies being sent: 
2025-10-23 09:58:12 [main] INFO  Log:33 - Current cookies being sent: 
2025-10-23 09:58:12 [main] INFO  Log:33 - Current cookies being sent: 
2025-10-23 09:58:12 [main] INFO  Log:33 - Current cookies being sent: 
2025-10-23 09:58:12 [main] INFO  Log:33 - Current cookies being sent: 
2025-10-23 09:58:13 [main] INFO  Log:33 - Current cookies being sent: 
2025-10-23 09:58:13 [main] INFO  Log:33 - Current cookies being sent: 
2025-10-23 09:58:13 [main] INFO  Log:33 - Current cookies being sent: 
2025-10-23 09:58:13 [main] INFO  Log:33 - Current cookies being sent: 
2025-10-23 09:58:13 [main] INFO  Log:33 - Current cookies being sent: 
2025-10-23 09:58:14 [main] INFO  Log:33 - Current cookies being sent: 
2025-10-23 09:58:15 [main] INFO  Log:33 - authorization_token: eyJhbGciOiJIUzI1NiIsInR5cCI6IkpXVCJ9.eyJzaWQiOiJmY2JlNTYxZTIzNjU0N2M1YmQzNjExM2Q5NjdlNDQ5ZSIsImF0ayI6ImJkZTc1NGZkNzNkODRjMWU5YzM4MGQyMzFhNDk3N2U0IiwiZXhwIjoxNzYxMTk0Mjk1LCJpYXQiOjE3NjExOTM2OTV9.GBldCGwCv6ibTB7gczM6ZPWgJubzh4LTDhNvApwSuDE
2025-10-23 09:58:15 [main] INFO  Log:33 - Current cookies being sent: 
2025-10-23 09:58:15 [main] INFO  Log:33 - stored cookie: auth_token=eyJhbGciOiJIUzI1NiIsInR5cCI6IkpXVCJ9.eyJzaWQiOiJmY2JlNTYxZTIzNjU0N2M1YmQzNjExM2Q5NjdlNDQ5ZSIsImF0ayI6IjU0OGRlZmZkNWYxMzRmNjI4Yjk0NGFmZmI2OWE4ZTk1IiwidWlkIjoiMjk2Yjg3MjQtODM5Zi00MjY3LWIyYTQtNGYzYTg0ZWQ5MDFjIiwiZXhwIjoxNzYxMjE1Mjk1LCJpYXQiOjE3NjExOTM2OTV9.XEnkN0wTEbhzkeU1jwX-fjzQxA3TPTAQ0j2yN5qtVe4;Path=/;Max-Age=21600;Secure;HttpOnly;Expires=23/10/25, 10:28 am;SameSite=Lax
2025-10-23 09:58:15 [main] INFO  Log:33 - authorization_token: null
2025-10-23 09:58:15 [main] INFO  Log:33 - Current cookies being sent: auth_token=eyJhbGciOiJIUzI1NiIsInR5cCI6IkpXVCJ9.eyJzaWQiOiJmY2JlNTYxZTIzNjU0N2M1YmQzNjExM2Q5NjdlNDQ5ZSIsImF0ayI6IjU0OGRlZmZkNWYxMzRmNjI4Yjk0NGFmZmI2OWE4ZTk1IiwidWlkIjoiMjk2Yjg3MjQtODM5Zi00MjY3LWIyYTQtNGYzYTg0ZWQ5MDFjIiwiZXhwIjoxNzYxMjE1Mjk1LCJpYXQiOjE3NjExOTM2OTV9.XEnkN0wTEbhzkeU1jwX-fjzQxA3TPTAQ0j2yN5qtVe4;Path=/;Max-Age=21600;Secure;HttpOnly;Expires=23/10/25, 10:28 am;SameSite=Lax
2025-10-23 09:58:16 [main] INFO  Log:33 - Current cookies being sent: auth_token=eyJhbGciOiJIUzI1NiIsInR5cCI6IkpXVCJ9.eyJzaWQiOiJmY2JlNTYxZTIzNjU0N2M1YmQzNjExM2Q5NjdlNDQ5ZSIsImF0ayI6IjU0OGRlZmZkNWYxMzRmNjI4Yjk0NGFmZmI2OWE4ZTk1IiwidWlkIjoiMjk2Yjg3MjQtODM5Zi00MjY3LWIyYTQtNGYzYTg0ZWQ5MDFjIiwiZXhwIjoxNzYxMjE1Mjk1LCJpYXQiOjE3NjExOTM2OTV9.XEnkN0wTEbhzkeU1jwX-fjzQxA3TPTAQ0j2yN5qtVe4;Path=/;Max-Age=21600;Secure;HttpOnly;Expires=23/10/25, 10:28 am;SameSite=Lax
2025-10-23 09:58:21 [main] INFO  Log:33 - authorization_token: eyJhbGciOiJIUzI1NiIsInR5cCI6IkpXVCJ9.eyJzaWQiOiJmYjU4NWYwMjJiNzY0NjQzODg4ZTFjNGQyZGYyOGU0OCIsImF0ayI6IjM3ZjhmYWRiODA3MTRjOGI5ZDQxMDJhN2IzYjY0MGRiIiwiZXhwIjoxNzYxMTk0Mjk3LCJpYXQiOjE3NjExOTM2OTd9.fJE8rzcH7iRZFGVJonmdFxunCuG_poMFWPxc0-kPGeI
2025-10-23 09:58:21 [main] INFO  Log:33 - Current cookies being sent: auth_token=eyJhbGciOiJIUzI1NiIsInR5cCI6IkpXVCJ9.eyJzaWQiOiJmY2JlNTYxZTIzNjU0N2M1YmQzNjExM2Q5NjdlNDQ5ZSIsImF0ayI6IjU0OGRlZmZkNWYxMzRmNjI4Yjk0NGFmZmI2OWE4ZTk1IiwidWlkIjoiMjk2Yjg3MjQtODM5Zi00MjY3LWIyYTQtNGYzYTg0ZWQ5MDFjIiwiZXhwIjoxNzYxMjE1Mjk1LCJpYXQiOjE3NjExOTM2OTV9.XEnkN0wTEbhzkeU1jwX-fjzQxA3TPTAQ0j2yN5qtVe4;Path=/;Max-Age=21600;Secure;HttpOnly;Expires=23/10/25, 10:28 am;SameSite=Lax
2025-10-23 09:58:22 [main] INFO  Log:33 - stored cookie: auth_token=eyJhbGciOiJIUzI1NiIsInR5cCI6IkpXVCJ9.eyJzaWQiOiJmYjU4NWYwMjJiNzY0NjQzODg4ZTFjNGQyZGYyOGU0OCIsImF0ayI6IjJkYjBmOGI1ZDczNjQyOWNhMjBiYmIzMzQ5YWNkNzUxIiwidWlkIjoiMjk2Yjg3MjQtODM5Zi00MjY3LWIyYTQtNGYzYTg0ZWQ5MDFjIiwiZXhwIjoxNzYxMjE1MzAxLCJpYXQiOjE3NjExOTM3MDF9.cGg-2oWHeYkNdePMOlUEMjxYeJxyePwaG6jgVpGlnVI;Path=/;Max-Age=21600;Secure;HttpOnly;Expires=23/10/25, 10:28 am;SameSite=Lax
2025-10-23 09:58:22 [main] INFO  Log:33 - Current cookies being sent: auth_token=eyJhbGciOiJIUzI1NiIsInR5cCI6IkpXVCJ9.eyJzaWQiOiJmYjU4NWYwMjJiNzY0NjQzODg4ZTFjNGQyZGYyOGU0OCIsImF0ayI6IjJkYjBmOGI1ZDczNjQyOWNhMjBiYmIzMzQ5YWNkNzUxIiwidWlkIjoiMjk2Yjg3MjQtODM5Zi00MjY3LWIyYTQtNGYzYTg0ZWQ5MDFjIiwiZXhwIjoxNzYxMjE1MzAxLCJpYXQiOjE3NjExOTM3MDF9.cGg-2oWHeYkNdePMOlUEMjxYeJxyePwaG6jgVpGlnVI;Path=/;Max-Age=21600;Secure;HttpOnly;Expires=23/10/25, 10:28 am;SameSite=Lax
2025-10-23 09:58:22 [main] INFO  Log:33 - Current cookies being sent: auth_token=eyJhbGciOiJIUzI1NiIsInR5cCI6IkpXVCJ9.eyJzaWQiOiJmYjU4NWYwMjJiNzY0NjQzODg4ZTFjNGQyZGYyOGU0OCIsImF0ayI6IjJkYjBmOGI1ZDczNjQyOWNhMjBiYmIzMzQ5YWNkNzUxIiwidWlkIjoiMjk2Yjg3MjQtODM5Zi00MjY3LWIyYTQtNGYzYTg0ZWQ5MDFjIiwiZXhwIjoxNzYxMjE1MzAxLCJpYXQiOjE3NjExOTM3MDF9.cGg-2oWHeYkNdePMOlUEMjxYeJxyePwaG6jgVpGlnVI;Path=/;Max-Age=21600;Secure;HttpOnly;Expires=23/10/25, 10:28 am;SameSite=Lax
2025-10-23 09:58:22 [main] INFO  Log:33 - Current cookies being sent: auth_token=eyJhbGciOiJIUzI1NiIsInR5cCI6IkpXVCJ9.eyJzaWQiOiJmYjU4NWYwMjJiNzY0NjQzODg4ZTFjNGQyZGYyOGU0OCIsImF0ayI6IjJkYjBmOGI1ZDczNjQyOWNhMjBiYmIzMzQ5YWNkNzUxIiwidWlkIjoiMjk2Yjg3MjQtODM5Zi00MjY3LWIyYTQtNGYzYTg0ZWQ5MDFjIiwiZXhwIjoxNzYxMjE1MzAxLCJpYXQiOjE3NjExOTM3MDF9.cGg-2oWHeYkNdePMOlUEMjxYeJxyePwaG6jgVpGlnVI;Path=/;Max-Age=21600;Secure;HttpOnly;Expires=23/10/25, 10:28 am;SameSite=Lax
2025-10-23 09:58:23 [main] INFO  Log:33 - Current cookies being sent: auth_token=eyJhbGciOiJIUzI1NiIsInR5cCI6IkpXVCJ9.eyJzaWQiOiJmYjU4NWYwMjJiNzY0NjQzODg4ZTFjNGQyZGYyOGU0OCIsImF0ayI6IjJkYjBmOGI1ZDczNjQyOWNhMjBiYmIzMzQ5YWNkNzUxIiwidWlkIjoiMjk2Yjg3MjQtODM5Zi00MjY3LWIyYTQtNGYzYTg0ZWQ5MDFjIiwiZXhwIjoxNzYxMjE1MzAxLCJpYXQiOjE3NjExOTM3MDF9.cGg-2oWHeYkNdePMOlUEMjxYeJxyePwaG6jgVpGlnVI;Path=/;Max-Age=21600;Secure;HttpOnly;Expires=23/10/25, 10:28 am;SameSite=Lax
2025-10-23 09:58:23 [main] INFO  Log:33 - Current cookies being sent: auth_token=eyJhbGciOiJIUzI1NiIsInR5cCI6IkpXVCJ9.eyJzaWQiOiJmYjU4NWYwMjJiNzY0NjQzODg4ZTFjNGQyZGYyOGU0OCIsImF0ayI6IjJkYjBmOGI1ZDczNjQyOWNhMjBiYmIzMzQ5YWNkNzUxIiwidWlkIjoiMjk2Yjg3MjQtODM5Zi00MjY3LWIyYTQtNGYzYTg0ZWQ5MDFjIiwiZXhwIjoxNzYxMjE1MzAxLCJpYXQiOjE3NjExOTM3MDF9.cGg-2oWHeYkNdePMOlUEMjxYeJxyePwaG6jgVpGlnVI;Path=/;Max-Age=21600;Secure;HttpOnly;Expires=23/10/25, 10:28 am;SameSite=Lax
2025-10-23 09:58:24 [main] INFO  Log:33 - Current cookies being sent: auth_token=eyJhbGciOiJIUzI1NiIsInR5cCI6IkpXVCJ9.eyJzaWQiOiJmYjU4NWYwMjJiNzY0NjQzODg4ZTFjNGQyZGYyOGU0OCIsImF0ayI6IjJkYjBmOGI1ZDczNjQyOWNhMjBiYmIzMzQ5YWNkNzUxIiwidWlkIjoiMjk2Yjg3MjQtODM5Zi00MjY3LWIyYTQtNGYzYTg0ZWQ5MDFjIiwiZXhwIjoxNzYxMjE1MzAxLCJpYXQiOjE3NjExOTM3MDF9.cGg-2oWHeYkNdePMOlUEMjxYeJxyePwaG6jgVpGlnVI;Path=/;Max-Age=21600;Secure;HttpOnly;Expires=23/10/25, 10:28 am;SameSite=Lax
2025-10-23 09:58:24 [main] INFO  Log:33 - Current cookies being sent: auth_token=eyJhbGciOiJIUzI1NiIsInR5cCI6IkpXVCJ9.eyJzaWQiOiJmYjU4NWYwMjJiNzY0NjQzODg4ZTFjNGQyZGYyOGU0OCIsImF0ayI6IjJkYjBmOGI1ZDczNjQyOWNhMjBiYmIzMzQ5YWNkNzUxIiwidWlkIjoiMjk2Yjg3MjQtODM5Zi00MjY3LWIyYTQtNGYzYTg0ZWQ5MDFjIiwiZXhwIjoxNzYxMjE1MzAxLCJpYXQiOjE3NjExOTM3MDF9.cGg-2oWHeYkNdePMOlUEMjxYeJxyePwaG6jgVpGlnVI;Path=/;Max-Age=21600;Secure;HttpOnly;Expires=23/10/25, 10:28 am;SameSite=Lax
2025-10-23 09:58:24 [main] INFO  Log:33 - Current cookies being sent: auth_token=eyJhbGciOiJIUzI1NiIsInR5cCI6IkpXVCJ9.eyJzaWQiOiJmYjU4NWYwMjJiNzY0NjQzODg4ZTFjNGQyZGYyOGU0OCIsImF0ayI6IjJkYjBmOGI1ZDczNjQyOWNhMjBiYmIzMzQ5YWNkNzUxIiwidWlkIjoiMjk2Yjg3MjQtODM5Zi00MjY3LWIyYTQtNGYzYTg0ZWQ5MDFjIiwiZXhwIjoxNzYxMjE1MzAxLCJpYXQiOjE3NjExOTM3MDF9.cGg-2oWHeYkNdePMOlUEMjxYeJxyePwaG6jgVpGlnVI;Path=/;Max-Age=21600;Secure;HttpOnly;Expires=23/10/25, 10:28 am;SameSite=Lax
2025-10-23 09:58:25 [main] INFO  Log:33 - Current cookies being sent: auth_token=eyJhbGciOiJIUzI1NiIsInR5cCI6IkpXVCJ9.eyJzaWQiOiJmYjU4NWYwMjJiNzY0NjQzODg4ZTFjNGQyZGYyOGU0OCIsImF0ayI6IjJkYjBmOGI1ZDczNjQyOWNhMjBiYmIzMzQ5YWNkNzUxIiwidWlkIjoiMjk2Yjg3MjQtODM5Zi00MjY3LWIyYTQtNGYzYTg0ZWQ5MDFjIiwiZXhwIjoxNzYxMjE1MzAxLCJpYXQiOjE3NjExOTM3MDF9.cGg-2oWHeYkNdePMOlUEMjxYeJxyePwaG6jgVpGlnVI;Path=/;Max-Age=21600;Secure;HttpOnly;Expires=23/10/25, 10:28 am;SameSite=Lax
2025-10-23 09:58:25 [main] INFO  Log:33 - Current cookies being sent: auth_token=eyJhbGciOiJIUzI1NiIsInR5cCI6IkpXVCJ9.eyJzaWQiOiJmYjU4NWYwMjJiNzY0NjQzODg4ZTFjNGQyZGYyOGU0OCIsImF0ayI6IjJkYjBmOGI1ZDczNjQyOWNhMjBiYmIzMzQ5YWNkNzUxIiwidWlkIjoiMjk2Yjg3MjQtODM5Zi00MjY3LWIyYTQtNGYzYTg0ZWQ5MDFjIiwiZXhwIjoxNzYxMjE1MzAxLCJpYXQiOjE3NjExOTM3MDF9.cGg-2oWHeYkNdePMOlUEMjxYeJxyePwaG6jgVpGlnVI;Path=/;Max-Age=21600;Secure;HttpOnly;Expires=23/10/25, 10:28 am;SameSite=Lax
2025-10-23 09:58:26 [main] INFO  Log:33 - Current cookies being sent: auth_token=eyJhbGciOiJIUzI1NiIsInR5cCI6IkpXVCJ9.eyJzaWQiOiJmYjU4NWYwMjJiNzY0NjQzODg4ZTFjNGQyZGYyOGU0OCIsImF0ayI6IjJkYjBmOGI1ZDczNjQyOWNhMjBiYmIzMzQ5YWNkNzUxIiwidWlkIjoiMjk2Yjg3MjQtODM5Zi00MjY3LWIyYTQtNGYzYTg0ZWQ5MDFjIiwiZXhwIjoxNzYxMjE1MzAxLCJpYXQiOjE3NjExOTM3MDF9.cGg-2oWHeYkNdePMOlUEMjxYeJxyePwaG6jgVpGlnVI;Path=/;Max-Age=21600;Secure;HttpOnly;Expires=23/10/25, 10:28 am;SameSite=Lax
2025-10-23 09:58:26 [main] INFO  Log:33 - Current cookies being sent: auth_token=eyJhbGciOiJIUzI1NiIsInR5cCI6IkpXVCJ9.eyJzaWQiOiJmYjU4NWYwMjJiNzY0NjQzODg4ZTFjNGQyZGYyOGU0OCIsImF0ayI6IjJkYjBmOGI1ZDczNjQyOWNhMjBiYmIzMzQ5YWNkNzUxIiwidWlkIjoiMjk2Yjg3MjQtODM5Zi00MjY3LWIyYTQtNGYzYTg0ZWQ5MDFjIiwiZXhwIjoxNzYxMjE1MzAxLCJpYXQiOjE3NjExOTM3MDF9.cGg-2oWHeYkNdePMOlUEMjxYeJxyePwaG6jgVpGlnVI;Path=/;Max-Age=21600;Secure;HttpOnly;Expires=23/10/25, 10:28 am;SameSite=Lax
2025-10-23 09:58:26 [main] INFO  Log:33 - Current cookies being sent: auth_token=eyJhbGciOiJIUzI1NiIsInR5cCI6IkpXVCJ9.eyJzaWQiOiJmYjU4NWYwMjJiNzY0NjQzODg4ZTFjNGQyZGYyOGU0OCIsImF0ayI6IjJkYjBmOGI1ZDczNjQyOWNhMjBiYmIzMzQ5YWNkNzUxIiwidWlkIjoiMjk2Yjg3MjQtODM5Zi00MjY3LWIyYTQtNGYzYTg0ZWQ5MDFjIiwiZXhwIjoxNzYxMjE1MzAxLCJpYXQiOjE3NjExOTM3MDF9.cGg-2oWHeYkNdePMOlUEMjxYeJxyePwaG6jgVpGlnVI;Path=/;Max-Age=21600;Secure;HttpOnly;Expires=23/10/25, 10:28 am;SameSite=Lax
2025-10-23 09:58:27 [main] INFO  Log:33 - Current cookies being sent: auth_token=eyJhbGciOiJIUzI1NiIsInR5cCI6IkpXVCJ9.eyJzaWQiOiJmYjU4NWYwMjJiNzY0NjQzODg4ZTFjNGQyZGYyOGU0OCIsImF0ayI6IjJkYjBmOGI1ZDczNjQyOWNhMjBiYmIzMzQ5YWNkNzUxIiwidWlkIjoiMjk2Yjg3MjQtODM5Zi00MjY3LWIyYTQtNGYzYTg0ZWQ5MDFjIiwiZXhwIjoxNzYxMjE1MzAxLCJpYXQiOjE3NjExOTM3MDF9.cGg-2oWHeYkNdePMOlUEMjxYeJxyePwaG6jgVpGlnVI;Path=/;Max-Age=21600;Secure;HttpOnly;Expires=23/10/25, 10:28 am;SameSite=Lax
2025-10-23 09:58:27 [main] INFO  Log:33 - Current cookies being sent: auth_token=eyJhbGciOiJIUzI1NiIsInR5cCI6IkpXVCJ9.eyJzaWQiOiJmYjU4NWYwMjJiNzY0NjQzODg4ZTFjNGQyZGYyOGU0OCIsImF0ayI6IjJkYjBmOGI1ZDczNjQyOWNhMjBiYmIzMzQ5YWNkNzUxIiwidWlkIjoiMjk2Yjg3MjQtODM5Zi00MjY3LWIyYTQtNGYzYTg0ZWQ5MDFjIiwiZXhwIjoxNzYxMjE1MzAxLCJpYXQiOjE3NjExOTM3MDF9.cGg-2oWHeYkNdePMOlUEMjxYeJxyePwaG6jgVpGlnVI;Path=/;Max-Age=21600;Secure;HttpOnly;Expires=23/10/25, 10:28 am;SameSite=Lax
2025-10-23 09:58:28 [main] INFO  Log:33 - Current cookies being sent: auth_token=eyJhbGciOiJIUzI1NiIsInR5cCI6IkpXVCJ9.eyJzaWQiOiJmYjU4NWYwMjJiNzY0NjQzODg4ZTFjNGQyZGYyOGU0OCIsImF0ayI6IjJkYjBmOGI1ZDczNjQyOWNhMjBiYmIzMzQ5YWNkNzUxIiwidWlkIjoiMjk2Yjg3MjQtODM5Zi00MjY3LWIyYTQtNGYzYTg0ZWQ5MDFjIiwiZXhwIjoxNzYxMjE1MzAxLCJpYXQiOjE3NjExOTM3MDF9.cGg-2oWHeYkNdePMOlUEMjxYeJxyePwaG6jgVpGlnVI;Path=/;Max-Age=21600;Secure;HttpOnly;Expires=23/10/25, 10:28 am;SameSite=Lax
2025-10-23 09:58:28 [main] INFO  Log:33 - Current cookies being sent: auth_token=eyJhbGciOiJIUzI1NiIsInR5cCI6IkpXVCJ9.eyJzaWQiOiJmYjU4NWYwMjJiNzY0NjQzODg4ZTFjNGQyZGYyOGU0OCIsImF0ayI6IjJkYjBmOGI1ZDczNjQyOWNhMjBiYmIzMzQ5YWNkNzUxIiwidWlkIjoiMjk2Yjg3MjQtODM5Zi00MjY3LWIyYTQtNGYzYTg0ZWQ5MDFjIiwiZXhwIjoxNzYxMjE1MzAxLCJpYXQiOjE3NjExOTM3MDF9.cGg-2oWHeYkNdePMOlUEMjxYeJxyePwaG6jgVpGlnVI;Path=/;Max-Age=21600;Secure;HttpOnly;Expires=23/10/25, 10:28 am;SameSite=Lax
2025-10-23 09:58:28 [main] INFO  Log:33 - Current cookies being sent: auth_token=eyJhbGciOiJIUzI1NiIsInR5cCI6IkpXVCJ9.eyJzaWQiOiJmYjU4NWYwMjJiNzY0NjQzODg4ZTFjNGQyZGYyOGU0OCIsImF0ayI6IjJkYjBmOGI1ZDczNjQyOWNhMjBiYmIzMzQ5YWNkNzUxIiwidWlkIjoiMjk2Yjg3MjQtODM5Zi00MjY3LWIyYTQtNGYzYTg0ZWQ5MDFjIiwiZXhwIjoxNzYxMjE1MzAxLCJpYXQiOjE3NjExOTM3MDF9.cGg-2oWHeYkNdePMOlUEMjxYeJxyePwaG6jgVpGlnVI;Path=/;Max-Age=21600;Secure;HttpOnly;Expires=23/10/25, 10:28 am;SameSite=Lax
2025-10-23 09:58:29 [main] INFO  Log:33 - Current cookies being sent: auth_token=eyJhbGciOiJIUzI1NiIsInR5cCI6IkpXVCJ9.eyJzaWQiOiJmYjU4NWYwMjJiNzY0NjQzODg4ZTFjNGQyZGYyOGU0OCIsImF0ayI6IjJkYjBmOGI1ZDczNjQyOWNhMjBiYmIzMzQ5YWNkNzUxIiwidWlkIjoiMjk2Yjg3MjQtODM5Zi00MjY3LWIyYTQtNGYzYTg0ZWQ5MDFjIiwiZXhwIjoxNzYxMjE1MzAxLCJpYXQiOjE3NjExOTM3MDF9.cGg-2oWHeYkNdePMOlUEMjxYeJxyePwaG6jgVpGlnVI;Path=/;Max-Age=21600;Secure;HttpOnly;Expires=23/10/25, 10:28 am;SameSite=Lax
2025-10-23 09:58:29 [main] INFO  Log:33 - Current cookies being sent: auth_token=eyJhbGciOiJIUzI1NiIsInR5cCI6IkpXVCJ9.eyJzaWQiOiJmYjU4NWYwMjJiNzY0NjQzODg4ZTFjNGQyZGYyOGU0OCIsImF0ayI6IjJkYjBmOGI1ZDczNjQyOWNhMjBiYmIzMzQ5YWNkNzUxIiwidWlkIjoiMjk2Yjg3MjQtODM5Zi00MjY3LWIyYTQtNGYzYTg0ZWQ5MDFjIiwiZXhwIjoxNzYxMjE1MzAxLCJpYXQiOjE3NjExOTM3MDF9.cGg-2oWHeYkNdePMOlUEMjxYeJxyePwaG6jgVpGlnVI;Path=/;Max-Age=21600;Secure;HttpOnly;Expires=23/10/25, 10:28 am;SameSite=Lax
2025-10-23 09:58:29 [main] INFO  Log:33 - Current cookies being sent: auth_token=eyJhbGciOiJIUzI1NiIsInR5cCI6IkpXVCJ9.eyJzaWQiOiJmYjU4NWYwMjJiNzY0NjQzODg4ZTFjNGQyZGYyOGU0OCIsImF0ayI6IjJkYjBmOGI1ZDczNjQyOWNhMjBiYmIzMzQ5YWNkNzUxIiwidWlkIjoiMjk2Yjg3MjQtODM5Zi00MjY3LWIyYTQtNGYzYTg0ZWQ5MDFjIiwiZXhwIjoxNzYxMjE1MzAxLCJpYXQiOjE3NjExOTM3MDF9.cGg-2oWHeYkNdePMOlUEMjxYeJxyePwaG6jgVpGlnVI;Path=/;Max-Age=21600;Secure;HttpOnly;Expires=23/10/25, 10:28 am;SameSite=Lax
2025-10-23 09:58:30 [main] INFO  Log:33 - Current cookies being sent: auth_token=eyJhbGciOiJIUzI1NiIsInR5cCI6IkpXVCJ9.eyJzaWQiOiJmYjU4NWYwMjJiNzY0NjQzODg4ZTFjNGQyZGYyOGU0OCIsImF0ayI6IjJkYjBmOGI1ZDczNjQyOWNhMjBiYmIzMzQ5YWNkNzUxIiwidWlkIjoiMjk2Yjg3MjQtODM5Zi00MjY3LWIyYTQtNGYzYTg0ZWQ5MDFjIiwiZXhwIjoxNzYxMjE1MzAxLCJpYXQiOjE3NjExOTM3MDF9.cGg-2oWHeYkNdePMOlUEMjxYeJxyePwaG6jgVpGlnVI;Path=/;Max-Age=21600;Secure;HttpOnly;Expires=23/10/25, 10:28 am;SameSite=Lax
2025-10-23 09:58:30 [main] INFO  Log:33 - Cookies:auth_token=eyJhbGciOiJIUzI1NiIsInR5cCI6IkpXVCJ9.eyJzaWQiOiJmYjU4NWYwMjJiNzY0NjQzODg4ZTFjNGQyZGYyOGU0OCIsImF0ayI6IjJkYjBmOGI1ZDczNjQyOWNhMjBiYmIzMzQ5YWNkNzUxIiwidWlkIjoiMjk2Yjg3MjQtODM5Zi00MjY3LWIyYTQtNGYzYTg0ZWQ5MDFjIiwiZXhwIjoxNzYxMjE1MzAxLCJpYXQiOjE3NjExOTM3MDF9.cGg-2oWHeYkNdePMOlUEMjxYeJxyePwaG6jgVpGlnVI;Path=/;Max-Age=21600;Secure;HttpOnly;Expires=23/10/25, 10:28 am;SameSite=Lax
2025-10-23 10:23:07 [main] INFO  Log:33 - Current cookies being sent: 
2025-10-23 10:23:10 [main] INFO  Log:33 - Current cookies being sent: 
2025-10-23 10:23:10 [main] INFO  Log:33 - Current cookies being sent: 
2025-10-23 10:23:11 [main] INFO  Log:33 - Current cookies being sent: 
2025-10-23 10:23:11 [main] INFO  Log:33 - Current cookies being sent: 
2025-10-23 10:23:11 [main] INFO  Log:33 - Current cookies being sent: 
2025-10-23 10:23:11 [main] INFO  Log:33 - Current cookies being sent: 
2025-10-23 10:23:12 [main] INFO  Log:33 - Current cookies being sent: 
2025-10-23 10:23:12 [main] INFO  Log:33 - Current cookies being sent: 
2025-10-23 10:23:12 [main] INFO  Log:33 - Current cookies being sent: 
2025-10-23 10:23:13 [main] INFO  Log:33 - Current cookies being sent: 
2025-10-23 10:23:13 [main] INFO  Log:33 - Current cookies being sent: 
2025-10-23 10:23:13 [main] INFO  Log:33 - Current cookies being sent: 
2025-10-23 10:23:17 [main] INFO  Log:33 - Current cookies being sent: 
2025-10-23 10:23:17 [main] INFO  Log:33 - Current cookies being sent: 
2025-10-23 10:23:17 [main] INFO  Log:33 - Current cookies being sent: 
2025-10-23 10:23:18 [main] INFO  Log:33 - Current cookies being sent: 
2025-10-23 10:23:19 [main] INFO  Log:33 - Current cookies being sent: 
2025-10-23 10:23:20 [main] INFO  Log:33 - Current cookies being sent: 
2025-10-23 10:23:21 [main] INFO  Log:33 - Current cookies being sent: 
2025-10-23 10:23:22 [main] INFO  Log:33 - Current cookies being sent: 
2025-10-23 10:23:23 [main] INFO  Log:33 - Current cookies being sent: 
2025-10-23 10:23:23 [main] INFO  Log:33 - Current cookies being sent: 
2025-10-23 10:23:24 [main] INFO  Log:33 - Current cookies being sent: 
2025-10-23 10:23:29 [main] INFO  Log:33 - mail:qnkihufs@mybizz.com
2025-10-23 10:23:29 [main] INFO  Log:33 - password:J%o@1j$hudhf
2025-10-23 10:23:29 [main] INFO  Log:33 - Current cookies being sent: 
2025-10-23 10:23:30 [main] INFO  Log:33 - Current cookies being sent: 
2025-10-23 10:23:35 [main] INFO  Log:33 - Current cookies being sent: 
2025-10-23 10:23:36 [main] INFO  Log:33 - Current cookies being sent: 
2025-10-23 10:23:36 [main] INFO  Log:33 - Current cookies being sent: 
2025-10-23 10:23:36 [main] INFO  Log:33 - Current cookies being sent: 
2025-10-23 10:23:37 [main] INFO  Log:33 - Current cookies being sent: 
2025-10-23 10:23:37 [main] INFO  Log:33 - Current cookies being sent: 
2025-10-23 10:23:37 [main] INFO  Log:33 - Current cookies being sent: 
2025-10-23 10:23:37 [main] INFO  Log:33 - Current cookies being sent: 
2025-10-23 10:23:37 [main] INFO  Log:33 - Current cookies being sent: 
2025-10-23 10:23:38 [main] INFO  Log:33 - Current cookies being sent: 
2025-10-23 10:23:38 [main] INFO  Log:33 - Current cookies being sent: 
2025-10-23 10:23:38 [main] INFO  Log:33 - Current cookies being sent: 
2025-10-23 10:23:38 [main] INFO  Log:33 - Current cookies being sent: 
2025-10-23 10:23:38 [main] INFO  Log:33 - Current cookies being sent: 
2025-10-23 10:23:39 [main] INFO  Log:33 - Current cookies being sent: 
2025-10-23 10:23:39 [main] INFO  Log:33 - Current cookies being sent: 
2025-10-23 10:23:39 [main] INFO  Log:33 - Current cookies being sent: 
2025-10-23 10:23:39 [main] INFO  Log:33 - Current cookies being sent: 
2025-10-23 10:23:40 [main] INFO  Log:33 - Current cookies being sent: 
2025-10-23 10:23:40 [main] INFO  Log:33 - Current cookies being sent: 
2025-10-23 10:23:40 [main] INFO  Log:33 - Current cookies being sent: 
2025-10-23 10:23:41 [main] INFO  Log:33 - Current cookies being sent: 
2025-10-23 10:23:42 [main] INFO  Log:33 - authorization_token: eyJhbGciOiJIUzI1NiIsInR5cCI6IkpXVCJ9.eyJzaWQiOiJlZTFmNWQ3OWMzMzY0ODhiYWM2NDFkN2Y3MDZmYTlmNCIsImF0ayI6IjQzZDZjMGFmZWE5ZTQxZTJhNDM0YTkwZDM1ZmE4MGU5IiwiZXhwIjoxNzYxMTk1ODIyLCJpYXQiOjE3NjExOTUyMjJ9.SzxTb4ikUFWGo1Z34AHOlfNGu-rXqpCiPdGhiU7FohY
2025-10-23 10:23:42 [main] INFO  Log:33 - Current cookies being sent: 
2025-10-23 10:23:42 [main] INFO  Log:33 - stored cookie: auth_token=eyJhbGciOiJIUzI1NiIsInR5cCI6IkpXVCJ9.eyJzaWQiOiJlZTFmNWQ3OWMzMzY0ODhiYWM2NDFkN2Y3MDZmYTlmNCIsImF0ayI6Ijk1YzBlZmI1YjY3NTRjMGU4M2UzMDk2NjcxYzc5MzQ0IiwidWlkIjoiMjk2Yjg3MjQtODM5Zi00MjY3LWIyYTQtNGYzYTg0ZWQ5MDFjIiwiZXhwIjoxNzYxMjE2ODIyLCJpYXQiOjE3NjExOTUyMjJ9.9x1ivb8ZLbQYveXFdRw4G65o4-DMDGNSAXRnVMaqXwM;Path=/;Max-Age=21600;Secure;HttpOnly;Expires=23/10/25, 10:53 am;SameSite=Lax
2025-10-23 10:23:42 [main] INFO  Log:33 - authorization_token: null
2025-10-23 10:23:42 [main] INFO  Log:33 - Current cookies being sent: auth_token=eyJhbGciOiJIUzI1NiIsInR5cCI6IkpXVCJ9.eyJzaWQiOiJlZTFmNWQ3OWMzMzY0ODhiYWM2NDFkN2Y3MDZmYTlmNCIsImF0ayI6Ijk1YzBlZmI1YjY3NTRjMGU4M2UzMDk2NjcxYzc5MzQ0IiwidWlkIjoiMjk2Yjg3MjQtODM5Zi00MjY3LWIyYTQtNGYzYTg0ZWQ5MDFjIiwiZXhwIjoxNzYxMjE2ODIyLCJpYXQiOjE3NjExOTUyMjJ9.9x1ivb8ZLbQYveXFdRw4G65o4-DMDGNSAXRnVMaqXwM;Path=/;Max-Age=21600;Secure;HttpOnly;Expires=23/10/25, 10:53 am;SameSite=Lax
2025-10-23 10:23:43 [main] INFO  Log:33 - Current cookies being sent: auth_token=eyJhbGciOiJIUzI1NiIsInR5cCI6IkpXVCJ9.eyJzaWQiOiJlZTFmNWQ3OWMzMzY0ODhiYWM2NDFkN2Y3MDZmYTlmNCIsImF0ayI6Ijk1YzBlZmI1YjY3NTRjMGU4M2UzMDk2NjcxYzc5MzQ0IiwidWlkIjoiMjk2Yjg3MjQtODM5Zi00MjY3LWIyYTQtNGYzYTg0ZWQ5MDFjIiwiZXhwIjoxNzYxMjE2ODIyLCJpYXQiOjE3NjExOTUyMjJ9.9x1ivb8ZLbQYveXFdRw4G65o4-DMDGNSAXRnVMaqXwM;Path=/;Max-Age=21600;Secure;HttpOnly;Expires=23/10/25, 10:53 am;SameSite=Lax
2025-10-23 10:23:48 [main] INFO  Log:33 - authorization_token: eyJhbGciOiJIUzI1NiIsInR5cCI6IkpXVCJ9.eyJzaWQiOiIyNjgzYjU4NTBiY2Y0MTcwOWY4ZDgwZTUzMDAyZmY4MCIsImF0ayI6ImY3N2VjMzY1ZmEyZjQ0NzdhYWJmODUzMGQ2MzM0YTUwIiwiZXhwIjoxNzYxMTk1ODI0LCJpYXQiOjE3NjExOTUyMjR9.ivuDkHVseMwTP8ppS6wJAwoS4ssA9Yp_dr6h3MZLFIU
2025-10-23 10:23:48 [main] INFO  Log:33 - Current cookies being sent: auth_token=eyJhbGciOiJIUzI1NiIsInR5cCI6IkpXVCJ9.eyJzaWQiOiJlZTFmNWQ3OWMzMzY0ODhiYWM2NDFkN2Y3MDZmYTlmNCIsImF0ayI6Ijk1YzBlZmI1YjY3NTRjMGU4M2UzMDk2NjcxYzc5MzQ0IiwidWlkIjoiMjk2Yjg3MjQtODM5Zi00MjY3LWIyYTQtNGYzYTg0ZWQ5MDFjIiwiZXhwIjoxNzYxMjE2ODIyLCJpYXQiOjE3NjExOTUyMjJ9.9x1ivb8ZLbQYveXFdRw4G65o4-DMDGNSAXRnVMaqXwM;Path=/;Max-Age=21600;Secure;HttpOnly;Expires=23/10/25, 10:53 am;SameSite=Lax
2025-10-23 10:23:48 [main] INFO  Log:33 - stored cookie: auth_token=eyJhbGciOiJIUzI1NiIsInR5cCI6IkpXVCJ9.eyJzaWQiOiIyNjgzYjU4NTBiY2Y0MTcwOWY4ZDgwZTUzMDAyZmY4MCIsImF0ayI6Ijc4OWUwOTU1NjIyZTQ0MjBiZWU1Y2IyY2MxNDdhMDAzIiwidWlkIjoiMjk2Yjg3MjQtODM5Zi00MjY3LWIyYTQtNGYzYTg0ZWQ5MDFjIiwiZXhwIjoxNzYxMjE2ODI4LCJpYXQiOjE3NjExOTUyMjh9.UJZW3uywuURoEcNEqBhZEFlkXiR-M2ZmdUBbJwY3fTM;Path=/;Max-Age=21600;Secure;HttpOnly;Expires=23/10/25, 10:53 am;SameSite=Lax
2025-10-23 10:23:48 [main] INFO  Log:33 - Current cookies being sent: auth_token=eyJhbGciOiJIUzI1NiIsInR5cCI6IkpXVCJ9.eyJzaWQiOiIyNjgzYjU4NTBiY2Y0MTcwOWY4ZDgwZTUzMDAyZmY4MCIsImF0ayI6Ijc4OWUwOTU1NjIyZTQ0MjBiZWU1Y2IyY2MxNDdhMDAzIiwidWlkIjoiMjk2Yjg3MjQtODM5Zi00MjY3LWIyYTQtNGYzYTg0ZWQ5MDFjIiwiZXhwIjoxNzYxMjE2ODI4LCJpYXQiOjE3NjExOTUyMjh9.UJZW3uywuURoEcNEqBhZEFlkXiR-M2ZmdUBbJwY3fTM;Path=/;Max-Age=21600;Secure;HttpOnly;Expires=23/10/25, 10:53 am;SameSite=Lax
2025-10-23 10:23:49 [main] INFO  Log:33 - Current cookies being sent: auth_token=eyJhbGciOiJIUzI1NiIsInR5cCI6IkpXVCJ9.eyJzaWQiOiIyNjgzYjU4NTBiY2Y0MTcwOWY4ZDgwZTUzMDAyZmY4MCIsImF0ayI6Ijc4OWUwOTU1NjIyZTQ0MjBiZWU1Y2IyY2MxNDdhMDAzIiwidWlkIjoiMjk2Yjg3MjQtODM5Zi00MjY3LWIyYTQtNGYzYTg0ZWQ5MDFjIiwiZXhwIjoxNzYxMjE2ODI4LCJpYXQiOjE3NjExOTUyMjh9.UJZW3uywuURoEcNEqBhZEFlkXiR-M2ZmdUBbJwY3fTM;Path=/;Max-Age=21600;Secure;HttpOnly;Expires=23/10/25, 10:53 am;SameSite=Lax
2025-10-23 10:23:49 [main] INFO  Log:33 - Current cookies being sent: auth_token=eyJhbGciOiJIUzI1NiIsInR5cCI6IkpXVCJ9.eyJzaWQiOiIyNjgzYjU4NTBiY2Y0MTcwOWY4ZDgwZTUzMDAyZmY4MCIsImF0ayI6Ijc4OWUwOTU1NjIyZTQ0MjBiZWU1Y2IyY2MxNDdhMDAzIiwidWlkIjoiMjk2Yjg3MjQtODM5Zi00MjY3LWIyYTQtNGYzYTg0ZWQ5MDFjIiwiZXhwIjoxNzYxMjE2ODI4LCJpYXQiOjE3NjExOTUyMjh9.UJZW3uywuURoEcNEqBhZEFlkXiR-M2ZmdUBbJwY3fTM;Path=/;Max-Age=21600;Secure;HttpOnly;Expires=23/10/25, 10:53 am;SameSite=Lax
2025-10-23 10:23:50 [main] INFO  Log:33 - Current cookies being sent: auth_token=eyJhbGciOiJIUzI1NiIsInR5cCI6IkpXVCJ9.eyJzaWQiOiIyNjgzYjU4NTBiY2Y0MTcwOWY4ZDgwZTUzMDAyZmY4MCIsImF0ayI6Ijc4OWUwOTU1NjIyZTQ0MjBiZWU1Y2IyY2MxNDdhMDAzIiwidWlkIjoiMjk2Yjg3MjQtODM5Zi00MjY3LWIyYTQtNGYzYTg0ZWQ5MDFjIiwiZXhwIjoxNzYxMjE2ODI4LCJpYXQiOjE3NjExOTUyMjh9.UJZW3uywuURoEcNEqBhZEFlkXiR-M2ZmdUBbJwY3fTM;Path=/;Max-Age=21600;Secure;HttpOnly;Expires=23/10/25, 10:53 am;SameSite=Lax
2025-10-23 10:23:50 [main] INFO  Log:33 - Current cookies being sent: auth_token=eyJhbGciOiJIUzI1NiIsInR5cCI6IkpXVCJ9.eyJzaWQiOiIyNjgzYjU4NTBiY2Y0MTcwOWY4ZDgwZTUzMDAyZmY4MCIsImF0ayI6Ijc4OWUwOTU1NjIyZTQ0MjBiZWU1Y2IyY2MxNDdhMDAzIiwidWlkIjoiMjk2Yjg3MjQtODM5Zi00MjY3LWIyYTQtNGYzYTg0ZWQ5MDFjIiwiZXhwIjoxNzYxMjE2ODI4LCJpYXQiOjE3NjExOTUyMjh9.UJZW3uywuURoEcNEqBhZEFlkXiR-M2ZmdUBbJwY3fTM;Path=/;Max-Age=21600;Secure;HttpOnly;Expires=23/10/25, 10:53 am;SameSite=Lax
2025-10-23 10:23:51 [main] INFO  Log:33 - Current cookies being sent: auth_token=eyJhbGciOiJIUzI1NiIsInR5cCI6IkpXVCJ9.eyJzaWQiOiIyNjgzYjU4NTBiY2Y0MTcwOWY4ZDgwZTUzMDAyZmY4MCIsImF0ayI6Ijc4OWUwOTU1NjIyZTQ0MjBiZWU1Y2IyY2MxNDdhMDAzIiwidWlkIjoiMjk2Yjg3MjQtODM5Zi00MjY3LWIyYTQtNGYzYTg0ZWQ5MDFjIiwiZXhwIjoxNzYxMjE2ODI4LCJpYXQiOjE3NjExOTUyMjh9.UJZW3uywuURoEcNEqBhZEFlkXiR-M2ZmdUBbJwY3fTM;Path=/;Max-Age=21600;Secure;HttpOnly;Expires=23/10/25, 10:53 am;SameSite=Lax
2025-10-23 10:23:51 [main] INFO  Log:33 - Current cookies being sent: auth_token=eyJhbGciOiJIUzI1NiIsInR5cCI6IkpXVCJ9.eyJzaWQiOiIyNjgzYjU4NTBiY2Y0MTcwOWY4ZDgwZTUzMDAyZmY4MCIsImF0ayI6Ijc4OWUwOTU1NjIyZTQ0MjBiZWU1Y2IyY2MxNDdhMDAzIiwidWlkIjoiMjk2Yjg3MjQtODM5Zi00MjY3LWIyYTQtNGYzYTg0ZWQ5MDFjIiwiZXhwIjoxNzYxMjE2ODI4LCJpYXQiOjE3NjExOTUyMjh9.UJZW3uywuURoEcNEqBhZEFlkXiR-M2ZmdUBbJwY3fTM;Path=/;Max-Age=21600;Secure;HttpOnly;Expires=23/10/25, 10:53 am;SameSite=Lax
2025-10-23 10:23:52 [main] INFO  Log:33 - Current cookies being sent: auth_token=eyJhbGciOiJIUzI1NiIsInR5cCI6IkpXVCJ9.eyJzaWQiOiIyNjgzYjU4NTBiY2Y0MTcwOWY4ZDgwZTUzMDAyZmY4MCIsImF0ayI6Ijc4OWUwOTU1NjIyZTQ0MjBiZWU1Y2IyY2MxNDdhMDAzIiwidWlkIjoiMjk2Yjg3MjQtODM5Zi00MjY3LWIyYTQtNGYzYTg0ZWQ5MDFjIiwiZXhwIjoxNzYxMjE2ODI4LCJpYXQiOjE3NjExOTUyMjh9.UJZW3uywuURoEcNEqBhZEFlkXiR-M2ZmdUBbJwY3fTM;Path=/;Max-Age=21600;Secure;HttpOnly;Expires=23/10/25, 10:53 am;SameSite=Lax
2025-10-23 10:23:52 [main] INFO  Log:33 - Current cookies being sent: auth_token=eyJhbGciOiJIUzI1NiIsInR5cCI6IkpXVCJ9.eyJzaWQiOiIyNjgzYjU4NTBiY2Y0MTcwOWY4ZDgwZTUzMDAyZmY4MCIsImF0ayI6Ijc4OWUwOTU1NjIyZTQ0MjBiZWU1Y2IyY2MxNDdhMDAzIiwidWlkIjoiMjk2Yjg3MjQtODM5Zi00MjY3LWIyYTQtNGYzYTg0ZWQ5MDFjIiwiZXhwIjoxNzYxMjE2ODI4LCJpYXQiOjE3NjExOTUyMjh9.UJZW3uywuURoEcNEqBhZEFlkXiR-M2ZmdUBbJwY3fTM;Path=/;Max-Age=21600;Secure;HttpOnly;Expires=23/10/25, 10:53 am;SameSite=Lax
2025-10-23 10:23:53 [main] INFO  Log:33 - Current cookies being sent: auth_token=eyJhbGciOiJIUzI1NiIsInR5cCI6IkpXVCJ9.eyJzaWQiOiIyNjgzYjU4NTBiY2Y0MTcwOWY4ZDgwZTUzMDAyZmY4MCIsImF0ayI6Ijc4OWUwOTU1NjIyZTQ0MjBiZWU1Y2IyY2MxNDdhMDAzIiwidWlkIjoiMjk2Yjg3MjQtODM5Zi00MjY3LWIyYTQtNGYzYTg0ZWQ5MDFjIiwiZXhwIjoxNzYxMjE2ODI4LCJpYXQiOjE3NjExOTUyMjh9.UJZW3uywuURoEcNEqBhZEFlkXiR-M2ZmdUBbJwY3fTM;Path=/;Max-Age=21600;Secure;HttpOnly;Expires=23/10/25, 10:53 am;SameSite=Lax
2025-10-23 10:23:53 [main] INFO  Log:33 - Current cookies being sent: auth_token=eyJhbGciOiJIUzI1NiIsInR5cCI6IkpXVCJ9.eyJzaWQiOiIyNjgzYjU4NTBiY2Y0MTcwOWY4ZDgwZTUzMDAyZmY4MCIsImF0ayI6Ijc4OWUwOTU1NjIyZTQ0MjBiZWU1Y2IyY2MxNDdhMDAzIiwidWlkIjoiMjk2Yjg3MjQtODM5Zi00MjY3LWIyYTQtNGYzYTg0ZWQ5MDFjIiwiZXhwIjoxNzYxMjE2ODI4LCJpYXQiOjE3NjExOTUyMjh9.UJZW3uywuURoEcNEqBhZEFlkXiR-M2ZmdUBbJwY3fTM;Path=/;Max-Age=21600;Secure;HttpOnly;Expires=23/10/25, 10:53 am;SameSite=Lax
2025-10-23 10:23:54 [main] INFO  Log:33 - Current cookies being sent: auth_token=eyJhbGciOiJIUzI1NiIsInR5cCI6IkpXVCJ9.eyJzaWQiOiIyNjgzYjU4NTBiY2Y0MTcwOWY4ZDgwZTUzMDAyZmY4MCIsImF0ayI6Ijc4OWUwOTU1NjIyZTQ0MjBiZWU1Y2IyY2MxNDdhMDAzIiwidWlkIjoiMjk2Yjg3MjQtODM5Zi00MjY3LWIyYTQtNGYzYTg0ZWQ5MDFjIiwiZXhwIjoxNzYxMjE2ODI4LCJpYXQiOjE3NjExOTUyMjh9.UJZW3uywuURoEcNEqBhZEFlkXiR-M2ZmdUBbJwY3fTM;Path=/;Max-Age=21600;Secure;HttpOnly;Expires=23/10/25, 10:53 am;SameSite=Lax
2025-10-23 10:23:54 [main] INFO  Log:33 - Current cookies being sent: auth_token=eyJhbGciOiJIUzI1NiIsInR5cCI6IkpXVCJ9.eyJzaWQiOiIyNjgzYjU4NTBiY2Y0MTcwOWY4ZDgwZTUzMDAyZmY4MCIsImF0ayI6Ijc4OWUwOTU1NjIyZTQ0MjBiZWU1Y2IyY2MxNDdhMDAzIiwidWlkIjoiMjk2Yjg3MjQtODM5Zi00MjY3LWIyYTQtNGYzYTg0ZWQ5MDFjIiwiZXhwIjoxNzYxMjE2ODI4LCJpYXQiOjE3NjExOTUyMjh9.UJZW3uywuURoEcNEqBhZEFlkXiR-M2ZmdUBbJwY3fTM;Path=/;Max-Age=21600;Secure;HttpOnly;Expires=23/10/25, 10:53 am;SameSite=Lax
2025-10-23 10:23:55 [main] INFO  Log:33 - Current cookies being sent: auth_token=eyJhbGciOiJIUzI1NiIsInR5cCI6IkpXVCJ9.eyJzaWQiOiIyNjgzYjU4NTBiY2Y0MTcwOWY4ZDgwZTUzMDAyZmY4MCIsImF0ayI6Ijc4OWUwOTU1NjIyZTQ0MjBiZWU1Y2IyY2MxNDdhMDAzIiwidWlkIjoiMjk2Yjg3MjQtODM5Zi00MjY3LWIyYTQtNGYzYTg0ZWQ5MDFjIiwiZXhwIjoxNzYxMjE2ODI4LCJpYXQiOjE3NjExOTUyMjh9.UJZW3uywuURoEcNEqBhZEFlkXiR-M2ZmdUBbJwY3fTM;Path=/;Max-Age=21600;Secure;HttpOnly;Expires=23/10/25, 10:53 am;SameSite=Lax
2025-10-23 10:23:55 [main] INFO  Log:33 - Current cookies being sent: auth_token=eyJhbGciOiJIUzI1NiIsInR5cCI6IkpXVCJ9.eyJzaWQiOiIyNjgzYjU4NTBiY2Y0MTcwOWY4ZDgwZTUzMDAyZmY4MCIsImF0ayI6Ijc4OWUwOTU1NjIyZTQ0MjBiZWU1Y2IyY2MxNDdhMDAzIiwidWlkIjoiMjk2Yjg3MjQtODM5Zi00MjY3LWIyYTQtNGYzYTg0ZWQ5MDFjIiwiZXhwIjoxNzYxMjE2ODI4LCJpYXQiOjE3NjExOTUyMjh9.UJZW3uywuURoEcNEqBhZEFlkXiR-M2ZmdUBbJwY3fTM;Path=/;Max-Age=21600;Secure;HttpOnly;Expires=23/10/25, 10:53 am;SameSite=Lax
2025-10-23 11:38:28 [main] INFO  Log:33 - Current cookies being sent: 
2025-10-23 11:38:30 [main] INFO  Log:33 - Current cookies being sent: 
2025-10-23 11:38:30 [main] INFO  Log:33 - Current cookies being sent: 
2025-10-23 11:38:31 [main] INFO  Log:33 - Current cookies being sent: 
2025-10-23 11:38:31 [main] INFO  Log:33 - Current cookies being sent: 
2025-10-23 11:38:31 [main] INFO  Log:33 - Current cookies being sent: 
2025-10-23 11:38:31 [main] INFO  Log:33 - Current cookies being sent: 
2025-10-23 11:38:32 [main] INFO  Log:33 - Current cookies being sent: 
2025-10-23 11:38:32 [main] INFO  Log:33 - Current cookies being sent: 
2025-10-23 11:38:32 [main] INFO  Log:33 - Current cookies being sent: 
2025-10-23 11:38:32 [main] INFO  Log:33 - Current cookies being sent: 
2025-10-23 11:38:36 [main] INFO  Log:33 - Current cookies being sent: 
2025-10-23 11:38:41 [main] INFO  Log:33 - Current cookies being sent: 
2025-10-23 11:38:47 [main] INFO  Log:33 - Current cookies being sent: 
2025-10-23 11:38:51 [main] INFO  Log:33 - Current cookies being sent: 
2025-10-23 11:38:51 [main] INFO  Log:33 - Current cookies being sent: 
2025-10-23 11:38:52 [main] INFO  Log:33 - Current cookies being sent: 
2025-10-23 11:38:53 [main] INFO  Log:33 - Current cookies being sent: 
2025-10-23 11:38:54 [main] INFO  Log:33 - Current cookies being sent: 
2025-10-23 11:38:55 [main] INFO  Log:33 - Current cookies being sent: 
2025-10-23 11:38:56 [main] INFO  Log:33 - Current cookies being sent: 
2025-10-23 11:38:56 [main] INFO  Log:33 - Current cookies being sent: 
2025-10-23 11:38:57 [main] INFO  Log:33 - Current cookies being sent: 
2025-10-23 11:38:57 [main] INFO  Log:33 - Current cookies being sent: 
2025-10-23 11:39:02 [main] INFO  Log:33 - mail:xhghicxl@mybizz.com
2025-10-23 11:39:02 [main] INFO  Log:33 - password:L%p3GXtggShx
2025-10-23 11:39:02 [main] INFO  Log:33 - Current cookies being sent: 
2025-10-23 11:39:03 [main] INFO  Log:33 - Current cookies being sent: 
2025-10-23 11:39:08 [main] INFO  Log:33 - Current cookies being sent: 
2025-10-23 11:39:09 [main] INFO  Log:33 - Current cookies being sent: 
2025-10-23 11:39:09 [main] INFO  Log:33 - Current cookies being sent: 
2025-10-23 11:39:10 [main] INFO  Log:33 - Current cookies being sent: 
2025-10-23 11:39:10 [main] INFO  Log:33 - Current cookies being sent: 
2025-10-23 11:39:10 [main] INFO  Log:33 - Current cookies being sent: 
2025-10-23 11:39:10 [main] INFO  Log:33 - Current cookies being sent: 
2025-10-23 11:39:10 [main] INFO  Log:33 - Current cookies being sent: 
2025-10-23 11:39:11 [main] INFO  Log:33 - Current cookies being sent: 
2025-10-23 11:39:11 [main] INFO  Log:33 - Current cookies being sent: 
2025-10-23 11:39:11 [main] INFO  Log:33 - Current cookies being sent: 
2025-10-23 11:39:11 [main] INFO  Log:33 - Current cookies being sent: 
2025-10-23 11:39:11 [main] INFO  Log:33 - Current cookies being sent: 
2025-10-23 11:39:11 [main] INFO  Log:33 - Current cookies being sent: 
2025-10-23 11:39:11 [main] INFO  Log:33 - Current cookies being sent: 
2025-10-23 11:39:11 [main] INFO  Log:33 - Current cookies being sent: 
2025-10-23 11:39:11 [main] INFO  Log:33 - Current cookies being sent: 
2025-10-23 11:39:12 [main] INFO  Log:33 - Current cookies being sent: 
2025-10-23 11:39:12 [main] INFO  Log:33 - Current cookies being sent: 
2025-10-23 11:39:12 [main] INFO  Log:33 - Current cookies being sent: 
2025-10-23 11:39:13 [main] INFO  Log:33 - Current cookies being sent: 
2025-10-23 11:39:14 [main] INFO  Log:33 - Current cookies being sent: 
2025-10-23 11:39:14 [main] INFO  Log:33 - authorization_token: null
2025-10-23 11:39:14 [main] INFO  Log:33 - Current cookies being sent: 
2025-10-23 11:39:16 [main] INFO  Log:33 - Current cookies being sent: 
2025-10-23 11:39:20 [main] INFO  Log:33 - authorization_token: eyJhbGciOiJIUzI1NiIsInR5cCI6IkpXVCJ9.eyJzaWQiOiJlODA5ZDVmZTY0MjQ0MWIzOTE0OTdiZDhmNmYzNjI3OCIsImF0ayI6Ijk1ZTk3ZDdlYTA4ZjQ3ODg4ODA2MGIxOWRhNTZjZjQ3IiwiZXhwIjoxNzYxMjAwMzU2LCJpYXQiOjE3NjExOTk3NTZ9.elrwcqw_GQnjY_HSbM5S-FOsfJc-5g2P32PeIjdIm20
2025-10-23 11:39:20 [main] INFO  Log:33 - Current cookies being sent: 
2025-10-23 11:39:21 [main] INFO  Log:33 - stored cookie: auth_token=eyJhbGciOiJIUzI1NiIsInR5cCI6IkpXVCJ9.eyJzaWQiOiJlODA5ZDVmZTY0MjQ0MWIzOTE0OTdiZDhmNmYzNjI3OCIsImF0ayI6IjAxMzBjNWQ5MDQ3MzRkMzJiNTU0MzY2MTEyYTEzZDMyIiwidWlkIjoiMjk2Yjg3MjQtODM5Zi00MjY3LWIyYTQtNGYzYTg0ZWQ5MDFjIiwiZXhwIjoxNzYxMjIxMzYxLCJpYXQiOjE3NjExOTk3NjF9.ipc-n70206Ogb-pomzpUsO4NnF_kv87lt5BdJxs7n_4;Path=/;Max-Age=21600;HttpOnly;Expires=23/10/25, 12:09 pm;SameSite=Lax
2025-10-23 11:39:21 [main] INFO  Log:33 - Current cookies being sent: auth_token=eyJhbGciOiJIUzI1NiIsInR5cCI6IkpXVCJ9.eyJzaWQiOiJlODA5ZDVmZTY0MjQ0MWIzOTE0OTdiZDhmNmYzNjI3OCIsImF0ayI6IjAxMzBjNWQ5MDQ3MzRkMzJiNTU0MzY2MTEyYTEzZDMyIiwidWlkIjoiMjk2Yjg3MjQtODM5Zi00MjY3LWIyYTQtNGYzYTg0ZWQ5MDFjIiwiZXhwIjoxNzYxMjIxMzYxLCJpYXQiOjE3NjExOTk3NjF9.ipc-n70206Ogb-pomzpUsO4NnF_kv87lt5BdJxs7n_4;Path=/;Max-Age=21600;HttpOnly;Expires=23/10/25, 12:09 pm;SameSite=Lax
2025-10-23 11:39:21 [main] INFO  Log:33 - Current cookies being sent: auth_token=eyJhbGciOiJIUzI1NiIsInR5cCI6IkpXVCJ9.eyJzaWQiOiJlODA5ZDVmZTY0MjQ0MWIzOTE0OTdiZDhmNmYzNjI3OCIsImF0ayI6IjAxMzBjNWQ5MDQ3MzRkMzJiNTU0MzY2MTEyYTEzZDMyIiwidWlkIjoiMjk2Yjg3MjQtODM5Zi00MjY3LWIyYTQtNGYzYTg0ZWQ5MDFjIiwiZXhwIjoxNzYxMjIxMzYxLCJpYXQiOjE3NjExOTk3NjF9.ipc-n70206Ogb-pomzpUsO4NnF_kv87lt5BdJxs7n_4;Path=/;Max-Age=21600;HttpOnly;Expires=23/10/25, 12:09 pm;SameSite=Lax
2025-10-23 11:39:22 [main] INFO  Log:33 - Current cookies being sent: auth_token=eyJhbGciOiJIUzI1NiIsInR5cCI6IkpXVCJ9.eyJzaWQiOiJlODA5ZDVmZTY0MjQ0MWIzOTE0OTdiZDhmNmYzNjI3OCIsImF0ayI6IjAxMzBjNWQ5MDQ3MzRkMzJiNTU0MzY2MTEyYTEzZDMyIiwidWlkIjoiMjk2Yjg3MjQtODM5Zi00MjY3LWIyYTQtNGYzYTg0ZWQ5MDFjIiwiZXhwIjoxNzYxMjIxMzYxLCJpYXQiOjE3NjExOTk3NjF9.ipc-n70206Ogb-pomzpUsO4NnF_kv87lt5BdJxs7n_4;Path=/;Max-Age=21600;HttpOnly;Expires=23/10/25, 12:09 pm;SameSite=Lax
2025-10-23 11:39:22 [main] INFO  Log:33 - Current cookies being sent: auth_token=eyJhbGciOiJIUzI1NiIsInR5cCI6IkpXVCJ9.eyJzaWQiOiJlODA5ZDVmZTY0MjQ0MWIzOTE0OTdiZDhmNmYzNjI3OCIsImF0ayI6IjAxMzBjNWQ5MDQ3MzRkMzJiNTU0MzY2MTEyYTEzZDMyIiwidWlkIjoiMjk2Yjg3MjQtODM5Zi00MjY3LWIyYTQtNGYzYTg0ZWQ5MDFjIiwiZXhwIjoxNzYxMjIxMzYxLCJpYXQiOjE3NjExOTk3NjF9.ipc-n70206Ogb-pomzpUsO4NnF_kv87lt5BdJxs7n_4;Path=/;Max-Age=21600;HttpOnly;Expires=23/10/25, 12:09 pm;SameSite=Lax
2025-10-23 11:39:22 [main] INFO  Log:33 - Current cookies being sent: auth_token=eyJhbGciOiJIUzI1NiIsInR5cCI6IkpXVCJ9.eyJzaWQiOiJlODA5ZDVmZTY0MjQ0MWIzOTE0OTdiZDhmNmYzNjI3OCIsImF0ayI6IjAxMzBjNWQ5MDQ3MzRkMzJiNTU0MzY2MTEyYTEzZDMyIiwidWlkIjoiMjk2Yjg3MjQtODM5Zi00MjY3LWIyYTQtNGYzYTg0ZWQ5MDFjIiwiZXhwIjoxNzYxMjIxMzYxLCJpYXQiOjE3NjExOTk3NjF9.ipc-n70206Ogb-pomzpUsO4NnF_kv87lt5BdJxs7n_4;Path=/;Max-Age=21600;HttpOnly;Expires=23/10/25, 12:09 pm;SameSite=Lax
2025-10-23 11:39:23 [main] INFO  Log:33 - Current cookies being sent: auth_token=eyJhbGciOiJIUzI1NiIsInR5cCI6IkpXVCJ9.eyJzaWQiOiJlODA5ZDVmZTY0MjQ0MWIzOTE0OTdiZDhmNmYzNjI3OCIsImF0ayI6IjAxMzBjNWQ5MDQ3MzRkMzJiNTU0MzY2MTEyYTEzZDMyIiwidWlkIjoiMjk2Yjg3MjQtODM5Zi00MjY3LWIyYTQtNGYzYTg0ZWQ5MDFjIiwiZXhwIjoxNzYxMjIxMzYxLCJpYXQiOjE3NjExOTk3NjF9.ipc-n70206Ogb-pomzpUsO4NnF_kv87lt5BdJxs7n_4;Path=/;Max-Age=21600;HttpOnly;Expires=23/10/25, 12:09 pm;SameSite=Lax
2025-10-23 11:39:23 [main] INFO  Log:33 - Current cookies being sent: auth_token=eyJhbGciOiJIUzI1NiIsInR5cCI6IkpXVCJ9.eyJzaWQiOiJlODA5ZDVmZTY0MjQ0MWIzOTE0OTdiZDhmNmYzNjI3OCIsImF0ayI6IjAxMzBjNWQ5MDQ3MzRkMzJiNTU0MzY2MTEyYTEzZDMyIiwidWlkIjoiMjk2Yjg3MjQtODM5Zi00MjY3LWIyYTQtNGYzYTg0ZWQ5MDFjIiwiZXhwIjoxNzYxMjIxMzYxLCJpYXQiOjE3NjExOTk3NjF9.ipc-n70206Ogb-pomzpUsO4NnF_kv87lt5BdJxs7n_4;Path=/;Max-Age=21600;HttpOnly;Expires=23/10/25, 12:09 pm;SameSite=Lax
2025-10-23 11:39:23 [main] INFO  Log:33 - Current cookies being sent: auth_token=eyJhbGciOiJIUzI1NiIsInR5cCI6IkpXVCJ9.eyJzaWQiOiJlODA5ZDVmZTY0MjQ0MWIzOTE0OTdiZDhmNmYzNjI3OCIsImF0ayI6IjAxMzBjNWQ5MDQ3MzRkMzJiNTU0MzY2MTEyYTEzZDMyIiwidWlkIjoiMjk2Yjg3MjQtODM5Zi00MjY3LWIyYTQtNGYzYTg0ZWQ5MDFjIiwiZXhwIjoxNzYxMjIxMzYxLCJpYXQiOjE3NjExOTk3NjF9.ipc-n70206Ogb-pomzpUsO4NnF_kv87lt5BdJxs7n_4;Path=/;Max-Age=21600;HttpOnly;Expires=23/10/25, 12:09 pm;SameSite=Lax
2025-10-23 11:39:23 [main] INFO  Log:33 - Current cookies being sent: auth_token=eyJhbGciOiJIUzI1NiIsInR5cCI6IkpXVCJ9.eyJzaWQiOiJlODA5ZDVmZTY0MjQ0MWIzOTE0OTdiZDhmNmYzNjI3OCIsImF0ayI6IjAxMzBjNWQ5MDQ3MzRkMzJiNTU0MzY2MTEyYTEzZDMyIiwidWlkIjoiMjk2Yjg3MjQtODM5Zi00MjY3LWIyYTQtNGYzYTg0ZWQ5MDFjIiwiZXhwIjoxNzYxMjIxMzYxLCJpYXQiOjE3NjExOTk3NjF9.ipc-n70206Ogb-pomzpUsO4NnF_kv87lt5BdJxs7n_4;Path=/;Max-Age=21600;HttpOnly;Expires=23/10/25, 12:09 pm;SameSite=Lax
2025-10-23 11:39:24 [main] INFO  Log:33 - Current cookies being sent: auth_token=eyJhbGciOiJIUzI1NiIsInR5cCI6IkpXVCJ9.eyJzaWQiOiJlODA5ZDVmZTY0MjQ0MWIzOTE0OTdiZDhmNmYzNjI3OCIsImF0ayI6IjAxMzBjNWQ5MDQ3MzRkMzJiNTU0MzY2MTEyYTEzZDMyIiwidWlkIjoiMjk2Yjg3MjQtODM5Zi00MjY3LWIyYTQtNGYzYTg0ZWQ5MDFjIiwiZXhwIjoxNzYxMjIxMzYxLCJpYXQiOjE3NjExOTk3NjF9.ipc-n70206Ogb-pomzpUsO4NnF_kv87lt5BdJxs7n_4;Path=/;Max-Age=21600;HttpOnly;Expires=23/10/25, 12:09 pm;SameSite=Lax
2025-10-23 11:39:24 [main] INFO  Log:33 - Current cookies being sent: auth_token=eyJhbGciOiJIUzI1NiIsInR5cCI6IkpXVCJ9.eyJzaWQiOiJlODA5ZDVmZTY0MjQ0MWIzOTE0OTdiZDhmNmYzNjI3OCIsImF0ayI6IjAxMzBjNWQ5MDQ3MzRkMzJiNTU0MzY2MTEyYTEzZDMyIiwidWlkIjoiMjk2Yjg3MjQtODM5Zi00MjY3LWIyYTQtNGYzYTg0ZWQ5MDFjIiwiZXhwIjoxNzYxMjIxMzYxLCJpYXQiOjE3NjExOTk3NjF9.ipc-n70206Ogb-pomzpUsO4NnF_kv87lt5BdJxs7n_4;Path=/;Max-Age=21600;HttpOnly;Expires=23/10/25, 12:09 pm;SameSite=Lax
2025-10-23 11:39:24 [main] INFO  Log:33 - Current cookies being sent: auth_token=eyJhbGciOiJIUzI1NiIsInR5cCI6IkpXVCJ9.eyJzaWQiOiJlODA5ZDVmZTY0MjQ0MWIzOTE0OTdiZDhmNmYzNjI3OCIsImF0ayI6IjAxMzBjNWQ5MDQ3MzRkMzJiNTU0MzY2MTEyYTEzZDMyIiwidWlkIjoiMjk2Yjg3MjQtODM5Zi00MjY3LWIyYTQtNGYzYTg0ZWQ5MDFjIiwiZXhwIjoxNzYxMjIxMzYxLCJpYXQiOjE3NjExOTk3NjF9.ipc-n70206Ogb-pomzpUsO4NnF_kv87lt5BdJxs7n_4;Path=/;Max-Age=21600;HttpOnly;Expires=23/10/25, 12:09 pm;SameSite=Lax
2025-10-23 11:39:25 [main] INFO  Log:33 - Current cookies being sent: auth_token=eyJhbGciOiJIUzI1NiIsInR5cCI6IkpXVCJ9.eyJzaWQiOiJlODA5ZDVmZTY0MjQ0MWIzOTE0OTdiZDhmNmYzNjI3OCIsImF0ayI6IjAxMzBjNWQ5MDQ3MzRkMzJiNTU0MzY2MTEyYTEzZDMyIiwidWlkIjoiMjk2Yjg3MjQtODM5Zi00MjY3LWIyYTQtNGYzYTg0ZWQ5MDFjIiwiZXhwIjoxNzYxMjIxMzYxLCJpYXQiOjE3NjExOTk3NjF9.ipc-n70206Ogb-pomzpUsO4NnF_kv87lt5BdJxs7n_4;Path=/;Max-Age=21600;HttpOnly;Expires=23/10/25, 12:09 pm;SameSite=Lax
2025-10-23 11:39:25 [main] INFO  Log:33 - Current cookies being sent: auth_token=eyJhbGciOiJIUzI1NiIsInR5cCI6IkpXVCJ9.eyJzaWQiOiJlODA5ZDVmZTY0MjQ0MWIzOTE0OTdiZDhmNmYzNjI3OCIsImF0ayI6IjAxMzBjNWQ5MDQ3MzRkMzJiNTU0MzY2MTEyYTEzZDMyIiwidWlkIjoiMjk2Yjg3MjQtODM5Zi00MjY3LWIyYTQtNGYzYTg0ZWQ5MDFjIiwiZXhwIjoxNzYxMjIxMzYxLCJpYXQiOjE3NjExOTk3NjF9.ipc-n70206Ogb-pomzpUsO4NnF_kv87lt5BdJxs7n_4;Path=/;Max-Age=21600;HttpOnly;Expires=23/10/25, 12:09 pm;SameSite=Lax
2025-10-23 11:39:25 [main] INFO  Log:33 - Current cookies being sent: auth_token=eyJhbGciOiJIUzI1NiIsInR5cCI6IkpXVCJ9.eyJzaWQiOiJlODA5ZDVmZTY0MjQ0MWIzOTE0OTdiZDhmNmYzNjI3OCIsImF0ayI6IjAxMzBjNWQ5MDQ3MzRkMzJiNTU0MzY2MTEyYTEzZDMyIiwidWlkIjoiMjk2Yjg3MjQtODM5Zi00MjY3LWIyYTQtNGYzYTg0ZWQ5MDFjIiwiZXhwIjoxNzYxMjIxMzYxLCJpYXQiOjE3NjExOTk3NjF9.ipc-n70206Ogb-pomzpUsO4NnF_kv87lt5BdJxs7n_4;Path=/;Max-Age=21600;HttpOnly;Expires=23/10/25, 12:09 pm;SameSite=Lax
2025-10-23 11:39:26 [main] INFO  Log:33 - Current cookies being sent: auth_token=eyJhbGciOiJIUzI1NiIsInR5cCI6IkpXVCJ9.eyJzaWQiOiJlODA5ZDVmZTY0MjQ0MWIzOTE0OTdiZDhmNmYzNjI3OCIsImF0ayI6IjAxMzBjNWQ5MDQ3MzRkMzJiNTU0MzY2MTEyYTEzZDMyIiwidWlkIjoiMjk2Yjg3MjQtODM5Zi00MjY3LWIyYTQtNGYzYTg0ZWQ5MDFjIiwiZXhwIjoxNzYxMjIxMzYxLCJpYXQiOjE3NjExOTk3NjF9.ipc-n70206Ogb-pomzpUsO4NnF_kv87lt5BdJxs7n_4;Path=/;Max-Age=21600;HttpOnly;Expires=23/10/25, 12:09 pm;SameSite=Lax
2025-10-23 11:39:26 [main] INFO  Log:33 - Current cookies being sent: auth_token=eyJhbGciOiJIUzI1NiIsInR5cCI6IkpXVCJ9.eyJzaWQiOiJlODA5ZDVmZTY0MjQ0MWIzOTE0OTdiZDhmNmYzNjI3OCIsImF0ayI6IjAxMzBjNWQ5MDQ3MzRkMzJiNTU0MzY2MTEyYTEzZDMyIiwidWlkIjoiMjk2Yjg3MjQtODM5Zi00MjY3LWIyYTQtNGYzYTg0ZWQ5MDFjIiwiZXhwIjoxNzYxMjIxMzYxLCJpYXQiOjE3NjExOTk3NjF9.ipc-n70206Ogb-pomzpUsO4NnF_kv87lt5BdJxs7n_4;Path=/;Max-Age=21600;HttpOnly;Expires=23/10/25, 12:09 pm;SameSite=Lax
2025-10-23 11:39:26 [main] INFO  Log:33 - Current cookies being sent: auth_token=eyJhbGciOiJIUzI1NiIsInR5cCI6IkpXVCJ9.eyJzaWQiOiJlODA5ZDVmZTY0MjQ0MWIzOTE0OTdiZDhmNmYzNjI3OCIsImF0ayI6IjAxMzBjNWQ5MDQ3MzRkMzJiNTU0MzY2MTEyYTEzZDMyIiwidWlkIjoiMjk2Yjg3MjQtODM5Zi00MjY3LWIyYTQtNGYzYTg0ZWQ5MDFjIiwiZXhwIjoxNzYxMjIxMzYxLCJpYXQiOjE3NjExOTk3NjF9.ipc-n70206Ogb-pomzpUsO4NnF_kv87lt5BdJxs7n_4;Path=/;Max-Age=21600;HttpOnly;Expires=23/10/25, 12:09 pm;SameSite=Lax
2025-10-23 11:39:26 [main] INFO  Log:33 - Current cookies being sent: auth_token=eyJhbGciOiJIUzI1NiIsInR5cCI6IkpXVCJ9.eyJzaWQiOiJlODA5ZDVmZTY0MjQ0MWIzOTE0OTdiZDhmNmYzNjI3OCIsImF0ayI6IjAxMzBjNWQ5MDQ3MzRkMzJiNTU0MzY2MTEyYTEzZDMyIiwidWlkIjoiMjk2Yjg3MjQtODM5Zi00MjY3LWIyYTQtNGYzYTg0ZWQ5MDFjIiwiZXhwIjoxNzYxMjIxMzYxLCJpYXQiOjE3NjExOTk3NjF9.ipc-n70206Ogb-pomzpUsO4NnF_kv87lt5BdJxs7n_4;Path=/;Max-Age=21600;HttpOnly;Expires=23/10/25, 12:09 pm;SameSite=Lax
2025-10-23 11:39:26 [main] INFO  Log:33 - Current cookies being sent: auth_token=eyJhbGciOiJIUzI1NiIsInR5cCI6IkpXVCJ9.eyJzaWQiOiJlODA5ZDVmZTY0MjQ0MWIzOTE0OTdiZDhmNmYzNjI3OCIsImF0ayI6IjAxMzBjNWQ5MDQ3MzRkMzJiNTU0MzY2MTEyYTEzZDMyIiwidWlkIjoiMjk2Yjg3MjQtODM5Zi00MjY3LWIyYTQtNGYzYTg0ZWQ5MDFjIiwiZXhwIjoxNzYxMjIxMzYxLCJpYXQiOjE3NjExOTk3NjF9.ipc-n70206Ogb-pomzpUsO4NnF_kv87lt5BdJxs7n_4;Path=/;Max-Age=21600;HttpOnly;Expires=23/10/25, 12:09 pm;SameSite=Lax
2025-10-23 11:39:27 [main] INFO  Log:33 - Current cookies being sent: auth_token=eyJhbGciOiJIUzI1NiIsInR5cCI6IkpXVCJ9.eyJzaWQiOiJlODA5ZDVmZTY0MjQ0MWIzOTE0OTdiZDhmNmYzNjI3OCIsImF0ayI6IjAxMzBjNWQ5MDQ3MzRkMzJiNTU0MzY2MTEyYTEzZDMyIiwidWlkIjoiMjk2Yjg3MjQtODM5Zi00MjY3LWIyYTQtNGYzYTg0ZWQ5MDFjIiwiZXhwIjoxNzYxMjIxMzYxLCJpYXQiOjE3NjExOTk3NjF9.ipc-n70206Ogb-pomzpUsO4NnF_kv87lt5BdJxs7n_4;Path=/;Max-Age=21600;HttpOnly;Expires=23/10/25, 12:09 pm;SameSite=Lax
2025-10-23 11:39:27 [main] INFO  Log:33 - Cookies:auth_token=eyJhbGciOiJIUzI1NiIsInR5cCI6IkpXVCJ9.eyJzaWQiOiJlODA5ZDVmZTY0MjQ0MWIzOTE0OTdiZDhmNmYzNjI3OCIsImF0ayI6IjAxMzBjNWQ5MDQ3MzRkMzJiNTU0MzY2MTEyYTEzZDMyIiwidWlkIjoiMjk2Yjg3MjQtODM5Zi00MjY3LWIyYTQtNGYzYTg0ZWQ5MDFjIiwiZXhwIjoxNzYxMjIxMzYxLCJpYXQiOjE3NjExOTk3NjF9.ipc-n70206Ogb-pomzpUsO4NnF_kv87lt5BdJxs7n_4;Path=/;Max-Age=21600;HttpOnly;Expires=23/10/25, 12:09 pm;SameSite=Lax
2025-10-23 12:36:47 [main] INFO  Log:33 - Current cookies being sent: 
2025-10-23 12:36:48 [main] INFO  Log:33 - Current cookies being sent: 
2025-10-23 12:36:48 [main] INFO  Log:33 - Current cookies being sent: 
2025-10-23 12:36:48 [main] INFO  Log:33 - Current cookies being sent: 
2025-10-23 12:36:48 [main] INFO  Log:33 - Current cookies being sent: 
2025-10-23 12:36:48 [main] INFO  Log:33 - Current cookies being sent: 
2025-10-23 12:36:48 [main] INFO  Log:33 - Current cookies being sent: 
2025-10-23 12:36:48 [main] INFO  Log:33 - Current cookies being sent: 
2025-10-23 12:36:48 [main] INFO  Log:33 - Current cookies being sent: 
2025-10-23 12:36:48 [main] INFO  Log:33 - Current cookies being sent: 
2025-10-23 12:36:48 [main] INFO  Log:33 - Current cookies being sent: 
2025-10-23 12:36:52 [main] INFO  Log:33 - Current cookies being sent: 
2025-10-23 12:36:56 [main] INFO  Log:33 - Current cookies being sent: 
2025-10-23 12:37:00 [main] INFO  Log:33 - Current cookies being sent: 
2025-10-23 12:37:04 [main] INFO  Log:33 - Current cookies being sent: 
2025-10-23 12:37:04 [main] INFO  Log:33 - Current cookies being sent: 
2025-10-23 12:37:04 [main] INFO  Log:33 - Current cookies being sent: 
2025-10-23 12:37:04 [main] INFO  Log:33 - Current cookies being sent: 
2025-10-23 12:37:04 [main] INFO  Log:33 - Current cookies being sent: 
2025-10-23 12:37:04 [main] INFO  Log:33 - Current cookies being sent: 
2025-10-23 12:37:04 [main] INFO  Log:33 - Current cookies being sent: 
2025-10-23 12:37:04 [main] INFO  Log:33 - Current cookies being sent: 
2025-10-23 12:37:04 [main] INFO  Log:33 - Current cookies being sent: 
2025-10-23 12:37:04 [main] INFO  Log:33 - Current cookies being sent: 
2025-10-23 12:37:04 [main] INFO  Log:33 - Current cookies being sent: 
2025-10-23 12:37:04 [main] INFO  Log:33 - Current cookies being sent: 
2025-10-23 12:37:04 [main] INFO  Log:33 - Current cookies being sent: 
2025-10-23 12:37:04 [main] INFO  Log:33 - Current cookies being sent: 
2025-10-23 12:37:04 [main] INFO  Log:33 - Current cookies being sent: 
2025-10-23 12:37:04 [main] INFO  Log:33 - Current cookies being sent: 
2025-10-23 12:37:04 [main] INFO  Log:33 - Current cookies being sent: 
2025-10-23 12:37:04 [main] INFO  Log:33 - Current cookies being sent: 
2025-10-23 12:37:04 [main] INFO  Log:33 - Current cookies being sent: 
2025-10-23 12:37:04 [main] INFO  Log:33 - Current cookies being sent: 
2025-10-23 12:37:04 [main] INFO  Log:33 - Current cookies being sent: 
2025-10-23 12:37:04 [main] INFO  Log:33 - Current cookies being sent: 
2025-10-23 12:37:04 [main] INFO  Log:33 - Current cookies being sent: 
2025-10-23 12:37:04 [main] INFO  Log:33 - Current cookies being sent: 
2025-10-23 12:37:04 [main] INFO  Log:33 - Current cookies being sent: 
2025-10-23 12:37:04 [main] INFO  Log:33 - authorization_token: null
2025-10-23 12:37:04 [main] INFO  Log:33 - Current cookies being sent: 
2025-10-23 12:37:04 [main] INFO  Log:33 - Current cookies being sent: 
2025-10-23 12:37:04 [main] INFO  Log:33 - Current cookies being sent: 
2025-10-23 12:37:04 [main] INFO  Log:33 - Current cookies being sent: 
2025-10-23 12:37:04 [main] INFO  Log:33 - Current cookies being sent: 
2025-10-23 12:37:04 [main] INFO  Log:33 - Current cookies being sent: 
2025-10-23 12:37:04 [main] INFO  Log:33 - Current cookies being sent: 
2025-10-23 12:37:04 [main] INFO  Log:33 - Current cookies being sent: 
2025-10-23 12:37:04 [main] INFO  Log:33 - Current cookies being sent: 
2025-10-23 12:37:04 [main] INFO  Log:33 - Current cookies being sent: 
2025-10-23 12:37:05 [main] INFO  Log:33 - Current cookies being sent: 
2025-10-23 12:37:05 [main] INFO  Log:33 - Current cookies being sent: 
2025-10-23 12:37:05 [main] INFO  Log:33 - Current cookies being sent: 
2025-10-23 12:37:05 [main] INFO  Log:33 - Current cookies being sent: 
2025-10-23 12:37:05 [main] INFO  Log:33 - Current cookies being sent: 
2025-10-23 12:37:05 [main] INFO  Log:33 - Current cookies being sent: 
2025-10-23 12:37:05 [main] INFO  Log:33 - Current cookies being sent: 
2025-10-23 12:37:05 [main] INFO  Log:33 - Current cookies being sent: 
2025-10-23 12:37:05 [main] INFO  Log:33 - Current cookies being sent: 
2025-10-23 12:37:05 [main] INFO  Log:33 - Current cookies being sent: 
2025-10-23 12:37:05 [main] INFO  Log:33 - Current cookies being sent: 
2025-10-23 12:37:05 [main] INFO  Log:33 - Current cookies being sent: 
2025-10-23 12:37:05 [main] INFO  Log:33 - Current cookies being sent: 
2025-10-23 12:37:05 [main] INFO  Log:33 - Current cookies being sent: 
2025-10-23 12:37:05 [main] INFO  Log:33 - Current cookies being sent: 
2025-10-23 12:37:05 [main] INFO  Log:33 - Current cookies being sent: 
2025-10-23 12:37:05 [main] INFO  Log:33 - Current cookies being sent: 
2025-10-23 12:37:05 [main] INFO  Log:33 - Current cookies being sent: 
2025-10-23 12:37:05 [main] INFO  Log:33 - Current cookies being sent: 
2025-10-23 12:37:05 [main] INFO  Log:33 - Current cookies being sent: 
2025-10-23 12:37:05 [main] INFO  Log:33 - Current cookies being sent: 
2025-10-23 12:37:05 [main] INFO  Log:33 - Current cookies being sent: 
2025-10-23 12:37:05 [main] INFO  Log:33 - Current cookies being sent: 
2025-10-23 12:37:05 [main] INFO  Log:33 - Current cookies being sent: 
2025-10-23 12:37:05 [main] INFO  Log:33 - Current cookies being sent: 
2025-10-23 12:37:05 [main] INFO  Log:33 - Current cookies being sent: 
2025-10-23 12:37:05 [main] INFO  Log:33 - Current cookies being sent: 
2025-10-23 12:37:05 [main] INFO  Log:33 - Current cookies being sent: 
2025-10-23 12:37:05 [main] INFO  Log:33 - Current cookies being sent: 
2025-10-23 12:37:05 [main] INFO  Log:33 - Current cookies being sent: 
2025-10-23 12:37:05 [main] INFO  Log:33 - Current cookies being sent: 
2025-10-23 12:37:05 [main] INFO  Log:33 - Current cookies being sent: 
2025-10-23 12:37:05 [main] INFO  Log:33 - Current cookies being sent: 
2025-10-23 12:37:05 [main] INFO  Log:33 - Current cookies being sent: 
2025-10-23 12:37:05 [main] INFO  Log:33 - Current cookies being sent: 
2025-10-23 12:37:05 [main] INFO  Log:33 - Current cookies being sent: 
2025-10-23 12:37:05 [main] INFO  Log:33 - Current cookies being sent: 
2025-10-23 12:37:05 [main] INFO  Log:33 - Current cookies being sent: 
2025-10-23 12:37:05 [main] INFO  Log:33 - Current cookies being sent: 
2025-10-23 12:37:05 [main] INFO  Log:33 - Current cookies being sent: 
2025-10-23 12:37:05 [main] INFO  Log:33 - Current cookies being sent: 
2025-10-23 12:37:05 [main] INFO  Log:33 - Current cookies being sent: 
2025-10-23 12:37:05 [main] INFO  Log:33 - Current cookies being sent: 
2025-10-23 12:37:05 [main] INFO  Log:33 - Current cookies being sent: 
2025-10-23 12:37:05 [main] INFO  Log:33 - Current cookies being sent: 
2025-10-23 12:37:05 [main] INFO  Log:33 - Current cookies being sent: 
2025-10-23 12:37:05 [main] INFO  Log:33 - Current cookies being sent: 
2025-10-23 12:37:05 [main] INFO  Log:33 - Current cookies being sent: 
2025-10-23 12:37:05 [main] INFO  Log:33 - Current cookies being sent: 
2025-10-23 12:37:05 [main] INFO  Log:33 - Current cookies being sent: 
2025-10-23 12:37:05 [main] INFO  Log:33 - Current cookies being sent: 
2025-10-23 12:40:00 [main] INFO  Log:33 - Current cookies being sent: 
2025-10-23 12:40:03 [main] INFO  Log:33 - Current cookies being sent: 
2025-10-23 12:40:03 [main] INFO  Log:33 - Current cookies being sent: 
2025-10-23 12:40:03 [main] INFO  Log:33 - Current cookies being sent: 
2025-10-23 12:40:04 [main] INFO  Log:33 - Current cookies being sent: 
2025-10-23 12:40:04 [main] INFO  Log:33 - Current cookies being sent: 
2025-10-23 12:40:04 [main] INFO  Log:33 - Current cookies being sent: 
2025-10-23 12:40:04 [main] INFO  Log:33 - Current cookies being sent: 
2025-10-23 12:40:04 [main] INFO  Log:33 - Current cookies being sent: 
2025-10-23 12:40:05 [main] INFO  Log:33 - Current cookies being sent: 
2025-10-23 12:40:05 [main] INFO  Log:33 - Current cookies being sent: 
2025-10-23 12:40:09 [main] INFO  Log:33 - Current cookies being sent: 
2025-10-23 12:40:14 [main] INFO  Log:33 - Current cookies being sent: 
2025-10-23 12:40:20 [main] INFO  Log:33 - Current cookies being sent: 
2025-10-23 12:40:24 [main] INFO  Log:33 - Current cookies being sent: 
2025-10-23 12:40:24 [main] INFO  Log:33 - Current cookies being sent: 
2025-10-23 12:40:25 [main] INFO  Log:33 - Current cookies being sent: 
2025-10-23 12:40:26 [main] INFO  Log:33 - Current cookies being sent: 
2025-10-23 12:40:27 [main] INFO  Log:33 - Current cookies being sent: 
2025-10-23 12:40:28 [main] INFO  Log:33 - Current cookies being sent: 
2025-10-23 12:40:28 [main] INFO  Log:33 - Current cookies being sent: 
2025-10-23 12:40:29 [main] INFO  Log:33 - Current cookies being sent: 
2025-10-23 12:40:29 [main] INFO  Log:33 - Current cookies being sent: 
2025-10-23 12:40:30 [main] INFO  Log:33 - Current cookies being sent: 
2025-10-23 12:40:35 [main] INFO  Log:33 - mail:aebgmwmx@mybizz.com
2025-10-23 12:40:35 [main] INFO  Log:33 - password:eH%OW613cmrI
2025-10-23 12:40:35 [main] INFO  Log:33 - Current cookies being sent: 
2025-10-23 12:40:36 [main] INFO  Log:33 - Current cookies being sent: 
2025-10-23 12:40:41 [main] INFO  Log:33 - Current cookies being sent: 
2025-10-23 12:40:41 [main] INFO  Log:33 - Current cookies being sent: 
2025-10-23 12:40:42 [main] INFO  Log:33 - Current cookies being sent: 
2025-10-23 12:40:42 [main] INFO  Log:33 - Current cookies being sent: 
2025-10-23 12:40:42 [main] INFO  Log:33 - Current cookies being sent: 
2025-10-23 12:40:42 [main] INFO  Log:33 - Current cookies being sent: 
2025-10-23 12:40:43 [main] INFO  Log:33 - Current cookies being sent: 
2025-10-23 12:40:43 [main] INFO  Log:33 - Current cookies being sent: 
2025-10-23 12:40:43 [main] INFO  Log:33 - Current cookies being sent: 
2025-10-23 12:40:43 [main] INFO  Log:33 - Current cookies being sent: 
2025-10-23 12:40:44 [main] INFO  Log:33 - Current cookies being sent: 
2025-10-23 12:40:44 [main] INFO  Log:33 - Current cookies being sent: 
2025-10-23 12:40:44 [main] INFO  Log:33 - Current cookies being sent: 
2025-10-23 12:40:44 [main] INFO  Log:33 - Current cookies being sent: 
2025-10-23 12:40:45 [main] INFO  Log:33 - Current cookies being sent: 
2025-10-23 12:40:45 [main] INFO  Log:33 - Current cookies being sent: 
2025-10-23 12:40:45 [main] INFO  Log:33 - Current cookies being sent: 
2025-10-23 12:40:45 [main] INFO  Log:33 - Current cookies being sent: 
2025-10-23 12:40:45 [main] INFO  Log:33 - Current cookies being sent: 
2025-10-23 12:40:46 [main] INFO  Log:33 - Current cookies being sent: 
2025-10-23 12:40:46 [main] INFO  Log:33 - Current cookies being sent: 
2025-10-23 12:40:47 [main] INFO  Log:33 - Current cookies being sent: 
2025-10-23 12:40:48 [main] INFO  Log:33 - authorization_token: null
2025-10-23 12:40:48 [main] INFO  Log:33 - Current cookies being sent: 
2025-10-23 12:40:49 [main] INFO  Log:33 - Current cookies being sent: 
2025-10-23 12:40:54 [main] INFO  Log:33 - authorization_token: eyJhbGciOiJIUzI1NiIsInR5cCI6IkpXVCJ9.eyJzaWQiOiI2OWNlY2I3ZmZiMzA0MDQ2YWI2NmNiMWExZGM4NGZlMyIsImF0ayI6IjhlZTJhMWM1NTQwMDQyMWZhMTY2OGY0MWNjZjdhNTc5IiwiZXhwIjoxNzYxMjA0MDUwLCJpYXQiOjE3NjEyMDM0NTB9.eSxljvhf08cb0AFDGrPKfqXgA2kJO-Hvf9jkLjp4Ahc
2025-10-23 12:40:54 [main] INFO  Log:33 - Current cookies being sent: 
2025-10-23 12:40:54 [main] INFO  Log:33 - stored cookie: auth_token=eyJhbGciOiJIUzI1NiIsInR5cCI6IkpXVCJ9.eyJzaWQiOiI2OWNlY2I3ZmZiMzA0MDQ2YWI2NmNiMWExZGM4NGZlMyIsImF0ayI6IjhlYzUyZTkzY2I2NzQxMWI5MGRjYzIxNDNjYWMxYWYxIiwidWlkIjoiMjk2Yjg3MjQtODM5Zi00MjY3LWIyYTQtNGYzYTg0ZWQ5MDFjIiwiZXhwIjoxNzYxMjI1MDU0LCJpYXQiOjE3NjEyMDM0NTR9.17fwwPEfr2dJVKjDgeNiNCTLh3HjOxOEnrAETYEJaRk;Path=/;Max-Age=21600;HttpOnly;Expires=23/10/25, 1:10 pm;SameSite=Lax
2025-10-23 12:40:54 [main] INFO  Log:33 - Current cookies being sent: auth_token=eyJhbGciOiJIUzI1NiIsInR5cCI6IkpXVCJ9.eyJzaWQiOiI2OWNlY2I3ZmZiMzA0MDQ2YWI2NmNiMWExZGM4NGZlMyIsImF0ayI6IjhlYzUyZTkzY2I2NzQxMWI5MGRjYzIxNDNjYWMxYWYxIiwidWlkIjoiMjk2Yjg3MjQtODM5Zi00MjY3LWIyYTQtNGYzYTg0ZWQ5MDFjIiwiZXhwIjoxNzYxMjI1MDU0LCJpYXQiOjE3NjEyMDM0NTR9.17fwwPEfr2dJVKjDgeNiNCTLh3HjOxOEnrAETYEJaRk;Path=/;Max-Age=21600;HttpOnly;Expires=23/10/25, 1:10 pm;SameSite=Lax
2025-10-23 12:40:55 [main] INFO  Log:33 - Current cookies being sent: auth_token=eyJhbGciOiJIUzI1NiIsInR5cCI6IkpXVCJ9.eyJzaWQiOiI2OWNlY2I3ZmZiMzA0MDQ2YWI2NmNiMWExZGM4NGZlMyIsImF0ayI6IjhlYzUyZTkzY2I2NzQxMWI5MGRjYzIxNDNjYWMxYWYxIiwidWlkIjoiMjk2Yjg3MjQtODM5Zi00MjY3LWIyYTQtNGYzYTg0ZWQ5MDFjIiwiZXhwIjoxNzYxMjI1MDU0LCJpYXQiOjE3NjEyMDM0NTR9.17fwwPEfr2dJVKjDgeNiNCTLh3HjOxOEnrAETYEJaRk;Path=/;Max-Age=21600;HttpOnly;Expires=23/10/25, 1:10 pm;SameSite=Lax
2025-10-23 12:40:55 [main] INFO  Log:33 - Current cookies being sent: auth_token=eyJhbGciOiJIUzI1NiIsInR5cCI6IkpXVCJ9.eyJzaWQiOiI2OWNlY2I3ZmZiMzA0MDQ2YWI2NmNiMWExZGM4NGZlMyIsImF0ayI6IjhlYzUyZTkzY2I2NzQxMWI5MGRjYzIxNDNjYWMxYWYxIiwidWlkIjoiMjk2Yjg3MjQtODM5Zi00MjY3LWIyYTQtNGYzYTg0ZWQ5MDFjIiwiZXhwIjoxNzYxMjI1MDU0LCJpYXQiOjE3NjEyMDM0NTR9.17fwwPEfr2dJVKjDgeNiNCTLh3HjOxOEnrAETYEJaRk;Path=/;Max-Age=21600;HttpOnly;Expires=23/10/25, 1:10 pm;SameSite=Lax
2025-10-23 12:40:55 [main] INFO  Log:33 - Current cookies being sent: auth_token=eyJhbGciOiJIUzI1NiIsInR5cCI6IkpXVCJ9.eyJzaWQiOiI2OWNlY2I3ZmZiMzA0MDQ2YWI2NmNiMWExZGM4NGZlMyIsImF0ayI6IjhlYzUyZTkzY2I2NzQxMWI5MGRjYzIxNDNjYWMxYWYxIiwidWlkIjoiMjk2Yjg3MjQtODM5Zi00MjY3LWIyYTQtNGYzYTg0ZWQ5MDFjIiwiZXhwIjoxNzYxMjI1MDU0LCJpYXQiOjE3NjEyMDM0NTR9.17fwwPEfr2dJVKjDgeNiNCTLh3HjOxOEnrAETYEJaRk;Path=/;Max-Age=21600;HttpOnly;Expires=23/10/25, 1:10 pm;SameSite=Lax
2025-10-23 12:40:56 [main] INFO  Log:33 - Current cookies being sent: auth_token=eyJhbGciOiJIUzI1NiIsInR5cCI6IkpXVCJ9.eyJzaWQiOiI2OWNlY2I3ZmZiMzA0MDQ2YWI2NmNiMWExZGM4NGZlMyIsImF0ayI6IjhlYzUyZTkzY2I2NzQxMWI5MGRjYzIxNDNjYWMxYWYxIiwidWlkIjoiMjk2Yjg3MjQtODM5Zi00MjY3LWIyYTQtNGYzYTg0ZWQ5MDFjIiwiZXhwIjoxNzYxMjI1MDU0LCJpYXQiOjE3NjEyMDM0NTR9.17fwwPEfr2dJVKjDgeNiNCTLh3HjOxOEnrAETYEJaRk;Path=/;Max-Age=21600;HttpOnly;Expires=23/10/25, 1:10 pm;SameSite=Lax
2025-10-23 12:40:56 [main] INFO  Log:33 - Current cookies being sent: auth_token=eyJhbGciOiJIUzI1NiIsInR5cCI6IkpXVCJ9.eyJzaWQiOiI2OWNlY2I3ZmZiMzA0MDQ2YWI2NmNiMWExZGM4NGZlMyIsImF0ayI6IjhlYzUyZTkzY2I2NzQxMWI5MGRjYzIxNDNjYWMxYWYxIiwidWlkIjoiMjk2Yjg3MjQtODM5Zi00MjY3LWIyYTQtNGYzYTg0ZWQ5MDFjIiwiZXhwIjoxNzYxMjI1MDU0LCJpYXQiOjE3NjEyMDM0NTR9.17fwwPEfr2dJVKjDgeNiNCTLh3HjOxOEnrAETYEJaRk;Path=/;Max-Age=21600;HttpOnly;Expires=23/10/25, 1:10 pm;SameSite=Lax
2025-10-23 12:40:56 [main] INFO  Log:33 - Current cookies being sent: auth_token=eyJhbGciOiJIUzI1NiIsInR5cCI6IkpXVCJ9.eyJzaWQiOiI2OWNlY2I3ZmZiMzA0MDQ2YWI2NmNiMWExZGM4NGZlMyIsImF0ayI6IjhlYzUyZTkzY2I2NzQxMWI5MGRjYzIxNDNjYWMxYWYxIiwidWlkIjoiMjk2Yjg3MjQtODM5Zi00MjY3LWIyYTQtNGYzYTg0ZWQ5MDFjIiwiZXhwIjoxNzYxMjI1MDU0LCJpYXQiOjE3NjEyMDM0NTR9.17fwwPEfr2dJVKjDgeNiNCTLh3HjOxOEnrAETYEJaRk;Path=/;Max-Age=21600;HttpOnly;Expires=23/10/25, 1:10 pm;SameSite=Lax
2025-10-23 12:40:57 [main] INFO  Log:33 - Current cookies being sent: auth_token=eyJhbGciOiJIUzI1NiIsInR5cCI6IkpXVCJ9.eyJzaWQiOiI2OWNlY2I3ZmZiMzA0MDQ2YWI2NmNiMWExZGM4NGZlMyIsImF0ayI6IjhlYzUyZTkzY2I2NzQxMWI5MGRjYzIxNDNjYWMxYWYxIiwidWlkIjoiMjk2Yjg3MjQtODM5Zi00MjY3LWIyYTQtNGYzYTg0ZWQ5MDFjIiwiZXhwIjoxNzYxMjI1MDU0LCJpYXQiOjE3NjEyMDM0NTR9.17fwwPEfr2dJVKjDgeNiNCTLh3HjOxOEnrAETYEJaRk;Path=/;Max-Age=21600;HttpOnly;Expires=23/10/25, 1:10 pm;SameSite=Lax
2025-10-23 12:40:57 [main] INFO  Log:33 - Current cookies being sent: auth_token=eyJhbGciOiJIUzI1NiIsInR5cCI6IkpXVCJ9.eyJzaWQiOiI2OWNlY2I3ZmZiMzA0MDQ2YWI2NmNiMWExZGM4NGZlMyIsImF0ayI6IjhlYzUyZTkzY2I2NzQxMWI5MGRjYzIxNDNjYWMxYWYxIiwidWlkIjoiMjk2Yjg3MjQtODM5Zi00MjY3LWIyYTQtNGYzYTg0ZWQ5MDFjIiwiZXhwIjoxNzYxMjI1MDU0LCJpYXQiOjE3NjEyMDM0NTR9.17fwwPEfr2dJVKjDgeNiNCTLh3HjOxOEnrAETYEJaRk;Path=/;Max-Age=21600;HttpOnly;Expires=23/10/25, 1:10 pm;SameSite=Lax
2025-10-23 12:40:57 [main] INFO  Log:33 - Current cookies being sent: auth_token=eyJhbGciOiJIUzI1NiIsInR5cCI6IkpXVCJ9.eyJzaWQiOiI2OWNlY2I3ZmZiMzA0MDQ2YWI2NmNiMWExZGM4NGZlMyIsImF0ayI6IjhlYzUyZTkzY2I2NzQxMWI5MGRjYzIxNDNjYWMxYWYxIiwidWlkIjoiMjk2Yjg3MjQtODM5Zi00MjY3LWIyYTQtNGYzYTg0ZWQ5MDFjIiwiZXhwIjoxNzYxMjI1MDU0LCJpYXQiOjE3NjEyMDM0NTR9.17fwwPEfr2dJVKjDgeNiNCTLh3HjOxOEnrAETYEJaRk;Path=/;Max-Age=21600;HttpOnly;Expires=23/10/25, 1:10 pm;SameSite=Lax
2025-10-23 12:40:58 [main] INFO  Log:33 - Current cookies being sent: auth_token=eyJhbGciOiJIUzI1NiIsInR5cCI6IkpXVCJ9.eyJzaWQiOiI2OWNlY2I3ZmZiMzA0MDQ2YWI2NmNiMWExZGM4NGZlMyIsImF0ayI6IjhlYzUyZTkzY2I2NzQxMWI5MGRjYzIxNDNjYWMxYWYxIiwidWlkIjoiMjk2Yjg3MjQtODM5Zi00MjY3LWIyYTQtNGYzYTg0ZWQ5MDFjIiwiZXhwIjoxNzYxMjI1MDU0LCJpYXQiOjE3NjEyMDM0NTR9.17fwwPEfr2dJVKjDgeNiNCTLh3HjOxOEnrAETYEJaRk;Path=/;Max-Age=21600;HttpOnly;Expires=23/10/25, 1:10 pm;SameSite=Lax
2025-10-23 12:40:58 [main] INFO  Log:33 - Current cookies being sent: auth_token=eyJhbGciOiJIUzI1NiIsInR5cCI6IkpXVCJ9.eyJzaWQiOiI2OWNlY2I3ZmZiMzA0MDQ2YWI2NmNiMWExZGM4NGZlMyIsImF0ayI6IjhlYzUyZTkzY2I2NzQxMWI5MGRjYzIxNDNjYWMxYWYxIiwidWlkIjoiMjk2Yjg3MjQtODM5Zi00MjY3LWIyYTQtNGYzYTg0ZWQ5MDFjIiwiZXhwIjoxNzYxMjI1MDU0LCJpYXQiOjE3NjEyMDM0NTR9.17fwwPEfr2dJVKjDgeNiNCTLh3HjOxOEnrAETYEJaRk;Path=/;Max-Age=21600;HttpOnly;Expires=23/10/25, 1:10 pm;SameSite=Lax
2025-10-23 12:40:58 [main] INFO  Log:33 - Current cookies being sent: auth_token=eyJhbGciOiJIUzI1NiIsInR5cCI6IkpXVCJ9.eyJzaWQiOiI2OWNlY2I3ZmZiMzA0MDQ2YWI2NmNiMWExZGM4NGZlMyIsImF0ayI6IjhlYzUyZTkzY2I2NzQxMWI5MGRjYzIxNDNjYWMxYWYxIiwidWlkIjoiMjk2Yjg3MjQtODM5Zi00MjY3LWIyYTQtNGYzYTg0ZWQ5MDFjIiwiZXhwIjoxNzYxMjI1MDU0LCJpYXQiOjE3NjEyMDM0NTR9.17fwwPEfr2dJVKjDgeNiNCTLh3HjOxOEnrAETYEJaRk;Path=/;Max-Age=21600;HttpOnly;Expires=23/10/25, 1:10 pm;SameSite=Lax
2025-10-23 12:40:59 [main] INFO  Log:33 - Current cookies being sent: auth_token=eyJhbGciOiJIUzI1NiIsInR5cCI6IkpXVCJ9.eyJzaWQiOiI2OWNlY2I3ZmZiMzA0MDQ2YWI2NmNiMWExZGM4NGZlMyIsImF0ayI6IjhlYzUyZTkzY2I2NzQxMWI5MGRjYzIxNDNjYWMxYWYxIiwidWlkIjoiMjk2Yjg3MjQtODM5Zi00MjY3LWIyYTQtNGYzYTg0ZWQ5MDFjIiwiZXhwIjoxNzYxMjI1MDU0LCJpYXQiOjE3NjEyMDM0NTR9.17fwwPEfr2dJVKjDgeNiNCTLh3HjOxOEnrAETYEJaRk;Path=/;Max-Age=21600;HttpOnly;Expires=23/10/25, 1:10 pm;SameSite=Lax
2025-10-23 12:40:59 [main] INFO  Log:33 - Current cookies being sent: auth_token=eyJhbGciOiJIUzI1NiIsInR5cCI6IkpXVCJ9.eyJzaWQiOiI2OWNlY2I3ZmZiMzA0MDQ2YWI2NmNiMWExZGM4NGZlMyIsImF0ayI6IjhlYzUyZTkzY2I2NzQxMWI5MGRjYzIxNDNjYWMxYWYxIiwidWlkIjoiMjk2Yjg3MjQtODM5Zi00MjY3LWIyYTQtNGYzYTg0ZWQ5MDFjIiwiZXhwIjoxNzYxMjI1MDU0LCJpYXQiOjE3NjEyMDM0NTR9.17fwwPEfr2dJVKjDgeNiNCTLh3HjOxOEnrAETYEJaRk;Path=/;Max-Age=21600;HttpOnly;Expires=23/10/25, 1:10 pm;SameSite=Lax
2025-10-23 12:41:00 [main] INFO  Log:33 - Current cookies being sent: auth_token=eyJhbGciOiJIUzI1NiIsInR5cCI6IkpXVCJ9.eyJzaWQiOiI2OWNlY2I3ZmZiMzA0MDQ2YWI2NmNiMWExZGM4NGZlMyIsImF0ayI6IjhlYzUyZTkzY2I2NzQxMWI5MGRjYzIxNDNjYWMxYWYxIiwidWlkIjoiMjk2Yjg3MjQtODM5Zi00MjY3LWIyYTQtNGYzYTg0ZWQ5MDFjIiwiZXhwIjoxNzYxMjI1MDU0LCJpYXQiOjE3NjEyMDM0NTR9.17fwwPEfr2dJVKjDgeNiNCTLh3HjOxOEnrAETYEJaRk;Path=/;Max-Age=21600;HttpOnly;Expires=23/10/25, 1:10 pm;SameSite=Lax
2025-10-23 12:41:00 [main] INFO  Log:33 - Current cookies being sent: auth_token=eyJhbGciOiJIUzI1NiIsInR5cCI6IkpXVCJ9.eyJzaWQiOiI2OWNlY2I3ZmZiMzA0MDQ2YWI2NmNiMWExZGM4NGZlMyIsImF0ayI6IjhlYzUyZTkzY2I2NzQxMWI5MGRjYzIxNDNjYWMxYWYxIiwidWlkIjoiMjk2Yjg3MjQtODM5Zi00MjY3LWIyYTQtNGYzYTg0ZWQ5MDFjIiwiZXhwIjoxNzYxMjI1MDU0LCJpYXQiOjE3NjEyMDM0NTR9.17fwwPEfr2dJVKjDgeNiNCTLh3HjOxOEnrAETYEJaRk;Path=/;Max-Age=21600;HttpOnly;Expires=23/10/25, 1:10 pm;SameSite=Lax
2025-10-23 12:41:01 [main] INFO  Log:33 - Current cookies being sent: auth_token=eyJhbGciOiJIUzI1NiIsInR5cCI6IkpXVCJ9.eyJzaWQiOiI2OWNlY2I3ZmZiMzA0MDQ2YWI2NmNiMWExZGM4NGZlMyIsImF0ayI6IjhlYzUyZTkzY2I2NzQxMWI5MGRjYzIxNDNjYWMxYWYxIiwidWlkIjoiMjk2Yjg3MjQtODM5Zi00MjY3LWIyYTQtNGYzYTg0ZWQ5MDFjIiwiZXhwIjoxNzYxMjI1MDU0LCJpYXQiOjE3NjEyMDM0NTR9.17fwwPEfr2dJVKjDgeNiNCTLh3HjOxOEnrAETYEJaRk;Path=/;Max-Age=21600;HttpOnly;Expires=23/10/25, 1:10 pm;SameSite=Lax
2025-10-23 12:41:01 [main] INFO  Log:33 - Current cookies being sent: auth_token=eyJhbGciOiJIUzI1NiIsInR5cCI6IkpXVCJ9.eyJzaWQiOiI2OWNlY2I3ZmZiMzA0MDQ2YWI2NmNiMWExZGM4NGZlMyIsImF0ayI6IjhlYzUyZTkzY2I2NzQxMWI5MGRjYzIxNDNjYWMxYWYxIiwidWlkIjoiMjk2Yjg3MjQtODM5Zi00MjY3LWIyYTQtNGYzYTg0ZWQ5MDFjIiwiZXhwIjoxNzYxMjI1MDU0LCJpYXQiOjE3NjEyMDM0NTR9.17fwwPEfr2dJVKjDgeNiNCTLh3HjOxOEnrAETYEJaRk;Path=/;Max-Age=21600;HttpOnly;Expires=23/10/25, 1:10 pm;SameSite=Lax
2025-10-23 12:41:01 [main] INFO  Log:33 - Current cookies being sent: auth_token=eyJhbGciOiJIUzI1NiIsInR5cCI6IkpXVCJ9.eyJzaWQiOiI2OWNlY2I3ZmZiMzA0MDQ2YWI2NmNiMWExZGM4NGZlMyIsImF0ayI6IjhlYzUyZTkzY2I2NzQxMWI5MGRjYzIxNDNjYWMxYWYxIiwidWlkIjoiMjk2Yjg3MjQtODM5Zi00MjY3LWIyYTQtNGYzYTg0ZWQ5MDFjIiwiZXhwIjoxNzYxMjI1MDU0LCJpYXQiOjE3NjEyMDM0NTR9.17fwwPEfr2dJVKjDgeNiNCTLh3HjOxOEnrAETYEJaRk;Path=/;Max-Age=21600;HttpOnly;Expires=23/10/25, 1:10 pm;SameSite=Lax
2025-10-23 12:41:01 [main] INFO  Log:33 - Current cookies being sent: auth_token=eyJhbGciOiJIUzI1NiIsInR5cCI6IkpXVCJ9.eyJzaWQiOiI2OWNlY2I3ZmZiMzA0MDQ2YWI2NmNiMWExZGM4NGZlMyIsImF0ayI6IjhlYzUyZTkzY2I2NzQxMWI5MGRjYzIxNDNjYWMxYWYxIiwidWlkIjoiMjk2Yjg3MjQtODM5Zi00MjY3LWIyYTQtNGYzYTg0ZWQ5MDFjIiwiZXhwIjoxNzYxMjI1MDU0LCJpYXQiOjE3NjEyMDM0NTR9.17fwwPEfr2dJVKjDgeNiNCTLh3HjOxOEnrAETYEJaRk;Path=/;Max-Age=21600;HttpOnly;Expires=23/10/25, 1:10 pm;SameSite=Lax
2025-10-23 12:41:02 [main] INFO  Log:33 - Current cookies being sent: auth_token=eyJhbGciOiJIUzI1NiIsInR5cCI6IkpXVCJ9.eyJzaWQiOiI2OWNlY2I3ZmZiMzA0MDQ2YWI2NmNiMWExZGM4NGZlMyIsImF0ayI6IjhlYzUyZTkzY2I2NzQxMWI5MGRjYzIxNDNjYWMxYWYxIiwidWlkIjoiMjk2Yjg3MjQtODM5Zi00MjY3LWIyYTQtNGYzYTg0ZWQ5MDFjIiwiZXhwIjoxNzYxMjI1MDU0LCJpYXQiOjE3NjEyMDM0NTR9.17fwwPEfr2dJVKjDgeNiNCTLh3HjOxOEnrAETYEJaRk;Path=/;Max-Age=21600;HttpOnly;Expires=23/10/25, 1:10 pm;SameSite=Lax
2025-10-23 12:41:02 [main] INFO  Log:33 - Current cookies being sent: auth_token=eyJhbGciOiJIUzI1NiIsInR5cCI6IkpXVCJ9.eyJzaWQiOiI2OWNlY2I3ZmZiMzA0MDQ2YWI2NmNiMWExZGM4NGZlMyIsImF0ayI6IjhlYzUyZTkzY2I2NzQxMWI5MGRjYzIxNDNjYWMxYWYxIiwidWlkIjoiMjk2Yjg3MjQtODM5Zi00MjY3LWIyYTQtNGYzYTg0ZWQ5MDFjIiwiZXhwIjoxNzYxMjI1MDU0LCJpYXQiOjE3NjEyMDM0NTR9.17fwwPEfr2dJVKjDgeNiNCTLh3HjOxOEnrAETYEJaRk;Path=/;Max-Age=21600;HttpOnly;Expires=23/10/25, 1:10 pm;SameSite=Lax
2025-10-23 12:41:02 [main] INFO  Log:33 - Current cookies being sent: auth_token=eyJhbGciOiJIUzI1NiIsInR5cCI6IkpXVCJ9.eyJzaWQiOiI2OWNlY2I3ZmZiMzA0MDQ2YWI2NmNiMWExZGM4NGZlMyIsImF0ayI6IjhlYzUyZTkzY2I2NzQxMWI5MGRjYzIxNDNjYWMxYWYxIiwidWlkIjoiMjk2Yjg3MjQtODM5Zi00MjY3LWIyYTQtNGYzYTg0ZWQ5MDFjIiwiZXhwIjoxNzYxMjI1MDU0LCJpYXQiOjE3NjEyMDM0NTR9.17fwwPEfr2dJVKjDgeNiNCTLh3HjOxOEnrAETYEJaRk;Path=/;Max-Age=21600;HttpOnly;Expires=23/10/25, 1:10 pm;SameSite=Lax
2025-10-23 12:41:02 [main] INFO  Log:33 - Current cookies being sent: auth_token=eyJhbGciOiJIUzI1NiIsInR5cCI6IkpXVCJ9.eyJzaWQiOiI2OWNlY2I3ZmZiMzA0MDQ2YWI2NmNiMWExZGM4NGZlMyIsImF0ayI6IjhlYzUyZTkzY2I2NzQxMWI5MGRjYzIxNDNjYWMxYWYxIiwidWlkIjoiMjk2Yjg3MjQtODM5Zi00MjY3LWIyYTQtNGYzYTg0ZWQ5MDFjIiwiZXhwIjoxNzYxMjI1MDU0LCJpYXQiOjE3NjEyMDM0NTR9.17fwwPEfr2dJVKjDgeNiNCTLh3HjOxOEnrAETYEJaRk;Path=/;Max-Age=21600;HttpOnly;Expires=23/10/25, 1:10 pm;SameSite=Lax
2025-10-23 12:41:03 [main] INFO  Log:33 - Current cookies being sent: auth_token=eyJhbGciOiJIUzI1NiIsInR5cCI6IkpXVCJ9.eyJzaWQiOiI2OWNlY2I3ZmZiMzA0MDQ2YWI2NmNiMWExZGM4NGZlMyIsImF0ayI6IjhlYzUyZTkzY2I2NzQxMWI5MGRjYzIxNDNjYWMxYWYxIiwidWlkIjoiMjk2Yjg3MjQtODM5Zi00MjY3LWIyYTQtNGYzYTg0ZWQ5MDFjIiwiZXhwIjoxNzYxMjI1MDU0LCJpYXQiOjE3NjEyMDM0NTR9.17fwwPEfr2dJVKjDgeNiNCTLh3HjOxOEnrAETYEJaRk;Path=/;Max-Age=21600;HttpOnly;Expires=23/10/25, 1:10 pm;SameSite=Lax
2025-10-23 12:41:03 [main] INFO  Log:33 - Current cookies being sent: auth_token=eyJhbGciOiJIUzI1NiIsInR5cCI6IkpXVCJ9.eyJzaWQiOiI2OWNlY2I3ZmZiMzA0MDQ2YWI2NmNiMWExZGM4NGZlMyIsImF0ayI6IjhlYzUyZTkzY2I2NzQxMWI5MGRjYzIxNDNjYWMxYWYxIiwidWlkIjoiMjk2Yjg3MjQtODM5Zi00MjY3LWIyYTQtNGYzYTg0ZWQ5MDFjIiwiZXhwIjoxNzYxMjI1MDU0LCJpYXQiOjE3NjEyMDM0NTR9.17fwwPEfr2dJVKjDgeNiNCTLh3HjOxOEnrAETYEJaRk;Path=/;Max-Age=21600;HttpOnly;Expires=23/10/25, 1:10 pm;SameSite=Lax
2025-10-23 12:41:03 [main] INFO  Log:33 - Current cookies being sent: auth_token=eyJhbGciOiJIUzI1NiIsInR5cCI6IkpXVCJ9.eyJzaWQiOiI2OWNlY2I3ZmZiMzA0MDQ2YWI2NmNiMWExZGM4NGZlMyIsImF0ayI6IjhlYzUyZTkzY2I2NzQxMWI5MGRjYzIxNDNjYWMxYWYxIiwidWlkIjoiMjk2Yjg3MjQtODM5Zi00MjY3LWIyYTQtNGYzYTg0ZWQ5MDFjIiwiZXhwIjoxNzYxMjI1MDU0LCJpYXQiOjE3NjEyMDM0NTR9.17fwwPEfr2dJVKjDgeNiNCTLh3HjOxOEnrAETYEJaRk;Path=/;Max-Age=21600;HttpOnly;Expires=23/10/25, 1:10 pm;SameSite=Lax
2025-10-23 12:41:04 [main] INFO  Log:33 - Current cookies being sent: auth_token=eyJhbGciOiJIUzI1NiIsInR5cCI6IkpXVCJ9.eyJzaWQiOiI2OWNlY2I3ZmZiMzA0MDQ2YWI2NmNiMWExZGM4NGZlMyIsImF0ayI6IjhlYzUyZTkzY2I2NzQxMWI5MGRjYzIxNDNjYWMxYWYxIiwidWlkIjoiMjk2Yjg3MjQtODM5Zi00MjY3LWIyYTQtNGYzYTg0ZWQ5MDFjIiwiZXhwIjoxNzYxMjI1MDU0LCJpYXQiOjE3NjEyMDM0NTR9.17fwwPEfr2dJVKjDgeNiNCTLh3HjOxOEnrAETYEJaRk;Path=/;Max-Age=21600;HttpOnly;Expires=23/10/25, 1:10 pm;SameSite=Lax
2025-10-23 12:41:04 [main] INFO  Log:33 - Current cookies being sent: auth_token=eyJhbGciOiJIUzI1NiIsInR5cCI6IkpXVCJ9.eyJzaWQiOiI2OWNlY2I3ZmZiMzA0MDQ2YWI2NmNiMWExZGM4NGZlMyIsImF0ayI6IjhlYzUyZTkzY2I2NzQxMWI5MGRjYzIxNDNjYWMxYWYxIiwidWlkIjoiMjk2Yjg3MjQtODM5Zi00MjY3LWIyYTQtNGYzYTg0ZWQ5MDFjIiwiZXhwIjoxNzYxMjI1MDU0LCJpYXQiOjE3NjEyMDM0NTR9.17fwwPEfr2dJVKjDgeNiNCTLh3HjOxOEnrAETYEJaRk;Path=/;Max-Age=21600;HttpOnly;Expires=23/10/25, 1:10 pm;SameSite=Lax
2025-10-23 12:41:04 [main] INFO  Log:33 - Current cookies being sent: auth_token=eyJhbGciOiJIUzI1NiIsInR5cCI6IkpXVCJ9.eyJzaWQiOiI2OWNlY2I3ZmZiMzA0MDQ2YWI2NmNiMWExZGM4NGZlMyIsImF0ayI6IjhlYzUyZTkzY2I2NzQxMWI5MGRjYzIxNDNjYWMxYWYxIiwidWlkIjoiMjk2Yjg3MjQtODM5Zi00MjY3LWIyYTQtNGYzYTg0ZWQ5MDFjIiwiZXhwIjoxNzYxMjI1MDU0LCJpYXQiOjE3NjEyMDM0NTR9.17fwwPEfr2dJVKjDgeNiNCTLh3HjOxOEnrAETYEJaRk;Path=/;Max-Age=21600;HttpOnly;Expires=23/10/25, 1:10 pm;SameSite=Lax
2025-10-23 12:41:04 [main] INFO  Log:33 - Current cookies being sent: auth_token=eyJhbGciOiJIUzI1NiIsInR5cCI6IkpXVCJ9.eyJzaWQiOiI2OWNlY2I3ZmZiMzA0MDQ2YWI2NmNiMWExZGM4NGZlMyIsImF0ayI6IjhlYzUyZTkzY2I2NzQxMWI5MGRjYzIxNDNjYWMxYWYxIiwidWlkIjoiMjk2Yjg3MjQtODM5Zi00MjY3LWIyYTQtNGYzYTg0ZWQ5MDFjIiwiZXhwIjoxNzYxMjI1MDU0LCJpYXQiOjE3NjEyMDM0NTR9.17fwwPEfr2dJVKjDgeNiNCTLh3HjOxOEnrAETYEJaRk;Path=/;Max-Age=21600;HttpOnly;Expires=23/10/25, 1:10 pm;SameSite=Lax
2025-10-23 12:41:05 [main] INFO  Log:33 - Current cookies being sent: auth_token=eyJhbGciOiJIUzI1NiIsInR5cCI6IkpXVCJ9.eyJzaWQiOiI2OWNlY2I3ZmZiMzA0MDQ2YWI2NmNiMWExZGM4NGZlMyIsImF0ayI6IjhlYzUyZTkzY2I2NzQxMWI5MGRjYzIxNDNjYWMxYWYxIiwidWlkIjoiMjk2Yjg3MjQtODM5Zi00MjY3LWIyYTQtNGYzYTg0ZWQ5MDFjIiwiZXhwIjoxNzYxMjI1MDU0LCJpYXQiOjE3NjEyMDM0NTR9.17fwwPEfr2dJVKjDgeNiNCTLh3HjOxOEnrAETYEJaRk;Path=/;Max-Age=21600;HttpOnly;Expires=23/10/25, 1:10 pm;SameSite=Lax
2025-10-23 12:41:05 [main] INFO  Log:33 - Current cookies being sent: auth_token=eyJhbGciOiJIUzI1NiIsInR5cCI6IkpXVCJ9.eyJzaWQiOiI2OWNlY2I3ZmZiMzA0MDQ2YWI2NmNiMWExZGM4NGZlMyIsImF0ayI6IjhlYzUyZTkzY2I2NzQxMWI5MGRjYzIxNDNjYWMxYWYxIiwidWlkIjoiMjk2Yjg3MjQtODM5Zi00MjY3LWIyYTQtNGYzYTg0ZWQ5MDFjIiwiZXhwIjoxNzYxMjI1MDU0LCJpYXQiOjE3NjEyMDM0NTR9.17fwwPEfr2dJVKjDgeNiNCTLh3HjOxOEnrAETYEJaRk;Path=/;Max-Age=21600;HttpOnly;Expires=23/10/25, 1:10 pm;SameSite=Lax
2025-10-23 12:41:06 [main] INFO  Log:33 - Current cookies being sent: auth_token=eyJhbGciOiJIUzI1NiIsInR5cCI6IkpXVCJ9.eyJzaWQiOiI2OWNlY2I3ZmZiMzA0MDQ2YWI2NmNiMWExZGM4NGZlMyIsImF0ayI6IjhlYzUyZTkzY2I2NzQxMWI5MGRjYzIxNDNjYWMxYWYxIiwidWlkIjoiMjk2Yjg3MjQtODM5Zi00MjY3LWIyYTQtNGYzYTg0ZWQ5MDFjIiwiZXhwIjoxNzYxMjI1MDU0LCJpYXQiOjE3NjEyMDM0NTR9.17fwwPEfr2dJVKjDgeNiNCTLh3HjOxOEnrAETYEJaRk;Path=/;Max-Age=21600;HttpOnly;Expires=23/10/25, 1:10 pm;SameSite=Lax
2025-10-23 12:41:06 [main] INFO  Log:33 - Current cookies being sent: auth_token=eyJhbGciOiJIUzI1NiIsInR5cCI6IkpXVCJ9.eyJzaWQiOiI2OWNlY2I3ZmZiMzA0MDQ2YWI2NmNiMWExZGM4NGZlMyIsImF0ayI6IjhlYzUyZTkzY2I2NzQxMWI5MGRjYzIxNDNjYWMxYWYxIiwidWlkIjoiMjk2Yjg3MjQtODM5Zi00MjY3LWIyYTQtNGYzYTg0ZWQ5MDFjIiwiZXhwIjoxNzYxMjI1MDU0LCJpYXQiOjE3NjEyMDM0NTR9.17fwwPEfr2dJVKjDgeNiNCTLh3HjOxOEnrAETYEJaRk;Path=/;Max-Age=21600;HttpOnly;Expires=23/10/25, 1:10 pm;SameSite=Lax
2025-10-23 12:41:06 [main] INFO  Log:33 - Current cookies being sent: auth_token=eyJhbGciOiJIUzI1NiIsInR5cCI6IkpXVCJ9.eyJzaWQiOiI2OWNlY2I3ZmZiMzA0MDQ2YWI2NmNiMWExZGM4NGZlMyIsImF0ayI6IjhlYzUyZTkzY2I2NzQxMWI5MGRjYzIxNDNjYWMxYWYxIiwidWlkIjoiMjk2Yjg3MjQtODM5Zi00MjY3LWIyYTQtNGYzYTg0ZWQ5MDFjIiwiZXhwIjoxNzYxMjI1MDU0LCJpYXQiOjE3NjEyMDM0NTR9.17fwwPEfr2dJVKjDgeNiNCTLh3HjOxOEnrAETYEJaRk;Path=/;Max-Age=21600;HttpOnly;Expires=23/10/25, 1:10 pm;SameSite=Lax
2025-10-23 12:41:07 [main] INFO  Log:33 - Current cookies being sent: auth_token=eyJhbGciOiJIUzI1NiIsInR5cCI6IkpXVCJ9.eyJzaWQiOiI2OWNlY2I3ZmZiMzA0MDQ2YWI2NmNiMWExZGM4NGZlMyIsImF0ayI6IjhlYzUyZTkzY2I2NzQxMWI5MGRjYzIxNDNjYWMxYWYxIiwidWlkIjoiMjk2Yjg3MjQtODM5Zi00MjY3LWIyYTQtNGYzYTg0ZWQ5MDFjIiwiZXhwIjoxNzYxMjI1MDU0LCJpYXQiOjE3NjEyMDM0NTR9.17fwwPEfr2dJVKjDgeNiNCTLh3HjOxOEnrAETYEJaRk;Path=/;Max-Age=21600;HttpOnly;Expires=23/10/25, 1:10 pm;SameSite=Lax
2025-10-23 12:41:07 [main] INFO  Log:33 - Current cookies being sent: auth_token=eyJhbGciOiJIUzI1NiIsInR5cCI6IkpXVCJ9.eyJzaWQiOiI2OWNlY2I3ZmZiMzA0MDQ2YWI2NmNiMWExZGM4NGZlMyIsImF0ayI6IjhlYzUyZTkzY2I2NzQxMWI5MGRjYzIxNDNjYWMxYWYxIiwidWlkIjoiMjk2Yjg3MjQtODM5Zi00MjY3LWIyYTQtNGYzYTg0ZWQ5MDFjIiwiZXhwIjoxNzYxMjI1MDU0LCJpYXQiOjE3NjEyMDM0NTR9.17fwwPEfr2dJVKjDgeNiNCTLh3HjOxOEnrAETYEJaRk;Path=/;Max-Age=21600;HttpOnly;Expires=23/10/25, 1:10 pm;SameSite=Lax
2025-10-23 12:41:07 [main] INFO  Log:33 - Current cookies being sent: auth_token=eyJhbGciOiJIUzI1NiIsInR5cCI6IkpXVCJ9.eyJzaWQiOiI2OWNlY2I3ZmZiMzA0MDQ2YWI2NmNiMWExZGM4NGZlMyIsImF0ayI6IjhlYzUyZTkzY2I2NzQxMWI5MGRjYzIxNDNjYWMxYWYxIiwidWlkIjoiMjk2Yjg3MjQtODM5Zi00MjY3LWIyYTQtNGYzYTg0ZWQ5MDFjIiwiZXhwIjoxNzYxMjI1MDU0LCJpYXQiOjE3NjEyMDM0NTR9.17fwwPEfr2dJVKjDgeNiNCTLh3HjOxOEnrAETYEJaRk;Path=/;Max-Age=21600;HttpOnly;Expires=23/10/25, 1:10 pm;SameSite=Lax
2025-10-23 12:41:08 [main] INFO  Log:33 - Current cookies being sent: auth_token=eyJhbGciOiJIUzI1NiIsInR5cCI6IkpXVCJ9.eyJzaWQiOiI2OWNlY2I3ZmZiMzA0MDQ2YWI2NmNiMWExZGM4NGZlMyIsImF0ayI6IjhlYzUyZTkzY2I2NzQxMWI5MGRjYzIxNDNjYWMxYWYxIiwidWlkIjoiMjk2Yjg3MjQtODM5Zi00MjY3LWIyYTQtNGYzYTg0ZWQ5MDFjIiwiZXhwIjoxNzYxMjI1MDU0LCJpYXQiOjE3NjEyMDM0NTR9.17fwwPEfr2dJVKjDgeNiNCTLh3HjOxOEnrAETYEJaRk;Path=/;Max-Age=21600;HttpOnly;Expires=23/10/25, 1:10 pm;SameSite=Lax
2025-10-23 12:41:08 [main] INFO  Log:33 - Current cookies being sent: auth_token=eyJhbGciOiJIUzI1NiIsInR5cCI6IkpXVCJ9.eyJzaWQiOiI2OWNlY2I3ZmZiMzA0MDQ2YWI2NmNiMWExZGM4NGZlMyIsImF0ayI6IjhlYzUyZTkzY2I2NzQxMWI5MGRjYzIxNDNjYWMxYWYxIiwidWlkIjoiMjk2Yjg3MjQtODM5Zi00MjY3LWIyYTQtNGYzYTg0ZWQ5MDFjIiwiZXhwIjoxNzYxMjI1MDU0LCJpYXQiOjE3NjEyMDM0NTR9.17fwwPEfr2dJVKjDgeNiNCTLh3HjOxOEnrAETYEJaRk;Path=/;Max-Age=21600;HttpOnly;Expires=23/10/25, 1:10 pm;SameSite=Lax
2025-10-23 12:41:08 [main] INFO  Log:33 - Current cookies being sent: auth_token=eyJhbGciOiJIUzI1NiIsInR5cCI6IkpXVCJ9.eyJzaWQiOiI2OWNlY2I3ZmZiMzA0MDQ2YWI2NmNiMWExZGM4NGZlMyIsImF0ayI6IjhlYzUyZTkzY2I2NzQxMWI5MGRjYzIxNDNjYWMxYWYxIiwidWlkIjoiMjk2Yjg3MjQtODM5Zi00MjY3LWIyYTQtNGYzYTg0ZWQ5MDFjIiwiZXhwIjoxNzYxMjI1MDU0LCJpYXQiOjE3NjEyMDM0NTR9.17fwwPEfr2dJVKjDgeNiNCTLh3HjOxOEnrAETYEJaRk;Path=/;Max-Age=21600;HttpOnly;Expires=23/10/25, 1:10 pm;SameSite=Lax
2025-10-23 12:41:09 [main] INFO  Log:33 - Current cookies being sent: auth_token=eyJhbGciOiJIUzI1NiIsInR5cCI6IkpXVCJ9.eyJzaWQiOiI2OWNlY2I3ZmZiMzA0MDQ2YWI2NmNiMWExZGM4NGZlMyIsImF0ayI6IjhlYzUyZTkzY2I2NzQxMWI5MGRjYzIxNDNjYWMxYWYxIiwidWlkIjoiMjk2Yjg3MjQtODM5Zi00MjY3LWIyYTQtNGYzYTg0ZWQ5MDFjIiwiZXhwIjoxNzYxMjI1MDU0LCJpYXQiOjE3NjEyMDM0NTR9.17fwwPEfr2dJVKjDgeNiNCTLh3HjOxOEnrAETYEJaRk;Path=/;Max-Age=21600;HttpOnly;Expires=23/10/25, 1:10 pm;SameSite=Lax
2025-10-23 12:41:09 [main] INFO  Log:33 - Current cookies being sent: auth_token=eyJhbGciOiJIUzI1NiIsInR5cCI6IkpXVCJ9.eyJzaWQiOiI2OWNlY2I3ZmZiMzA0MDQ2YWI2NmNiMWExZGM4NGZlMyIsImF0ayI6IjhlYzUyZTkzY2I2NzQxMWI5MGRjYzIxNDNjYWMxYWYxIiwidWlkIjoiMjk2Yjg3MjQtODM5Zi00MjY3LWIyYTQtNGYzYTg0ZWQ5MDFjIiwiZXhwIjoxNzYxMjI1MDU0LCJpYXQiOjE3NjEyMDM0NTR9.17fwwPEfr2dJVKjDgeNiNCTLh3HjOxOEnrAETYEJaRk;Path=/;Max-Age=21600;HttpOnly;Expires=23/10/25, 1:10 pm;SameSite=Lax
2025-10-23 12:41:09 [main] INFO  Log:33 - Current cookies being sent: auth_token=eyJhbGciOiJIUzI1NiIsInR5cCI6IkpXVCJ9.eyJzaWQiOiI2OWNlY2I3ZmZiMzA0MDQ2YWI2NmNiMWExZGM4NGZlMyIsImF0ayI6IjhlYzUyZTkzY2I2NzQxMWI5MGRjYzIxNDNjYWMxYWYxIiwidWlkIjoiMjk2Yjg3MjQtODM5Zi00MjY3LWIyYTQtNGYzYTg0ZWQ5MDFjIiwiZXhwIjoxNzYxMjI1MDU0LCJpYXQiOjE3NjEyMDM0NTR9.17fwwPEfr2dJVKjDgeNiNCTLh3HjOxOEnrAETYEJaRk;Path=/;Max-Age=21600;HttpOnly;Expires=23/10/25, 1:10 pm;SameSite=Lax
2025-10-23 12:41:10 [main] INFO  Log:33 - Current cookies being sent: auth_token=eyJhbGciOiJIUzI1NiIsInR5cCI6IkpXVCJ9.eyJzaWQiOiI2OWNlY2I3ZmZiMzA0MDQ2YWI2NmNiMWExZGM4NGZlMyIsImF0ayI6IjhlYzUyZTkzY2I2NzQxMWI5MGRjYzIxNDNjYWMxYWYxIiwidWlkIjoiMjk2Yjg3MjQtODM5Zi00MjY3LWIyYTQtNGYzYTg0ZWQ5MDFjIiwiZXhwIjoxNzYxMjI1MDU0LCJpYXQiOjE3NjEyMDM0NTR9.17fwwPEfr2dJVKjDgeNiNCTLh3HjOxOEnrAETYEJaRk;Path=/;Max-Age=21600;HttpOnly;Expires=23/10/25, 1:10 pm;SameSite=Lax
2025-10-23 12:41:10 [main] INFO  Log:33 - Current cookies being sent: auth_token=eyJhbGciOiJIUzI1NiIsInR5cCI6IkpXVCJ9.eyJzaWQiOiI2OWNlY2I3ZmZiMzA0MDQ2YWI2NmNiMWExZGM4NGZlMyIsImF0ayI6IjhlYzUyZTkzY2I2NzQxMWI5MGRjYzIxNDNjYWMxYWYxIiwidWlkIjoiMjk2Yjg3MjQtODM5Zi00MjY3LWIyYTQtNGYzYTg0ZWQ5MDFjIiwiZXhwIjoxNzYxMjI1MDU0LCJpYXQiOjE3NjEyMDM0NTR9.17fwwPEfr2dJVKjDgeNiNCTLh3HjOxOEnrAETYEJaRk;Path=/;Max-Age=21600;HttpOnly;Expires=23/10/25, 1:10 pm;SameSite=Lax
2025-10-23 12:41:10 [main] INFO  Log:33 - Current cookies being sent: auth_token=eyJhbGciOiJIUzI1NiIsInR5cCI6IkpXVCJ9.eyJzaWQiOiI2OWNlY2I3ZmZiMzA0MDQ2YWI2NmNiMWExZGM4NGZlMyIsImF0ayI6IjhlYzUyZTkzY2I2NzQxMWI5MGRjYzIxNDNjYWMxYWYxIiwidWlkIjoiMjk2Yjg3MjQtODM5Zi00MjY3LWIyYTQtNGYzYTg0ZWQ5MDFjIiwiZXhwIjoxNzYxMjI1MDU0LCJpYXQiOjE3NjEyMDM0NTR9.17fwwPEfr2dJVKjDgeNiNCTLh3HjOxOEnrAETYEJaRk;Path=/;Max-Age=21600;HttpOnly;Expires=23/10/25, 1:10 pm;SameSite=Lax
2025-10-23 12:41:11 [main] INFO  Log:33 - Current cookies being sent: auth_token=eyJhbGciOiJIUzI1NiIsInR5cCI6IkpXVCJ9.eyJzaWQiOiI2OWNlY2I3ZmZiMzA0MDQ2YWI2NmNiMWExZGM4NGZlMyIsImF0ayI6IjhlYzUyZTkzY2I2NzQxMWI5MGRjYzIxNDNjYWMxYWYxIiwidWlkIjoiMjk2Yjg3MjQtODM5Zi00MjY3LWIyYTQtNGYzYTg0ZWQ5MDFjIiwiZXhwIjoxNzYxMjI1MDU0LCJpYXQiOjE3NjEyMDM0NTR9.17fwwPEfr2dJVKjDgeNiNCTLh3HjOxOEnrAETYEJaRk;Path=/;Max-Age=21600;HttpOnly;Expires=23/10/25, 1:10 pm;SameSite=Lax
2025-10-23 12:41:11 [main] INFO  Log:33 - Current cookies being sent: auth_token=eyJhbGciOiJIUzI1NiIsInR5cCI6IkpXVCJ9.eyJzaWQiOiI2OWNlY2I3ZmZiMzA0MDQ2YWI2NmNiMWExZGM4NGZlMyIsImF0ayI6IjhlYzUyZTkzY2I2NzQxMWI5MGRjYzIxNDNjYWMxYWYxIiwidWlkIjoiMjk2Yjg3MjQtODM5Zi00MjY3LWIyYTQtNGYzYTg0ZWQ5MDFjIiwiZXhwIjoxNzYxMjI1MDU0LCJpYXQiOjE3NjEyMDM0NTR9.17fwwPEfr2dJVKjDgeNiNCTLh3HjOxOEnrAETYEJaRk;Path=/;Max-Age=21600;HttpOnly;Expires=23/10/25, 1:10 pm;SameSite=Lax
2025-10-23 12:41:11 [main] INFO  Log:33 - Current cookies being sent: auth_token=eyJhbGciOiJIUzI1NiIsInR5cCI6IkpXVCJ9.eyJzaWQiOiI2OWNlY2I3ZmZiMzA0MDQ2YWI2NmNiMWExZGM4NGZlMyIsImF0ayI6IjhlYzUyZTkzY2I2NzQxMWI5MGRjYzIxNDNjYWMxYWYxIiwidWlkIjoiMjk2Yjg3MjQtODM5Zi00MjY3LWIyYTQtNGYzYTg0ZWQ5MDFjIiwiZXhwIjoxNzYxMjI1MDU0LCJpYXQiOjE3NjEyMDM0NTR9.17fwwPEfr2dJVKjDgeNiNCTLh3HjOxOEnrAETYEJaRk;Path=/;Max-Age=21600;HttpOnly;Expires=23/10/25, 1:10 pm;SameSite=Lax
2025-10-23 12:41:12 [main] INFO  Log:33 - Current cookies being sent: auth_token=eyJhbGciOiJIUzI1NiIsInR5cCI6IkpXVCJ9.eyJzaWQiOiI2OWNlY2I3ZmZiMzA0MDQ2YWI2NmNiMWExZGM4NGZlMyIsImF0ayI6IjhlYzUyZTkzY2I2NzQxMWI5MGRjYzIxNDNjYWMxYWYxIiwidWlkIjoiMjk2Yjg3MjQtODM5Zi00MjY3LWIyYTQtNGYzYTg0ZWQ5MDFjIiwiZXhwIjoxNzYxMjI1MDU0LCJpYXQiOjE3NjEyMDM0NTR9.17fwwPEfr2dJVKjDgeNiNCTLh3HjOxOEnrAETYEJaRk;Path=/;Max-Age=21600;HttpOnly;Expires=23/10/25, 1:10 pm;SameSite=Lax
2025-10-23 12:41:12 [main] INFO  Log:33 - Current cookies being sent: auth_token=eyJhbGciOiJIUzI1NiIsInR5cCI6IkpXVCJ9.eyJzaWQiOiI2OWNlY2I3ZmZiMzA0MDQ2YWI2NmNiMWExZGM4NGZlMyIsImF0ayI6IjhlYzUyZTkzY2I2NzQxMWI5MGRjYzIxNDNjYWMxYWYxIiwidWlkIjoiMjk2Yjg3MjQtODM5Zi00MjY3LWIyYTQtNGYzYTg0ZWQ5MDFjIiwiZXhwIjoxNzYxMjI1MDU0LCJpYXQiOjE3NjEyMDM0NTR9.17fwwPEfr2dJVKjDgeNiNCTLh3HjOxOEnrAETYEJaRk;Path=/;Max-Age=21600;HttpOnly;Expires=23/10/25, 1:10 pm;SameSite=Lax
2025-10-23 12:41:13 [main] INFO  Log:33 - Current cookies being sent: auth_token=eyJhbGciOiJIUzI1NiIsInR5cCI6IkpXVCJ9.eyJzaWQiOiI2OWNlY2I3ZmZiMzA0MDQ2YWI2NmNiMWExZGM4NGZlMyIsImF0ayI6IjhlYzUyZTkzY2I2NzQxMWI5MGRjYzIxNDNjYWMxYWYxIiwidWlkIjoiMjk2Yjg3MjQtODM5Zi00MjY3LWIyYTQtNGYzYTg0ZWQ5MDFjIiwiZXhwIjoxNzYxMjI1MDU0LCJpYXQiOjE3NjEyMDM0NTR9.17fwwPEfr2dJVKjDgeNiNCTLh3HjOxOEnrAETYEJaRk;Path=/;Max-Age=21600;HttpOnly;Expires=23/10/25, 1:10 pm;SameSite=Lax
2025-10-23 12:41:13 [main] INFO  Log:33 - Current cookies being sent: auth_token=eyJhbGciOiJIUzI1NiIsInR5cCI6IkpXVCJ9.eyJzaWQiOiI2OWNlY2I3ZmZiMzA0MDQ2YWI2NmNiMWExZGM4NGZlMyIsImF0ayI6IjhlYzUyZTkzY2I2NzQxMWI5MGRjYzIxNDNjYWMxYWYxIiwidWlkIjoiMjk2Yjg3MjQtODM5Zi00MjY3LWIyYTQtNGYzYTg0ZWQ5MDFjIiwiZXhwIjoxNzYxMjI1MDU0LCJpYXQiOjE3NjEyMDM0NTR9.17fwwPEfr2dJVKjDgeNiNCTLh3HjOxOEnrAETYEJaRk;Path=/;Max-Age=21600;HttpOnly;Expires=23/10/25, 1:10 pm;SameSite=Lax
2025-10-23 12:41:13 [main] INFO  Log:33 - Current cookies being sent: auth_token=eyJhbGciOiJIUzI1NiIsInR5cCI6IkpXVCJ9.eyJzaWQiOiI2OWNlY2I3ZmZiMzA0MDQ2YWI2NmNiMWExZGM4NGZlMyIsImF0ayI6IjhlYzUyZTkzY2I2NzQxMWI5MGRjYzIxNDNjYWMxYWYxIiwidWlkIjoiMjk2Yjg3MjQtODM5Zi00MjY3LWIyYTQtNGYzYTg0ZWQ5MDFjIiwiZXhwIjoxNzYxMjI1MDU0LCJpYXQiOjE3NjEyMDM0NTR9.17fwwPEfr2dJVKjDgeNiNCTLh3HjOxOEnrAETYEJaRk;Path=/;Max-Age=21600;HttpOnly;Expires=23/10/25, 1:10 pm;SameSite=Lax
2025-10-23 12:41:14 [main] INFO  Log:33 - Current cookies being sent: auth_token=eyJhbGciOiJIUzI1NiIsInR5cCI6IkpXVCJ9.eyJzaWQiOiI2OWNlY2I3ZmZiMzA0MDQ2YWI2NmNiMWExZGM4NGZlMyIsImF0ayI6IjhlYzUyZTkzY2I2NzQxMWI5MGRjYzIxNDNjYWMxYWYxIiwidWlkIjoiMjk2Yjg3MjQtODM5Zi00MjY3LWIyYTQtNGYzYTg0ZWQ5MDFjIiwiZXhwIjoxNzYxMjI1MDU0LCJpYXQiOjE3NjEyMDM0NTR9.17fwwPEfr2dJVKjDgeNiNCTLh3HjOxOEnrAETYEJaRk;Path=/;Max-Age=21600;HttpOnly;Expires=23/10/25, 1:10 pm;SameSite=Lax
2025-10-23 12:41:14 [main] INFO  Log:33 - Current cookies being sent: auth_token=eyJhbGciOiJIUzI1NiIsInR5cCI6IkpXVCJ9.eyJzaWQiOiI2OWNlY2I3ZmZiMzA0MDQ2YWI2NmNiMWExZGM4NGZlMyIsImF0ayI6IjhlYzUyZTkzY2I2NzQxMWI5MGRjYzIxNDNjYWMxYWYxIiwidWlkIjoiMjk2Yjg3MjQtODM5Zi00MjY3LWIyYTQtNGYzYTg0ZWQ5MDFjIiwiZXhwIjoxNzYxMjI1MDU0LCJpYXQiOjE3NjEyMDM0NTR9.17fwwPEfr2dJVKjDgeNiNCTLh3HjOxOEnrAETYEJaRk;Path=/;Max-Age=21600;HttpOnly;Expires=23/10/25, 1:10 pm;SameSite=Lax
2025-10-23 12:41:14 [main] INFO  Log:33 - Current cookies being sent: auth_token=eyJhbGciOiJIUzI1NiIsInR5cCI6IkpXVCJ9.eyJzaWQiOiI2OWNlY2I3ZmZiMzA0MDQ2YWI2NmNiMWExZGM4NGZlMyIsImF0ayI6IjhlYzUyZTkzY2I2NzQxMWI5MGRjYzIxNDNjYWMxYWYxIiwidWlkIjoiMjk2Yjg3MjQtODM5Zi00MjY3LWIyYTQtNGYzYTg0ZWQ5MDFjIiwiZXhwIjoxNzYxMjI1MDU0LCJpYXQiOjE3NjEyMDM0NTR9.17fwwPEfr2dJVKjDgeNiNCTLh3HjOxOEnrAETYEJaRk;Path=/;Max-Age=21600;HttpOnly;Expires=23/10/25, 1:10 pm;SameSite=Lax
2025-10-23 12:41:15 [main] INFO  Log:33 - Current cookies being sent: auth_token=eyJhbGciOiJIUzI1NiIsInR5cCI6IkpXVCJ9.eyJzaWQiOiI2OWNlY2I3ZmZiMzA0MDQ2YWI2NmNiMWExZGM4NGZlMyIsImF0ayI6IjhlYzUyZTkzY2I2NzQxMWI5MGRjYzIxNDNjYWMxYWYxIiwidWlkIjoiMjk2Yjg3MjQtODM5Zi00MjY3LWIyYTQtNGYzYTg0ZWQ5MDFjIiwiZXhwIjoxNzYxMjI1MDU0LCJpYXQiOjE3NjEyMDM0NTR9.17fwwPEfr2dJVKjDgeNiNCTLh3HjOxOEnrAETYEJaRk;Path=/;Max-Age=21600;HttpOnly;Expires=23/10/25, 1:10 pm;SameSite=Lax
2025-10-23 12:41:15 [main] INFO  Log:33 - Current cookies being sent: auth_token=eyJhbGciOiJIUzI1NiIsInR5cCI6IkpXVCJ9.eyJzaWQiOiI2OWNlY2I3ZmZiMzA0MDQ2YWI2NmNiMWExZGM4NGZlMyIsImF0ayI6IjhlYzUyZTkzY2I2NzQxMWI5MGRjYzIxNDNjYWMxYWYxIiwidWlkIjoiMjk2Yjg3MjQtODM5Zi00MjY3LWIyYTQtNGYzYTg0ZWQ5MDFjIiwiZXhwIjoxNzYxMjI1MDU0LCJpYXQiOjE3NjEyMDM0NTR9.17fwwPEfr2dJVKjDgeNiNCTLh3HjOxOEnrAETYEJaRk;Path=/;Max-Age=21600;HttpOnly;Expires=23/10/25, 1:10 pm;SameSite=Lax
2025-10-23 12:41:15 [main] INFO  Log:33 - Current cookies being sent: auth_token=eyJhbGciOiJIUzI1NiIsInR5cCI6IkpXVCJ9.eyJzaWQiOiI2OWNlY2I3ZmZiMzA0MDQ2YWI2NmNiMWExZGM4NGZlMyIsImF0ayI6IjhlYzUyZTkzY2I2NzQxMWI5MGRjYzIxNDNjYWMxYWYxIiwidWlkIjoiMjk2Yjg3MjQtODM5Zi00MjY3LWIyYTQtNGYzYTg0ZWQ5MDFjIiwiZXhwIjoxNzYxMjI1MDU0LCJpYXQiOjE3NjEyMDM0NTR9.17fwwPEfr2dJVKjDgeNiNCTLh3HjOxOEnrAETYEJaRk;Path=/;Max-Age=21600;HttpOnly;Expires=23/10/25, 1:10 pm;SameSite=Lax
2025-10-23 12:41:16 [main] INFO  Log:33 - Current cookies being sent: auth_token=eyJhbGciOiJIUzI1NiIsInR5cCI6IkpXVCJ9.eyJzaWQiOiI2OWNlY2I3ZmZiMzA0MDQ2YWI2NmNiMWExZGM4NGZlMyIsImF0ayI6IjhlYzUyZTkzY2I2NzQxMWI5MGRjYzIxNDNjYWMxYWYxIiwidWlkIjoiMjk2Yjg3MjQtODM5Zi00MjY3LWIyYTQtNGYzYTg0ZWQ5MDFjIiwiZXhwIjoxNzYxMjI1MDU0LCJpYXQiOjE3NjEyMDM0NTR9.17fwwPEfr2dJVKjDgeNiNCTLh3HjOxOEnrAETYEJaRk;Path=/;Max-Age=21600;HttpOnly;Expires=23/10/25, 1:10 pm;SameSite=Lax
2025-10-23 12:41:16 [main] INFO  Log:33 - Current cookies being sent: auth_token=eyJhbGciOiJIUzI1NiIsInR5cCI6IkpXVCJ9.eyJzaWQiOiI2OWNlY2I3ZmZiMzA0MDQ2YWI2NmNiMWExZGM4NGZlMyIsImF0ayI6IjhlYzUyZTkzY2I2NzQxMWI5MGRjYzIxNDNjYWMxYWYxIiwidWlkIjoiMjk2Yjg3MjQtODM5Zi00MjY3LWIyYTQtNGYzYTg0ZWQ5MDFjIiwiZXhwIjoxNzYxMjI1MDU0LCJpYXQiOjE3NjEyMDM0NTR9.17fwwPEfr2dJVKjDgeNiNCTLh3HjOxOEnrAETYEJaRk;Path=/;Max-Age=21600;HttpOnly;Expires=23/10/25, 1:10 pm;SameSite=Lax
2025-10-23 12:41:16 [main] INFO  Log:33 - Current cookies being sent: auth_token=eyJhbGciOiJIUzI1NiIsInR5cCI6IkpXVCJ9.eyJzaWQiOiI2OWNlY2I3ZmZiMzA0MDQ2YWI2NmNiMWExZGM4NGZlMyIsImF0ayI6IjhlYzUyZTkzY2I2NzQxMWI5MGRjYzIxNDNjYWMxYWYxIiwidWlkIjoiMjk2Yjg3MjQtODM5Zi00MjY3LWIyYTQtNGYzYTg0ZWQ5MDFjIiwiZXhwIjoxNzYxMjI1MDU0LCJpYXQiOjE3NjEyMDM0NTR9.17fwwPEfr2dJVKjDgeNiNCTLh3HjOxOEnrAETYEJaRk;Path=/;Max-Age=21600;HttpOnly;Expires=23/10/25, 1:10 pm;SameSite=Lax
2025-10-23 12:41:17 [main] INFO  Log:33 - Current cookies being sent: auth_token=eyJhbGciOiJIUzI1NiIsInR5cCI6IkpXVCJ9.eyJzaWQiOiI2OWNlY2I3ZmZiMzA0MDQ2YWI2NmNiMWExZGM4NGZlMyIsImF0ayI6IjhlYzUyZTkzY2I2NzQxMWI5MGRjYzIxNDNjYWMxYWYxIiwidWlkIjoiMjk2Yjg3MjQtODM5Zi00MjY3LWIyYTQtNGYzYTg0ZWQ5MDFjIiwiZXhwIjoxNzYxMjI1MDU0LCJpYXQiOjE3NjEyMDM0NTR9.17fwwPEfr2dJVKjDgeNiNCTLh3HjOxOEnrAETYEJaRk;Path=/;Max-Age=21600;HttpOnly;Expires=23/10/25, 1:10 pm;SameSite=Lax
2025-10-23 12:41:17 [main] INFO  Log:33 - Current cookies being sent: auth_token=eyJhbGciOiJIUzI1NiIsInR5cCI6IkpXVCJ9.eyJzaWQiOiI2OWNlY2I3ZmZiMzA0MDQ2YWI2NmNiMWExZGM4NGZlMyIsImF0ayI6IjhlYzUyZTkzY2I2NzQxMWI5MGRjYzIxNDNjYWMxYWYxIiwidWlkIjoiMjk2Yjg3MjQtODM5Zi00MjY3LWIyYTQtNGYzYTg0ZWQ5MDFjIiwiZXhwIjoxNzYxMjI1MDU0LCJpYXQiOjE3NjEyMDM0NTR9.17fwwPEfr2dJVKjDgeNiNCTLh3HjOxOEnrAETYEJaRk;Path=/;Max-Age=21600;HttpOnly;Expires=23/10/25, 1:10 pm;SameSite=Lax
2025-10-23 12:41:17 [main] INFO  Log:33 - Current cookies being sent: auth_token=eyJhbGciOiJIUzI1NiIsInR5cCI6IkpXVCJ9.eyJzaWQiOiI2OWNlY2I3ZmZiMzA0MDQ2YWI2NmNiMWExZGM4NGZlMyIsImF0ayI6IjhlYzUyZTkzY2I2NzQxMWI5MGRjYzIxNDNjYWMxYWYxIiwidWlkIjoiMjk2Yjg3MjQtODM5Zi00MjY3LWIyYTQtNGYzYTg0ZWQ5MDFjIiwiZXhwIjoxNzYxMjI1MDU0LCJpYXQiOjE3NjEyMDM0NTR9.17fwwPEfr2dJVKjDgeNiNCTLh3HjOxOEnrAETYEJaRk;Path=/;Max-Age=21600;HttpOnly;Expires=23/10/25, 1:10 pm;SameSite=Lax
2025-10-23 12:41:18 [main] INFO  Log:33 - Cookies:auth_token=eyJhbGciOiJIUzI1NiIsInR5cCI6IkpXVCJ9.eyJzaWQiOiI2OWNlY2I3ZmZiMzA0MDQ2YWI2NmNiMWExZGM4NGZlMyIsImF0ayI6IjhlYzUyZTkzY2I2NzQxMWI5MGRjYzIxNDNjYWMxYWYxIiwidWlkIjoiMjk2Yjg3MjQtODM5Zi00MjY3LWIyYTQtNGYzYTg0ZWQ5MDFjIiwiZXhwIjoxNzYxMjI1MDU0LCJpYXQiOjE3NjEyMDM0NTR9.17fwwPEfr2dJVKjDgeNiNCTLh3HjOxOEnrAETYEJaRk;Path=/;Max-Age=21600;HttpOnly;Expires=23/10/25, 1:10 pm;SameSite=Lax
2025-10-23 14:03:41 [main] INFO  Log:33 - Current cookies being sent: 
2025-10-23 14:03:44 [main] INFO  Log:33 - Current cookies being sent: 
2025-10-23 14:03:44 [main] INFO  Log:33 - Current cookies being sent: 
2025-10-23 14:03:45 [main] INFO  Log:33 - Current cookies being sent: 
2025-10-23 14:03:45 [main] INFO  Log:33 - Current cookies being sent: 
2025-10-23 14:03:45 [main] INFO  Log:33 - Current cookies being sent: 
2025-10-23 14:03:45 [main] INFO  Log:33 - Current cookies being sent: 
2025-10-23 14:03:46 [main] INFO  Log:33 - Current cookies being sent: 
2025-10-23 14:03:46 [main] INFO  Log:33 - Current cookies being sent: 
2025-10-23 14:03:46 [main] INFO  Log:33 - Current cookies being sent: 
2025-10-23 14:03:46 [main] INFO  Log:33 - Current cookies being sent: 
2025-10-23 14:03:51 [main] INFO  Log:33 - Current cookies being sent: 
2025-10-23 14:03:55 [main] INFO  Log:33 - Current cookies being sent: 
2025-10-23 14:04:01 [main] INFO  Log:33 - Current cookies being sent: 
2025-10-23 14:04:05 [main] INFO  Log:33 - Current cookies being sent: 
2025-10-23 14:04:05 [main] INFO  Log:33 - Current cookies being sent: 
2025-10-23 14:04:06 [main] INFO  Log:33 - Current cookies being sent: 
2025-10-23 14:04:07 [main] INFO  Log:33 - Current cookies being sent: 
2025-10-23 14:04:08 [main] INFO  Log:33 - Current cookies being sent: 
2025-10-23 14:04:09 [main] INFO  Log:33 - Current cookies being sent: 
2025-10-23 14:04:10 [main] INFO  Log:33 - Current cookies being sent: 
2025-10-23 14:04:10 [main] INFO  Log:33 - Current cookies being sent: 
2025-10-23 14:04:10 [main] INFO  Log:33 - Current cookies being sent: 
2025-10-23 14:04:11 [main] INFO  Log:33 - Current cookies being sent: 
2025-10-23 14:04:16 [main] INFO  Log:33 - mail:gqhpsmve@mybizz.com
2025-10-23 14:04:16 [main] INFO  Log:33 - password:gNC0MGZ%8oUP
2025-10-23 14:04:16 [main] INFO  Log:33 - Current cookies being sent: 
2025-10-23 14:04:16 [main] INFO  Log:33 - Current cookies being sent: 
2025-10-23 14:04:21 [main] INFO  Log:33 - Current cookies being sent: 
2025-10-23 14:04:22 [main] INFO  Log:33 - Current cookies being sent: 
2025-10-23 14:04:23 [main] INFO  Log:33 - Current cookies being sent: 
2025-10-23 14:04:23 [main] INFO  Log:33 - Current cookies being sent: 
2025-10-23 14:04:23 [main] INFO  Log:33 - Current cookies being sent: 
2025-10-23 14:04:23 [main] INFO  Log:33 - Current cookies being sent: 
2025-10-23 14:04:23 [main] INFO  Log:33 - Current cookies being sent: 
2025-10-23 14:04:24 [main] INFO  Log:33 - Current cookies being sent: 
2025-10-23 14:04:24 [main] INFO  Log:33 - Current cookies being sent: 
2025-10-23 14:04:24 [main] INFO  Log:33 - Current cookies being sent: 
2025-10-23 14:04:24 [main] INFO  Log:33 - Current cookies being sent: 
2025-10-23 14:04:24 [main] INFO  Log:33 - Current cookies being sent: 
2025-10-23 14:04:24 [main] INFO  Log:33 - Current cookies being sent: 
2025-10-23 14:04:24 [main] INFO  Log:33 - Current cookies being sent: 
2025-10-23 14:04:25 [main] INFO  Log:33 - Current cookies being sent: 
2025-10-23 14:04:25 [main] INFO  Log:33 - Current cookies being sent: 
2025-10-23 14:04:25 [main] INFO  Log:33 - Current cookies being sent: 
2025-10-23 14:04:25 [main] INFO  Log:33 - Current cookies being sent: 
2025-10-23 14:04:25 [main] INFO  Log:33 - Current cookies being sent: 
2025-10-23 14:04:26 [main] INFO  Log:33 - Current cookies being sent: 
2025-10-23 14:04:27 [main] INFO  Log:33 - Current cookies being sent: 
2025-10-23 14:04:27 [main] INFO  Log:33 - Current cookies being sent: 
2025-10-23 14:04:28 [main] INFO  Log:33 - authorization_token: null
2025-10-23 14:04:28 [main] INFO  Log:33 - Current cookies being sent: 
2025-10-23 14:04:29 [main] INFO  Log:33 - Current cookies being sent: 
2025-10-23 14:04:34 [main] INFO  Log:33 - authorization_token: eyJhbGciOiJIUzI1NiIsInR5cCI6IkpXVCJ9.eyJzaWQiOiI1OThhNGJjOWMxZjc0NTQ1ODYwZTM0MTE4Mjc0ZTVkMiIsImF0ayI6IjkzNDg5NDg2NzRkMDQ4Yjg4MDBhMmIzMmVhNjgxNmViIiwiZXhwIjoxNzYxMjA5MDcwLCJpYXQiOjE3NjEyMDg0NzB9.rGcc3TPpNy0pplaCGgo8mk9ED-Vx3vE8QCbR-XyTLI4
2025-10-23 14:04:34 [main] INFO  Log:33 - Current cookies being sent: 
2025-10-23 14:04:34 [main] INFO  Log:33 - stored cookie: auth_token=eyJhbGciOiJIUzI1NiIsInR5cCI6IkpXVCJ9.eyJzaWQiOiI1OThhNGJjOWMxZjc0NTQ1ODYwZTM0MTE4Mjc0ZTVkMiIsImF0ayI6IjE5MmIwMGVmNjQ2NjQwMDY5NTFjOTdjMTRkZWU2OWM0IiwidWlkIjoiMjk2Yjg3MjQtODM5Zi00MjY3LWIyYTQtNGYzYTg0ZWQ5MDFjIiwiZXhwIjoxNzYxMjMwMDc0LCJpYXQiOjE3NjEyMDg0NzR9.6DXvho9hBPlfCpqrt_IccNlh32bt7Jq1A6OWGscowrQ;Path=/;Max-Age=21600;HttpOnly;Expires=23/10/25, 2:34 pm;SameSite=Lax
2025-10-23 14:04:34 [main] INFO  Log:33 - Current cookies being sent: auth_token=eyJhbGciOiJIUzI1NiIsInR5cCI6IkpXVCJ9.eyJzaWQiOiI1OThhNGJjOWMxZjc0NTQ1ODYwZTM0MTE4Mjc0ZTVkMiIsImF0ayI6IjE5MmIwMGVmNjQ2NjQwMDY5NTFjOTdjMTRkZWU2OWM0IiwidWlkIjoiMjk2Yjg3MjQtODM5Zi00MjY3LWIyYTQtNGYzYTg0ZWQ5MDFjIiwiZXhwIjoxNzYxMjMwMDc0LCJpYXQiOjE3NjEyMDg0NzR9.6DXvho9hBPlfCpqrt_IccNlh32bt7Jq1A6OWGscowrQ;Path=/;Max-Age=21600;HttpOnly;Expires=23/10/25, 2:34 pm;SameSite=Lax
2025-10-23 14:04:35 [main] INFO  Log:33 - Current cookies being sent: auth_token=eyJhbGciOiJIUzI1NiIsInR5cCI6IkpXVCJ9.eyJzaWQiOiI1OThhNGJjOWMxZjc0NTQ1ODYwZTM0MTE4Mjc0ZTVkMiIsImF0ayI6IjE5MmIwMGVmNjQ2NjQwMDY5NTFjOTdjMTRkZWU2OWM0IiwidWlkIjoiMjk2Yjg3MjQtODM5Zi00MjY3LWIyYTQtNGYzYTg0ZWQ5MDFjIiwiZXhwIjoxNzYxMjMwMDc0LCJpYXQiOjE3NjEyMDg0NzR9.6DXvho9hBPlfCpqrt_IccNlh32bt7Jq1A6OWGscowrQ;Path=/;Max-Age=21600;HttpOnly;Expires=23/10/25, 2:34 pm;SameSite=Lax
2025-10-23 14:04:35 [main] INFO  Log:33 - Current cookies being sent: auth_token=eyJhbGciOiJIUzI1NiIsInR5cCI6IkpXVCJ9.eyJzaWQiOiI1OThhNGJjOWMxZjc0NTQ1ODYwZTM0MTE4Mjc0ZTVkMiIsImF0ayI6IjE5MmIwMGVmNjQ2NjQwMDY5NTFjOTdjMTRkZWU2OWM0IiwidWlkIjoiMjk2Yjg3MjQtODM5Zi00MjY3LWIyYTQtNGYzYTg0ZWQ5MDFjIiwiZXhwIjoxNzYxMjMwMDc0LCJpYXQiOjE3NjEyMDg0NzR9.6DXvho9hBPlfCpqrt_IccNlh32bt7Jq1A6OWGscowrQ;Path=/;Max-Age=21600;HttpOnly;Expires=23/10/25, 2:34 pm;SameSite=Lax
2025-10-23 14:04:36 [main] INFO  Log:33 - Current cookies being sent: auth_token=eyJhbGciOiJIUzI1NiIsInR5cCI6IkpXVCJ9.eyJzaWQiOiI1OThhNGJjOWMxZjc0NTQ1ODYwZTM0MTE4Mjc0ZTVkMiIsImF0ayI6IjE5MmIwMGVmNjQ2NjQwMDY5NTFjOTdjMTRkZWU2OWM0IiwidWlkIjoiMjk2Yjg3MjQtODM5Zi00MjY3LWIyYTQtNGYzYTg0ZWQ5MDFjIiwiZXhwIjoxNzYxMjMwMDc0LCJpYXQiOjE3NjEyMDg0NzR9.6DXvho9hBPlfCpqrt_IccNlh32bt7Jq1A6OWGscowrQ;Path=/;Max-Age=21600;HttpOnly;Expires=23/10/25, 2:34 pm;SameSite=Lax
2025-10-23 14:04:36 [main] INFO  Log:33 - Current cookies being sent: auth_token=eyJhbGciOiJIUzI1NiIsInR5cCI6IkpXVCJ9.eyJzaWQiOiI1OThhNGJjOWMxZjc0NTQ1ODYwZTM0MTE4Mjc0ZTVkMiIsImF0ayI6IjE5MmIwMGVmNjQ2NjQwMDY5NTFjOTdjMTRkZWU2OWM0IiwidWlkIjoiMjk2Yjg3MjQtODM5Zi00MjY3LWIyYTQtNGYzYTg0ZWQ5MDFjIiwiZXhwIjoxNzYxMjMwMDc0LCJpYXQiOjE3NjEyMDg0NzR9.6DXvho9hBPlfCpqrt_IccNlh32bt7Jq1A6OWGscowrQ;Path=/;Max-Age=21600;HttpOnly;Expires=23/10/25, 2:34 pm;SameSite=Lax
2025-10-23 14:04:36 [main] INFO  Log:33 - Current cookies being sent: auth_token=eyJhbGciOiJIUzI1NiIsInR5cCI6IkpXVCJ9.eyJzaWQiOiI1OThhNGJjOWMxZjc0NTQ1ODYwZTM0MTE4Mjc0ZTVkMiIsImF0ayI6IjE5MmIwMGVmNjQ2NjQwMDY5NTFjOTdjMTRkZWU2OWM0IiwidWlkIjoiMjk2Yjg3MjQtODM5Zi00MjY3LWIyYTQtNGYzYTg0ZWQ5MDFjIiwiZXhwIjoxNzYxMjMwMDc0LCJpYXQiOjE3NjEyMDg0NzR9.6DXvho9hBPlfCpqrt_IccNlh32bt7Jq1A6OWGscowrQ;Path=/;Max-Age=21600;HttpOnly;Expires=23/10/25, 2:34 pm;SameSite=Lax
2025-10-23 14:04:37 [main] INFO  Log:33 - Current cookies being sent: auth_token=eyJhbGciOiJIUzI1NiIsInR5cCI6IkpXVCJ9.eyJzaWQiOiI1OThhNGJjOWMxZjc0NTQ1ODYwZTM0MTE4Mjc0ZTVkMiIsImF0ayI6IjE5MmIwMGVmNjQ2NjQwMDY5NTFjOTdjMTRkZWU2OWM0IiwidWlkIjoiMjk2Yjg3MjQtODM5Zi00MjY3LWIyYTQtNGYzYTg0ZWQ5MDFjIiwiZXhwIjoxNzYxMjMwMDc0LCJpYXQiOjE3NjEyMDg0NzR9.6DXvho9hBPlfCpqrt_IccNlh32bt7Jq1A6OWGscowrQ;Path=/;Max-Age=21600;HttpOnly;Expires=23/10/25, 2:34 pm;SameSite=Lax
2025-10-23 14:04:37 [main] INFO  Log:33 - Current cookies being sent: auth_token=eyJhbGciOiJIUzI1NiIsInR5cCI6IkpXVCJ9.eyJzaWQiOiI1OThhNGJjOWMxZjc0NTQ1ODYwZTM0MTE4Mjc0ZTVkMiIsImF0ayI6IjE5MmIwMGVmNjQ2NjQwMDY5NTFjOTdjMTRkZWU2OWM0IiwidWlkIjoiMjk2Yjg3MjQtODM5Zi00MjY3LWIyYTQtNGYzYTg0ZWQ5MDFjIiwiZXhwIjoxNzYxMjMwMDc0LCJpYXQiOjE3NjEyMDg0NzR9.6DXvho9hBPlfCpqrt_IccNlh32bt7Jq1A6OWGscowrQ;Path=/;Max-Age=21600;HttpOnly;Expires=23/10/25, 2:34 pm;SameSite=Lax
2025-10-23 14:04:38 [main] INFO  Log:33 - Current cookies being sent: auth_token=eyJhbGciOiJIUzI1NiIsInR5cCI6IkpXVCJ9.eyJzaWQiOiI1OThhNGJjOWMxZjc0NTQ1ODYwZTM0MTE4Mjc0ZTVkMiIsImF0ayI6IjE5MmIwMGVmNjQ2NjQwMDY5NTFjOTdjMTRkZWU2OWM0IiwidWlkIjoiMjk2Yjg3MjQtODM5Zi00MjY3LWIyYTQtNGYzYTg0ZWQ5MDFjIiwiZXhwIjoxNzYxMjMwMDc0LCJpYXQiOjE3NjEyMDg0NzR9.6DXvho9hBPlfCpqrt_IccNlh32bt7Jq1A6OWGscowrQ;Path=/;Max-Age=21600;HttpOnly;Expires=23/10/25, 2:34 pm;SameSite=Lax
2025-10-23 14:04:38 [main] INFO  Log:33 - Current cookies being sent: auth_token=eyJhbGciOiJIUzI1NiIsInR5cCI6IkpXVCJ9.eyJzaWQiOiI1OThhNGJjOWMxZjc0NTQ1ODYwZTM0MTE4Mjc0ZTVkMiIsImF0ayI6IjE5MmIwMGVmNjQ2NjQwMDY5NTFjOTdjMTRkZWU2OWM0IiwidWlkIjoiMjk2Yjg3MjQtODM5Zi00MjY3LWIyYTQtNGYzYTg0ZWQ5MDFjIiwiZXhwIjoxNzYxMjMwMDc0LCJpYXQiOjE3NjEyMDg0NzR9.6DXvho9hBPlfCpqrt_IccNlh32bt7Jq1A6OWGscowrQ;Path=/;Max-Age=21600;HttpOnly;Expires=23/10/25, 2:34 pm;SameSite=Lax
2025-10-23 14:04:39 [main] INFO  Log:33 - Current cookies being sent: auth_token=eyJhbGciOiJIUzI1NiIsInR5cCI6IkpXVCJ9.eyJzaWQiOiI1OThhNGJjOWMxZjc0NTQ1ODYwZTM0MTE4Mjc0ZTVkMiIsImF0ayI6IjE5MmIwMGVmNjQ2NjQwMDY5NTFjOTdjMTRkZWU2OWM0IiwidWlkIjoiMjk2Yjg3MjQtODM5Zi00MjY3LWIyYTQtNGYzYTg0ZWQ5MDFjIiwiZXhwIjoxNzYxMjMwMDc0LCJpYXQiOjE3NjEyMDg0NzR9.6DXvho9hBPlfCpqrt_IccNlh32bt7Jq1A6OWGscowrQ;Path=/;Max-Age=21600;HttpOnly;Expires=23/10/25, 2:34 pm;SameSite=Lax
2025-10-23 14:04:39 [main] INFO  Log:33 - Current cookies being sent: auth_token=eyJhbGciOiJIUzI1NiIsInR5cCI6IkpXVCJ9.eyJzaWQiOiI1OThhNGJjOWMxZjc0NTQ1ODYwZTM0MTE4Mjc0ZTVkMiIsImF0ayI6IjE5MmIwMGVmNjQ2NjQwMDY5NTFjOTdjMTRkZWU2OWM0IiwidWlkIjoiMjk2Yjg3MjQtODM5Zi00MjY3LWIyYTQtNGYzYTg0ZWQ5MDFjIiwiZXhwIjoxNzYxMjMwMDc0LCJpYXQiOjE3NjEyMDg0NzR9.6DXvho9hBPlfCpqrt_IccNlh32bt7Jq1A6OWGscowrQ;Path=/;Max-Age=21600;HttpOnly;Expires=23/10/25, 2:34 pm;SameSite=Lax
2025-10-23 14:04:39 [main] INFO  Log:33 - Current cookies being sent: auth_token=eyJhbGciOiJIUzI1NiIsInR5cCI6IkpXVCJ9.eyJzaWQiOiI1OThhNGJjOWMxZjc0NTQ1ODYwZTM0MTE4Mjc0ZTVkMiIsImF0ayI6IjE5MmIwMGVmNjQ2NjQwMDY5NTFjOTdjMTRkZWU2OWM0IiwidWlkIjoiMjk2Yjg3MjQtODM5Zi00MjY3LWIyYTQtNGYzYTg0ZWQ5MDFjIiwiZXhwIjoxNzYxMjMwMDc0LCJpYXQiOjE3NjEyMDg0NzR9.6DXvho9hBPlfCpqrt_IccNlh32bt7Jq1A6OWGscowrQ;Path=/;Max-Age=21600;HttpOnly;Expires=23/10/25, 2:34 pm;SameSite=Lax
2025-10-23 14:04:40 [main] INFO  Log:33 - Current cookies being sent: auth_token=eyJhbGciOiJIUzI1NiIsInR5cCI6IkpXVCJ9.eyJzaWQiOiI1OThhNGJjOWMxZjc0NTQ1ODYwZTM0MTE4Mjc0ZTVkMiIsImF0ayI6IjE5MmIwMGVmNjQ2NjQwMDY5NTFjOTdjMTRkZWU2OWM0IiwidWlkIjoiMjk2Yjg3MjQtODM5Zi00MjY3LWIyYTQtNGYzYTg0ZWQ5MDFjIiwiZXhwIjoxNzYxMjMwMDc0LCJpYXQiOjE3NjEyMDg0NzR9.6DXvho9hBPlfCpqrt_IccNlh32bt7Jq1A6OWGscowrQ;Path=/;Max-Age=21600;HttpOnly;Expires=23/10/25, 2:34 pm;SameSite=Lax
2025-10-23 14:04:40 [main] INFO  Log:33 - Current cookies being sent: auth_token=eyJhbGciOiJIUzI1NiIsInR5cCI6IkpXVCJ9.eyJzaWQiOiI1OThhNGJjOWMxZjc0NTQ1ODYwZTM0MTE4Mjc0ZTVkMiIsImF0ayI6IjE5MmIwMGVmNjQ2NjQwMDY5NTFjOTdjMTRkZWU2OWM0IiwidWlkIjoiMjk2Yjg3MjQtODM5Zi00MjY3LWIyYTQtNGYzYTg0ZWQ5MDFjIiwiZXhwIjoxNzYxMjMwMDc0LCJpYXQiOjE3NjEyMDg0NzR9.6DXvho9hBPlfCpqrt_IccNlh32bt7Jq1A6OWGscowrQ;Path=/;Max-Age=21600;HttpOnly;Expires=23/10/25, 2:34 pm;SameSite=Lax
2025-10-23 14:04:41 [main] INFO  Log:33 - Current cookies being sent: auth_token=eyJhbGciOiJIUzI1NiIsInR5cCI6IkpXVCJ9.eyJzaWQiOiI1OThhNGJjOWMxZjc0NTQ1ODYwZTM0MTE4Mjc0ZTVkMiIsImF0ayI6IjE5MmIwMGVmNjQ2NjQwMDY5NTFjOTdjMTRkZWU2OWM0IiwidWlkIjoiMjk2Yjg3MjQtODM5Zi00MjY3LWIyYTQtNGYzYTg0ZWQ5MDFjIiwiZXhwIjoxNzYxMjMwMDc0LCJpYXQiOjE3NjEyMDg0NzR9.6DXvho9hBPlfCpqrt_IccNlh32bt7Jq1A6OWGscowrQ;Path=/;Max-Age=21600;HttpOnly;Expires=23/10/25, 2:34 pm;SameSite=Lax
2025-10-23 14:04:41 [main] INFO  Log:33 - Current cookies being sent: auth_token=eyJhbGciOiJIUzI1NiIsInR5cCI6IkpXVCJ9.eyJzaWQiOiI1OThhNGJjOWMxZjc0NTQ1ODYwZTM0MTE4Mjc0ZTVkMiIsImF0ayI6IjE5MmIwMGVmNjQ2NjQwMDY5NTFjOTdjMTRkZWU2OWM0IiwidWlkIjoiMjk2Yjg3MjQtODM5Zi00MjY3LWIyYTQtNGYzYTg0ZWQ5MDFjIiwiZXhwIjoxNzYxMjMwMDc0LCJpYXQiOjE3NjEyMDg0NzR9.6DXvho9hBPlfCpqrt_IccNlh32bt7Jq1A6OWGscowrQ;Path=/;Max-Age=21600;HttpOnly;Expires=23/10/25, 2:34 pm;SameSite=Lax
2025-10-23 14:04:42 [main] INFO  Log:33 - Current cookies being sent: auth_token=eyJhbGciOiJIUzI1NiIsInR5cCI6IkpXVCJ9.eyJzaWQiOiI1OThhNGJjOWMxZjc0NTQ1ODYwZTM0MTE4Mjc0ZTVkMiIsImF0ayI6IjE5MmIwMGVmNjQ2NjQwMDY5NTFjOTdjMTRkZWU2OWM0IiwidWlkIjoiMjk2Yjg3MjQtODM5Zi00MjY3LWIyYTQtNGYzYTg0ZWQ5MDFjIiwiZXhwIjoxNzYxMjMwMDc0LCJpYXQiOjE3NjEyMDg0NzR9.6DXvho9hBPlfCpqrt_IccNlh32bt7Jq1A6OWGscowrQ;Path=/;Max-Age=21600;HttpOnly;Expires=23/10/25, 2:34 pm;SameSite=Lax
2025-10-23 14:04:42 [main] INFO  Log:33 - Current cookies being sent: auth_token=eyJhbGciOiJIUzI1NiIsInR5cCI6IkpXVCJ9.eyJzaWQiOiI1OThhNGJjOWMxZjc0NTQ1ODYwZTM0MTE4Mjc0ZTVkMiIsImF0ayI6IjE5MmIwMGVmNjQ2NjQwMDY5NTFjOTdjMTRkZWU2OWM0IiwidWlkIjoiMjk2Yjg3MjQtODM5Zi00MjY3LWIyYTQtNGYzYTg0ZWQ5MDFjIiwiZXhwIjoxNzYxMjMwMDc0LCJpYXQiOjE3NjEyMDg0NzR9.6DXvho9hBPlfCpqrt_IccNlh32bt7Jq1A6OWGscowrQ;Path=/;Max-Age=21600;HttpOnly;Expires=23/10/25, 2:34 pm;SameSite=Lax
2025-10-23 14:04:42 [main] INFO  Log:33 - Current cookies being sent: auth_token=eyJhbGciOiJIUzI1NiIsInR5cCI6IkpXVCJ9.eyJzaWQiOiI1OThhNGJjOWMxZjc0NTQ1ODYwZTM0MTE4Mjc0ZTVkMiIsImF0ayI6IjE5MmIwMGVmNjQ2NjQwMDY5NTFjOTdjMTRkZWU2OWM0IiwidWlkIjoiMjk2Yjg3MjQtODM5Zi00MjY3LWIyYTQtNGYzYTg0ZWQ5MDFjIiwiZXhwIjoxNzYxMjMwMDc0LCJpYXQiOjE3NjEyMDg0NzR9.6DXvho9hBPlfCpqrt_IccNlh32bt7Jq1A6OWGscowrQ;Path=/;Max-Age=21600;HttpOnly;Expires=23/10/25, 2:34 pm;SameSite=Lax
2025-10-23 14:04:43 [main] INFO  Log:33 - Current cookies being sent: auth_token=eyJhbGciOiJIUzI1NiIsInR5cCI6IkpXVCJ9.eyJzaWQiOiI1OThhNGJjOWMxZjc0NTQ1ODYwZTM0MTE4Mjc0ZTVkMiIsImF0ayI6IjE5MmIwMGVmNjQ2NjQwMDY5NTFjOTdjMTRkZWU2OWM0IiwidWlkIjoiMjk2Yjg3MjQtODM5Zi00MjY3LWIyYTQtNGYzYTg0ZWQ5MDFjIiwiZXhwIjoxNzYxMjMwMDc0LCJpYXQiOjE3NjEyMDg0NzR9.6DXvho9hBPlfCpqrt_IccNlh32bt7Jq1A6OWGscowrQ;Path=/;Max-Age=21600;HttpOnly;Expires=23/10/25, 2:34 pm;SameSite=Lax
2025-10-23 14:04:43 [main] INFO  Log:33 - Current cookies being sent: auth_token=eyJhbGciOiJIUzI1NiIsInR5cCI6IkpXVCJ9.eyJzaWQiOiI1OThhNGJjOWMxZjc0NTQ1ODYwZTM0MTE4Mjc0ZTVkMiIsImF0ayI6IjE5MmIwMGVmNjQ2NjQwMDY5NTFjOTdjMTRkZWU2OWM0IiwidWlkIjoiMjk2Yjg3MjQtODM5Zi00MjY3LWIyYTQtNGYzYTg0ZWQ5MDFjIiwiZXhwIjoxNzYxMjMwMDc0LCJpYXQiOjE3NjEyMDg0NzR9.6DXvho9hBPlfCpqrt_IccNlh32bt7Jq1A6OWGscowrQ;Path=/;Max-Age=21600;HttpOnly;Expires=23/10/25, 2:34 pm;SameSite=Lax
2025-10-23 14:04:44 [main] INFO  Log:33 - Current cookies being sent: auth_token=eyJhbGciOiJIUzI1NiIsInR5cCI6IkpXVCJ9.eyJzaWQiOiI1OThhNGJjOWMxZjc0NTQ1ODYwZTM0MTE4Mjc0ZTVkMiIsImF0ayI6IjE5MmIwMGVmNjQ2NjQwMDY5NTFjOTdjMTRkZWU2OWM0IiwidWlkIjoiMjk2Yjg3MjQtODM5Zi00MjY3LWIyYTQtNGYzYTg0ZWQ5MDFjIiwiZXhwIjoxNzYxMjMwMDc0LCJpYXQiOjE3NjEyMDg0NzR9.6DXvho9hBPlfCpqrt_IccNlh32bt7Jq1A6OWGscowrQ;Path=/;Max-Age=21600;HttpOnly;Expires=23/10/25, 2:34 pm;SameSite=Lax
2025-10-23 14:04:44 [main] INFO  Log:33 - Current cookies being sent: auth_token=eyJhbGciOiJIUzI1NiIsInR5cCI6IkpXVCJ9.eyJzaWQiOiI1OThhNGJjOWMxZjc0NTQ1ODYwZTM0MTE4Mjc0ZTVkMiIsImF0ayI6IjE5MmIwMGVmNjQ2NjQwMDY5NTFjOTdjMTRkZWU2OWM0IiwidWlkIjoiMjk2Yjg3MjQtODM5Zi00MjY3LWIyYTQtNGYzYTg0ZWQ5MDFjIiwiZXhwIjoxNzYxMjMwMDc0LCJpYXQiOjE3NjEyMDg0NzR9.6DXvho9hBPlfCpqrt_IccNlh32bt7Jq1A6OWGscowrQ;Path=/;Max-Age=21600;HttpOnly;Expires=23/10/25, 2:34 pm;SameSite=Lax
2025-10-23 14:04:44 [main] INFO  Log:33 - Current cookies being sent: auth_token=eyJhbGciOiJIUzI1NiIsInR5cCI6IkpXVCJ9.eyJzaWQiOiI1OThhNGJjOWMxZjc0NTQ1ODYwZTM0MTE4Mjc0ZTVkMiIsImF0ayI6IjE5MmIwMGVmNjQ2NjQwMDY5NTFjOTdjMTRkZWU2OWM0IiwidWlkIjoiMjk2Yjg3MjQtODM5Zi00MjY3LWIyYTQtNGYzYTg0ZWQ5MDFjIiwiZXhwIjoxNzYxMjMwMDc0LCJpYXQiOjE3NjEyMDg0NzR9.6DXvho9hBPlfCpqrt_IccNlh32bt7Jq1A6OWGscowrQ;Path=/;Max-Age=21600;HttpOnly;Expires=23/10/25, 2:34 pm;SameSite=Lax
2025-10-23 14:04:45 [main] INFO  Log:33 - Current cookies being sent: auth_token=eyJhbGciOiJIUzI1NiIsInR5cCI6IkpXVCJ9.eyJzaWQiOiI1OThhNGJjOWMxZjc0NTQ1ODYwZTM0MTE4Mjc0ZTVkMiIsImF0ayI6IjE5MmIwMGVmNjQ2NjQwMDY5NTFjOTdjMTRkZWU2OWM0IiwidWlkIjoiMjk2Yjg3MjQtODM5Zi00MjY3LWIyYTQtNGYzYTg0ZWQ5MDFjIiwiZXhwIjoxNzYxMjMwMDc0LCJpYXQiOjE3NjEyMDg0NzR9.6DXvho9hBPlfCpqrt_IccNlh32bt7Jq1A6OWGscowrQ;Path=/;Max-Age=21600;HttpOnly;Expires=23/10/25, 2:34 pm;SameSite=Lax
2025-10-23 14:04:45 [main] INFO  Log:33 - Current cookies being sent: auth_token=eyJhbGciOiJIUzI1NiIsInR5cCI6IkpXVCJ9.eyJzaWQiOiI1OThhNGJjOWMxZjc0NTQ1ODYwZTM0MTE4Mjc0ZTVkMiIsImF0ayI6IjE5MmIwMGVmNjQ2NjQwMDY5NTFjOTdjMTRkZWU2OWM0IiwidWlkIjoiMjk2Yjg3MjQtODM5Zi00MjY3LWIyYTQtNGYzYTg0ZWQ5MDFjIiwiZXhwIjoxNzYxMjMwMDc0LCJpYXQiOjE3NjEyMDg0NzR9.6DXvho9hBPlfCpqrt_IccNlh32bt7Jq1A6OWGscowrQ;Path=/;Max-Age=21600;HttpOnly;Expires=23/10/25, 2:34 pm;SameSite=Lax
2025-10-23 14:04:45 [main] INFO  Log:33 - Current cookies being sent: auth_token=eyJhbGciOiJIUzI1NiIsInR5cCI6IkpXVCJ9.eyJzaWQiOiI1OThhNGJjOWMxZjc0NTQ1ODYwZTM0MTE4Mjc0ZTVkMiIsImF0ayI6IjE5MmIwMGVmNjQ2NjQwMDY5NTFjOTdjMTRkZWU2OWM0IiwidWlkIjoiMjk2Yjg3MjQtODM5Zi00MjY3LWIyYTQtNGYzYTg0ZWQ5MDFjIiwiZXhwIjoxNzYxMjMwMDc0LCJpYXQiOjE3NjEyMDg0NzR9.6DXvho9hBPlfCpqrt_IccNlh32bt7Jq1A6OWGscowrQ;Path=/;Max-Age=21600;HttpOnly;Expires=23/10/25, 2:34 pm;SameSite=Lax
2025-10-23 14:04:46 [main] INFO  Log:33 - Current cookies being sent: auth_token=eyJhbGciOiJIUzI1NiIsInR5cCI6IkpXVCJ9.eyJzaWQiOiI1OThhNGJjOWMxZjc0NTQ1ODYwZTM0MTE4Mjc0ZTVkMiIsImF0ayI6IjE5MmIwMGVmNjQ2NjQwMDY5NTFjOTdjMTRkZWU2OWM0IiwidWlkIjoiMjk2Yjg3MjQtODM5Zi00MjY3LWIyYTQtNGYzYTg0ZWQ5MDFjIiwiZXhwIjoxNzYxMjMwMDc0LCJpYXQiOjE3NjEyMDg0NzR9.6DXvho9hBPlfCpqrt_IccNlh32bt7Jq1A6OWGscowrQ;Path=/;Max-Age=21600;HttpOnly;Expires=23/10/25, 2:34 pm;SameSite=Lax
2025-10-23 14:04:46 [main] INFO  Log:33 - Current cookies being sent: auth_token=eyJhbGciOiJIUzI1NiIsInR5cCI6IkpXVCJ9.eyJzaWQiOiI1OThhNGJjOWMxZjc0NTQ1ODYwZTM0MTE4Mjc0ZTVkMiIsImF0ayI6IjE5MmIwMGVmNjQ2NjQwMDY5NTFjOTdjMTRkZWU2OWM0IiwidWlkIjoiMjk2Yjg3MjQtODM5Zi00MjY3LWIyYTQtNGYzYTg0ZWQ5MDFjIiwiZXhwIjoxNzYxMjMwMDc0LCJpYXQiOjE3NjEyMDg0NzR9.6DXvho9hBPlfCpqrt_IccNlh32bt7Jq1A6OWGscowrQ;Path=/;Max-Age=21600;HttpOnly;Expires=23/10/25, 2:34 pm;SameSite=Lax
2025-10-23 14:04:46 [main] INFO  Log:33 - Current cookies being sent: auth_token=eyJhbGciOiJIUzI1NiIsInR5cCI6IkpXVCJ9.eyJzaWQiOiI1OThhNGJjOWMxZjc0NTQ1ODYwZTM0MTE4Mjc0ZTVkMiIsImF0ayI6IjE5MmIwMGVmNjQ2NjQwMDY5NTFjOTdjMTRkZWU2OWM0IiwidWlkIjoiMjk2Yjg3MjQtODM5Zi00MjY3LWIyYTQtNGYzYTg0ZWQ5MDFjIiwiZXhwIjoxNzYxMjMwMDc0LCJpYXQiOjE3NjEyMDg0NzR9.6DXvho9hBPlfCpqrt_IccNlh32bt7Jq1A6OWGscowrQ;Path=/;Max-Age=21600;HttpOnly;Expires=23/10/25, 2:34 pm;SameSite=Lax
2025-10-23 14:04:47 [main] INFO  Log:33 - Current cookies being sent: auth_token=eyJhbGciOiJIUzI1NiIsInR5cCI6IkpXVCJ9.eyJzaWQiOiI1OThhNGJjOWMxZjc0NTQ1ODYwZTM0MTE4Mjc0ZTVkMiIsImF0ayI6IjE5MmIwMGVmNjQ2NjQwMDY5NTFjOTdjMTRkZWU2OWM0IiwidWlkIjoiMjk2Yjg3MjQtODM5Zi00MjY3LWIyYTQtNGYzYTg0ZWQ5MDFjIiwiZXhwIjoxNzYxMjMwMDc0LCJpYXQiOjE3NjEyMDg0NzR9.6DXvho9hBPlfCpqrt_IccNlh32bt7Jq1A6OWGscowrQ;Path=/;Max-Age=21600;HttpOnly;Expires=23/10/25, 2:34 pm;SameSite=Lax
2025-10-23 14:04:47 [main] INFO  Log:33 - Current cookies being sent: auth_token=eyJhbGciOiJIUzI1NiIsInR5cCI6IkpXVCJ9.eyJzaWQiOiI1OThhNGJjOWMxZjc0NTQ1ODYwZTM0MTE4Mjc0ZTVkMiIsImF0ayI6IjE5MmIwMGVmNjQ2NjQwMDY5NTFjOTdjMTRkZWU2OWM0IiwidWlkIjoiMjk2Yjg3MjQtODM5Zi00MjY3LWIyYTQtNGYzYTg0ZWQ5MDFjIiwiZXhwIjoxNzYxMjMwMDc0LCJpYXQiOjE3NjEyMDg0NzR9.6DXvho9hBPlfCpqrt_IccNlh32bt7Jq1A6OWGscowrQ;Path=/;Max-Age=21600;HttpOnly;Expires=23/10/25, 2:34 pm;SameSite=Lax
2025-10-23 14:04:47 [main] INFO  Log:33 - Current cookies being sent: auth_token=eyJhbGciOiJIUzI1NiIsInR5cCI6IkpXVCJ9.eyJzaWQiOiI1OThhNGJjOWMxZjc0NTQ1ODYwZTM0MTE4Mjc0ZTVkMiIsImF0ayI6IjE5MmIwMGVmNjQ2NjQwMDY5NTFjOTdjMTRkZWU2OWM0IiwidWlkIjoiMjk2Yjg3MjQtODM5Zi00MjY3LWIyYTQtNGYzYTg0ZWQ5MDFjIiwiZXhwIjoxNzYxMjMwMDc0LCJpYXQiOjE3NjEyMDg0NzR9.6DXvho9hBPlfCpqrt_IccNlh32bt7Jq1A6OWGscowrQ;Path=/;Max-Age=21600;HttpOnly;Expires=23/10/25, 2:34 pm;SameSite=Lax
2025-10-23 14:04:48 [main] INFO  Log:33 - Current cookies being sent: auth_token=eyJhbGciOiJIUzI1NiIsInR5cCI6IkpXVCJ9.eyJzaWQiOiI1OThhNGJjOWMxZjc0NTQ1ODYwZTM0MTE4Mjc0ZTVkMiIsImF0ayI6IjE5MmIwMGVmNjQ2NjQwMDY5NTFjOTdjMTRkZWU2OWM0IiwidWlkIjoiMjk2Yjg3MjQtODM5Zi00MjY3LWIyYTQtNGYzYTg0ZWQ5MDFjIiwiZXhwIjoxNzYxMjMwMDc0LCJpYXQiOjE3NjEyMDg0NzR9.6DXvho9hBPlfCpqrt_IccNlh32bt7Jq1A6OWGscowrQ;Path=/;Max-Age=21600;HttpOnly;Expires=23/10/25, 2:34 pm;SameSite=Lax
2025-10-23 14:04:48 [main] INFO  Log:33 - Current cookies being sent: auth_token=eyJhbGciOiJIUzI1NiIsInR5cCI6IkpXVCJ9.eyJzaWQiOiI1OThhNGJjOWMxZjc0NTQ1ODYwZTM0MTE4Mjc0ZTVkMiIsImF0ayI6IjE5MmIwMGVmNjQ2NjQwMDY5NTFjOTdjMTRkZWU2OWM0IiwidWlkIjoiMjk2Yjg3MjQtODM5Zi00MjY3LWIyYTQtNGYzYTg0ZWQ5MDFjIiwiZXhwIjoxNzYxMjMwMDc0LCJpYXQiOjE3NjEyMDg0NzR9.6DXvho9hBPlfCpqrt_IccNlh32bt7Jq1A6OWGscowrQ;Path=/;Max-Age=21600;HttpOnly;Expires=23/10/25, 2:34 pm;SameSite=Lax
2025-10-23 14:04:48 [main] INFO  Log:33 - Current cookies being sent: auth_token=eyJhbGciOiJIUzI1NiIsInR5cCI6IkpXVCJ9.eyJzaWQiOiI1OThhNGJjOWMxZjc0NTQ1ODYwZTM0MTE4Mjc0ZTVkMiIsImF0ayI6IjE5MmIwMGVmNjQ2NjQwMDY5NTFjOTdjMTRkZWU2OWM0IiwidWlkIjoiMjk2Yjg3MjQtODM5Zi00MjY3LWIyYTQtNGYzYTg0ZWQ5MDFjIiwiZXhwIjoxNzYxMjMwMDc0LCJpYXQiOjE3NjEyMDg0NzR9.6DXvho9hBPlfCpqrt_IccNlh32bt7Jq1A6OWGscowrQ;Path=/;Max-Age=21600;HttpOnly;Expires=23/10/25, 2:34 pm;SameSite=Lax
2025-10-23 14:04:49 [main] INFO  Log:33 - Current cookies being sent: auth_token=eyJhbGciOiJIUzI1NiIsInR5cCI6IkpXVCJ9.eyJzaWQiOiI1OThhNGJjOWMxZjc0NTQ1ODYwZTM0MTE4Mjc0ZTVkMiIsImF0ayI6IjE5MmIwMGVmNjQ2NjQwMDY5NTFjOTdjMTRkZWU2OWM0IiwidWlkIjoiMjk2Yjg3MjQtODM5Zi00MjY3LWIyYTQtNGYzYTg0ZWQ5MDFjIiwiZXhwIjoxNzYxMjMwMDc0LCJpYXQiOjE3NjEyMDg0NzR9.6DXvho9hBPlfCpqrt_IccNlh32bt7Jq1A6OWGscowrQ;Path=/;Max-Age=21600;HttpOnly;Expires=23/10/25, 2:34 pm;SameSite=Lax
2025-10-23 14:04:49 [main] INFO  Log:33 - Current cookies being sent: auth_token=eyJhbGciOiJIUzI1NiIsInR5cCI6IkpXVCJ9.eyJzaWQiOiI1OThhNGJjOWMxZjc0NTQ1ODYwZTM0MTE4Mjc0ZTVkMiIsImF0ayI6IjE5MmIwMGVmNjQ2NjQwMDY5NTFjOTdjMTRkZWU2OWM0IiwidWlkIjoiMjk2Yjg3MjQtODM5Zi00MjY3LWIyYTQtNGYzYTg0ZWQ5MDFjIiwiZXhwIjoxNzYxMjMwMDc0LCJpYXQiOjE3NjEyMDg0NzR9.6DXvho9hBPlfCpqrt_IccNlh32bt7Jq1A6OWGscowrQ;Path=/;Max-Age=21600;HttpOnly;Expires=23/10/25, 2:34 pm;SameSite=Lax
2025-10-23 14:04:49 [main] INFO  Log:33 - Current cookies being sent: auth_token=eyJhbGciOiJIUzI1NiIsInR5cCI6IkpXVCJ9.eyJzaWQiOiI1OThhNGJjOWMxZjc0NTQ1ODYwZTM0MTE4Mjc0ZTVkMiIsImF0ayI6IjE5MmIwMGVmNjQ2NjQwMDY5NTFjOTdjMTRkZWU2OWM0IiwidWlkIjoiMjk2Yjg3MjQtODM5Zi00MjY3LWIyYTQtNGYzYTg0ZWQ5MDFjIiwiZXhwIjoxNzYxMjMwMDc0LCJpYXQiOjE3NjEyMDg0NzR9.6DXvho9hBPlfCpqrt_IccNlh32bt7Jq1A6OWGscowrQ;Path=/;Max-Age=21600;HttpOnly;Expires=23/10/25, 2:34 pm;SameSite=Lax
2025-10-23 14:04:50 [main] INFO  Log:33 - Current cookies being sent: auth_token=eyJhbGciOiJIUzI1NiIsInR5cCI6IkpXVCJ9.eyJzaWQiOiI1OThhNGJjOWMxZjc0NTQ1ODYwZTM0MTE4Mjc0ZTVkMiIsImF0ayI6IjE5MmIwMGVmNjQ2NjQwMDY5NTFjOTdjMTRkZWU2OWM0IiwidWlkIjoiMjk2Yjg3MjQtODM5Zi00MjY3LWIyYTQtNGYzYTg0ZWQ5MDFjIiwiZXhwIjoxNzYxMjMwMDc0LCJpYXQiOjE3NjEyMDg0NzR9.6DXvho9hBPlfCpqrt_IccNlh32bt7Jq1A6OWGscowrQ;Path=/;Max-Age=21600;HttpOnly;Expires=23/10/25, 2:34 pm;SameSite=Lax
2025-10-23 14:04:50 [main] INFO  Log:33 - Current cookies being sent: auth_token=eyJhbGciOiJIUzI1NiIsInR5cCI6IkpXVCJ9.eyJzaWQiOiI1OThhNGJjOWMxZjc0NTQ1ODYwZTM0MTE4Mjc0ZTVkMiIsImF0ayI6IjE5MmIwMGVmNjQ2NjQwMDY5NTFjOTdjMTRkZWU2OWM0IiwidWlkIjoiMjk2Yjg3MjQtODM5Zi00MjY3LWIyYTQtNGYzYTg0ZWQ5MDFjIiwiZXhwIjoxNzYxMjMwMDc0LCJpYXQiOjE3NjEyMDg0NzR9.6DXvho9hBPlfCpqrt_IccNlh32bt7Jq1A6OWGscowrQ;Path=/;Max-Age=21600;HttpOnly;Expires=23/10/25, 2:34 pm;SameSite=Lax
2025-10-23 14:04:50 [main] INFO  Log:33 - Current cookies being sent: auth_token=eyJhbGciOiJIUzI1NiIsInR5cCI6IkpXVCJ9.eyJzaWQiOiI1OThhNGJjOWMxZjc0NTQ1ODYwZTM0MTE4Mjc0ZTVkMiIsImF0ayI6IjE5MmIwMGVmNjQ2NjQwMDY5NTFjOTdjMTRkZWU2OWM0IiwidWlkIjoiMjk2Yjg3MjQtODM5Zi00MjY3LWIyYTQtNGYzYTg0ZWQ5MDFjIiwiZXhwIjoxNzYxMjMwMDc0LCJpYXQiOjE3NjEyMDg0NzR9.6DXvho9hBPlfCpqrt_IccNlh32bt7Jq1A6OWGscowrQ;Path=/;Max-Age=21600;HttpOnly;Expires=23/10/25, 2:34 pm;SameSite=Lax
2025-10-23 14:04:51 [main] INFO  Log:33 - Current cookies being sent: auth_token=eyJhbGciOiJIUzI1NiIsInR5cCI6IkpXVCJ9.eyJzaWQiOiI1OThhNGJjOWMxZjc0NTQ1ODYwZTM0MTE4Mjc0ZTVkMiIsImF0ayI6IjE5MmIwMGVmNjQ2NjQwMDY5NTFjOTdjMTRkZWU2OWM0IiwidWlkIjoiMjk2Yjg3MjQtODM5Zi00MjY3LWIyYTQtNGYzYTg0ZWQ5MDFjIiwiZXhwIjoxNzYxMjMwMDc0LCJpYXQiOjE3NjEyMDg0NzR9.6DXvho9hBPlfCpqrt_IccNlh32bt7Jq1A6OWGscowrQ;Path=/;Max-Age=21600;HttpOnly;Expires=23/10/25, 2:34 pm;SameSite=Lax
2025-10-23 14:04:51 [main] INFO  Log:33 - Current cookies being sent: auth_token=eyJhbGciOiJIUzI1NiIsInR5cCI6IkpXVCJ9.eyJzaWQiOiI1OThhNGJjOWMxZjc0NTQ1ODYwZTM0MTE4Mjc0ZTVkMiIsImF0ayI6IjE5MmIwMGVmNjQ2NjQwMDY5NTFjOTdjMTRkZWU2OWM0IiwidWlkIjoiMjk2Yjg3MjQtODM5Zi00MjY3LWIyYTQtNGYzYTg0ZWQ5MDFjIiwiZXhwIjoxNzYxMjMwMDc0LCJpYXQiOjE3NjEyMDg0NzR9.6DXvho9hBPlfCpqrt_IccNlh32bt7Jq1A6OWGscowrQ;Path=/;Max-Age=21600;HttpOnly;Expires=23/10/25, 2:34 pm;SameSite=Lax
2025-10-23 14:04:52 [main] INFO  Log:33 - Current cookies being sent: auth_token=eyJhbGciOiJIUzI1NiIsInR5cCI6IkpXVCJ9.eyJzaWQiOiI1OThhNGJjOWMxZjc0NTQ1ODYwZTM0MTE4Mjc0ZTVkMiIsImF0ayI6IjE5MmIwMGVmNjQ2NjQwMDY5NTFjOTdjMTRkZWU2OWM0IiwidWlkIjoiMjk2Yjg3MjQtODM5Zi00MjY3LWIyYTQtNGYzYTg0ZWQ5MDFjIiwiZXhwIjoxNzYxMjMwMDc0LCJpYXQiOjE3NjEyMDg0NzR9.6DXvho9hBPlfCpqrt_IccNlh32bt7Jq1A6OWGscowrQ;Path=/;Max-Age=21600;HttpOnly;Expires=23/10/25, 2:34 pm;SameSite=Lax
2025-10-23 14:04:52 [main] INFO  Log:33 - Current cookies being sent: auth_token=eyJhbGciOiJIUzI1NiIsInR5cCI6IkpXVCJ9.eyJzaWQiOiI1OThhNGJjOWMxZjc0NTQ1ODYwZTM0MTE4Mjc0ZTVkMiIsImF0ayI6IjE5MmIwMGVmNjQ2NjQwMDY5NTFjOTdjMTRkZWU2OWM0IiwidWlkIjoiMjk2Yjg3MjQtODM5Zi00MjY3LWIyYTQtNGYzYTg0ZWQ5MDFjIiwiZXhwIjoxNzYxMjMwMDc0LCJpYXQiOjE3NjEyMDg0NzR9.6DXvho9hBPlfCpqrt_IccNlh32bt7Jq1A6OWGscowrQ;Path=/;Max-Age=21600;HttpOnly;Expires=23/10/25, 2:34 pm;SameSite=Lax
2025-10-23 14:04:52 [main] INFO  Log:33 - Current cookies being sent: auth_token=eyJhbGciOiJIUzI1NiIsInR5cCI6IkpXVCJ9.eyJzaWQiOiI1OThhNGJjOWMxZjc0NTQ1ODYwZTM0MTE4Mjc0ZTVkMiIsImF0ayI6IjE5MmIwMGVmNjQ2NjQwMDY5NTFjOTdjMTRkZWU2OWM0IiwidWlkIjoiMjk2Yjg3MjQtODM5Zi00MjY3LWIyYTQtNGYzYTg0ZWQ5MDFjIiwiZXhwIjoxNzYxMjMwMDc0LCJpYXQiOjE3NjEyMDg0NzR9.6DXvho9hBPlfCpqrt_IccNlh32bt7Jq1A6OWGscowrQ;Path=/;Max-Age=21600;HttpOnly;Expires=23/10/25, 2:34 pm;SameSite=Lax
2025-10-23 14:04:53 [main] INFO  Log:33 - Current cookies being sent: auth_token=eyJhbGciOiJIUzI1NiIsInR5cCI6IkpXVCJ9.eyJzaWQiOiI1OThhNGJjOWMxZjc0NTQ1ODYwZTM0MTE4Mjc0ZTVkMiIsImF0ayI6IjE5MmIwMGVmNjQ2NjQwMDY5NTFjOTdjMTRkZWU2OWM0IiwidWlkIjoiMjk2Yjg3MjQtODM5Zi00MjY3LWIyYTQtNGYzYTg0ZWQ5MDFjIiwiZXhwIjoxNzYxMjMwMDc0LCJpYXQiOjE3NjEyMDg0NzR9.6DXvho9hBPlfCpqrt_IccNlh32bt7Jq1A6OWGscowrQ;Path=/;Max-Age=21600;HttpOnly;Expires=23/10/25, 2:34 pm;SameSite=Lax
2025-10-23 14:04:53 [main] INFO  Log:33 - Current cookies being sent: auth_token=eyJhbGciOiJIUzI1NiIsInR5cCI6IkpXVCJ9.eyJzaWQiOiI1OThhNGJjOWMxZjc0NTQ1ODYwZTM0MTE4Mjc0ZTVkMiIsImF0ayI6IjE5MmIwMGVmNjQ2NjQwMDY5NTFjOTdjMTRkZWU2OWM0IiwidWlkIjoiMjk2Yjg3MjQtODM5Zi00MjY3LWIyYTQtNGYzYTg0ZWQ5MDFjIiwiZXhwIjoxNzYxMjMwMDc0LCJpYXQiOjE3NjEyMDg0NzR9.6DXvho9hBPlfCpqrt_IccNlh32bt7Jq1A6OWGscowrQ;Path=/;Max-Age=21600;HttpOnly;Expires=23/10/25, 2:34 pm;SameSite=Lax
2025-10-23 14:04:54 [main] INFO  Log:33 - Current cookies being sent: auth_token=eyJhbGciOiJIUzI1NiIsInR5cCI6IkpXVCJ9.eyJzaWQiOiI1OThhNGJjOWMxZjc0NTQ1ODYwZTM0MTE4Mjc0ZTVkMiIsImF0ayI6IjE5MmIwMGVmNjQ2NjQwMDY5NTFjOTdjMTRkZWU2OWM0IiwidWlkIjoiMjk2Yjg3MjQtODM5Zi00MjY3LWIyYTQtNGYzYTg0ZWQ5MDFjIiwiZXhwIjoxNzYxMjMwMDc0LCJpYXQiOjE3NjEyMDg0NzR9.6DXvho9hBPlfCpqrt_IccNlh32bt7Jq1A6OWGscowrQ;Path=/;Max-Age=21600;HttpOnly;Expires=23/10/25, 2:34 pm;SameSite=Lax
2025-10-23 14:04:54 [main] INFO  Log:33 - Current cookies being sent: auth_token=eyJhbGciOiJIUzI1NiIsInR5cCI6IkpXVCJ9.eyJzaWQiOiI1OThhNGJjOWMxZjc0NTQ1ODYwZTM0MTE4Mjc0ZTVkMiIsImF0ayI6IjE5MmIwMGVmNjQ2NjQwMDY5NTFjOTdjMTRkZWU2OWM0IiwidWlkIjoiMjk2Yjg3MjQtODM5Zi00MjY3LWIyYTQtNGYzYTg0ZWQ5MDFjIiwiZXhwIjoxNzYxMjMwMDc0LCJpYXQiOjE3NjEyMDg0NzR9.6DXvho9hBPlfCpqrt_IccNlh32bt7Jq1A6OWGscowrQ;Path=/;Max-Age=21600;HttpOnly;Expires=23/10/25, 2:34 pm;SameSite=Lax
2025-10-23 14:04:54 [main] INFO  Log:33 - Current cookies being sent: auth_token=eyJhbGciOiJIUzI1NiIsInR5cCI6IkpXVCJ9.eyJzaWQiOiI1OThhNGJjOWMxZjc0NTQ1ODYwZTM0MTE4Mjc0ZTVkMiIsImF0ayI6IjE5MmIwMGVmNjQ2NjQwMDY5NTFjOTdjMTRkZWU2OWM0IiwidWlkIjoiMjk2Yjg3MjQtODM5Zi00MjY3LWIyYTQtNGYzYTg0ZWQ5MDFjIiwiZXhwIjoxNzYxMjMwMDc0LCJpYXQiOjE3NjEyMDg0NzR9.6DXvho9hBPlfCpqrt_IccNlh32bt7Jq1A6OWGscowrQ;Path=/;Max-Age=21600;HttpOnly;Expires=23/10/25, 2:34 pm;SameSite=Lax
2025-10-23 14:04:55 [main] INFO  Log:33 - Current cookies being sent: auth_token=eyJhbGciOiJIUzI1NiIsInR5cCI6IkpXVCJ9.eyJzaWQiOiI1OThhNGJjOWMxZjc0NTQ1ODYwZTM0MTE4Mjc0ZTVkMiIsImF0ayI6IjE5MmIwMGVmNjQ2NjQwMDY5NTFjOTdjMTRkZWU2OWM0IiwidWlkIjoiMjk2Yjg3MjQtODM5Zi00MjY3LWIyYTQtNGYzYTg0ZWQ5MDFjIiwiZXhwIjoxNzYxMjMwMDc0LCJpYXQiOjE3NjEyMDg0NzR9.6DXvho9hBPlfCpqrt_IccNlh32bt7Jq1A6OWGscowrQ;Path=/;Max-Age=21600;HttpOnly;Expires=23/10/25, 2:34 pm;SameSite=Lax
2025-10-23 14:04:55 [main] INFO  Log:33 - Current cookies being sent: auth_token=eyJhbGciOiJIUzI1NiIsInR5cCI6IkpXVCJ9.eyJzaWQiOiI1OThhNGJjOWMxZjc0NTQ1ODYwZTM0MTE4Mjc0ZTVkMiIsImF0ayI6IjE5MmIwMGVmNjQ2NjQwMDY5NTFjOTdjMTRkZWU2OWM0IiwidWlkIjoiMjk2Yjg3MjQtODM5Zi00MjY3LWIyYTQtNGYzYTg0ZWQ5MDFjIiwiZXhwIjoxNzYxMjMwMDc0LCJpYXQiOjE3NjEyMDg0NzR9.6DXvho9hBPlfCpqrt_IccNlh32bt7Jq1A6OWGscowrQ;Path=/;Max-Age=21600;HttpOnly;Expires=23/10/25, 2:34 pm;SameSite=Lax
2025-10-23 14:04:55 [main] INFO  Log:33 - Current cookies being sent: auth_token=eyJhbGciOiJIUzI1NiIsInR5cCI6IkpXVCJ9.eyJzaWQiOiI1OThhNGJjOWMxZjc0NTQ1ODYwZTM0MTE4Mjc0ZTVkMiIsImF0ayI6IjE5MmIwMGVmNjQ2NjQwMDY5NTFjOTdjMTRkZWU2OWM0IiwidWlkIjoiMjk2Yjg3MjQtODM5Zi00MjY3LWIyYTQtNGYzYTg0ZWQ5MDFjIiwiZXhwIjoxNzYxMjMwMDc0LCJpYXQiOjE3NjEyMDg0NzR9.6DXvho9hBPlfCpqrt_IccNlh32bt7Jq1A6OWGscowrQ;Path=/;Max-Age=21600;HttpOnly;Expires=23/10/25, 2:34 pm;SameSite=Lax
2025-10-23 14:04:56 [main] INFO  Log:33 - Current cookies being sent: auth_token=eyJhbGciOiJIUzI1NiIsInR5cCI6IkpXVCJ9.eyJzaWQiOiI1OThhNGJjOWMxZjc0NTQ1ODYwZTM0MTE4Mjc0ZTVkMiIsImF0ayI6IjE5MmIwMGVmNjQ2NjQwMDY5NTFjOTdjMTRkZWU2OWM0IiwidWlkIjoiMjk2Yjg3MjQtODM5Zi00MjY3LWIyYTQtNGYzYTg0ZWQ5MDFjIiwiZXhwIjoxNzYxMjMwMDc0LCJpYXQiOjE3NjEyMDg0NzR9.6DXvho9hBPlfCpqrt_IccNlh32bt7Jq1A6OWGscowrQ;Path=/;Max-Age=21600;HttpOnly;Expires=23/10/25, 2:34 pm;SameSite=Lax
2025-10-23 14:04:56 [main] INFO  Log:33 - Current cookies being sent: auth_token=eyJhbGciOiJIUzI1NiIsInR5cCI6IkpXVCJ9.eyJzaWQiOiI1OThhNGJjOWMxZjc0NTQ1ODYwZTM0MTE4Mjc0ZTVkMiIsImF0ayI6IjE5MmIwMGVmNjQ2NjQwMDY5NTFjOTdjMTRkZWU2OWM0IiwidWlkIjoiMjk2Yjg3MjQtODM5Zi00MjY3LWIyYTQtNGYzYTg0ZWQ5MDFjIiwiZXhwIjoxNzYxMjMwMDc0LCJpYXQiOjE3NjEyMDg0NzR9.6DXvho9hBPlfCpqrt_IccNlh32bt7Jq1A6OWGscowrQ;Path=/;Max-Age=21600;HttpOnly;Expires=23/10/25, 2:34 pm;SameSite=Lax
2025-10-23 14:04:57 [main] INFO  Log:33 - Current cookies being sent: auth_token=eyJhbGciOiJIUzI1NiIsInR5cCI6IkpXVCJ9.eyJzaWQiOiI1OThhNGJjOWMxZjc0NTQ1ODYwZTM0MTE4Mjc0ZTVkMiIsImF0ayI6IjE5MmIwMGVmNjQ2NjQwMDY5NTFjOTdjMTRkZWU2OWM0IiwidWlkIjoiMjk2Yjg3MjQtODM5Zi00MjY3LWIyYTQtNGYzYTg0ZWQ5MDFjIiwiZXhwIjoxNzYxMjMwMDc0LCJpYXQiOjE3NjEyMDg0NzR9.6DXvho9hBPlfCpqrt_IccNlh32bt7Jq1A6OWGscowrQ;Path=/;Max-Age=21600;HttpOnly;Expires=23/10/25, 2:34 pm;SameSite=Lax
2025-10-23 14:04:57 [main] INFO  Log:33 - Current cookies being sent: auth_token=eyJhbGciOiJIUzI1NiIsInR5cCI6IkpXVCJ9.eyJzaWQiOiI1OThhNGJjOWMxZjc0NTQ1ODYwZTM0MTE4Mjc0ZTVkMiIsImF0ayI6IjE5MmIwMGVmNjQ2NjQwMDY5NTFjOTdjMTRkZWU2OWM0IiwidWlkIjoiMjk2Yjg3MjQtODM5Zi00MjY3LWIyYTQtNGYzYTg0ZWQ5MDFjIiwiZXhwIjoxNzYxMjMwMDc0LCJpYXQiOjE3NjEyMDg0NzR9.6DXvho9hBPlfCpqrt_IccNlh32bt7Jq1A6OWGscowrQ;Path=/;Max-Age=21600;HttpOnly;Expires=23/10/25, 2:34 pm;SameSite=Lax
2025-10-23 14:04:57 [main] INFO  Log:33 - Current cookies being sent: auth_token=eyJhbGciOiJIUzI1NiIsInR5cCI6IkpXVCJ9.eyJzaWQiOiI1OThhNGJjOWMxZjc0NTQ1ODYwZTM0MTE4Mjc0ZTVkMiIsImF0ayI6IjE5MmIwMGVmNjQ2NjQwMDY5NTFjOTdjMTRkZWU2OWM0IiwidWlkIjoiMjk2Yjg3MjQtODM5Zi00MjY3LWIyYTQtNGYzYTg0ZWQ5MDFjIiwiZXhwIjoxNzYxMjMwMDc0LCJpYXQiOjE3NjEyMDg0NzR9.6DXvho9hBPlfCpqrt_IccNlh32bt7Jq1A6OWGscowrQ;Path=/;Max-Age=21600;HttpOnly;Expires=23/10/25, 2:34 pm;SameSite=Lax
2025-10-23 14:04:58 [main] INFO  Log:33 - Current cookies being sent: auth_token=eyJhbGciOiJIUzI1NiIsInR5cCI6IkpXVCJ9.eyJzaWQiOiI1OThhNGJjOWMxZjc0NTQ1ODYwZTM0MTE4Mjc0ZTVkMiIsImF0ayI6IjE5MmIwMGVmNjQ2NjQwMDY5NTFjOTdjMTRkZWU2OWM0IiwidWlkIjoiMjk2Yjg3MjQtODM5Zi00MjY3LWIyYTQtNGYzYTg0ZWQ5MDFjIiwiZXhwIjoxNzYxMjMwMDc0LCJpYXQiOjE3NjEyMDg0NzR9.6DXvho9hBPlfCpqrt_IccNlh32bt7Jq1A6OWGscowrQ;Path=/;Max-Age=21600;HttpOnly;Expires=23/10/25, 2:34 pm;SameSite=Lax
2025-10-23 14:04:58 [main] INFO  Log:33 - Current cookies being sent: auth_token=eyJhbGciOiJIUzI1NiIsInR5cCI6IkpXVCJ9.eyJzaWQiOiI1OThhNGJjOWMxZjc0NTQ1ODYwZTM0MTE4Mjc0ZTVkMiIsImF0ayI6IjE5MmIwMGVmNjQ2NjQwMDY5NTFjOTdjMTRkZWU2OWM0IiwidWlkIjoiMjk2Yjg3MjQtODM5Zi00MjY3LWIyYTQtNGYzYTg0ZWQ5MDFjIiwiZXhwIjoxNzYxMjMwMDc0LCJpYXQiOjE3NjEyMDg0NzR9.6DXvho9hBPlfCpqrt_IccNlh32bt7Jq1A6OWGscowrQ;Path=/;Max-Age=21600;HttpOnly;Expires=23/10/25, 2:34 pm;SameSite=Lax
2025-10-23 14:04:58 [main] INFO  Log:33 - Current cookies being sent: auth_token=eyJhbGciOiJIUzI1NiIsInR5cCI6IkpXVCJ9.eyJzaWQiOiI1OThhNGJjOWMxZjc0NTQ1ODYwZTM0MTE4Mjc0ZTVkMiIsImF0ayI6IjE5MmIwMGVmNjQ2NjQwMDY5NTFjOTdjMTRkZWU2OWM0IiwidWlkIjoiMjk2Yjg3MjQtODM5Zi00MjY3LWIyYTQtNGYzYTg0ZWQ5MDFjIiwiZXhwIjoxNzYxMjMwMDc0LCJpYXQiOjE3NjEyMDg0NzR9.6DXvho9hBPlfCpqrt_IccNlh32bt7Jq1A6OWGscowrQ;Path=/;Max-Age=21600;HttpOnly;Expires=23/10/25, 2:34 pm;SameSite=Lax
2025-10-23 14:04:59 [main] INFO  Log:33 - Current cookies being sent: auth_token=eyJhbGciOiJIUzI1NiIsInR5cCI6IkpXVCJ9.eyJzaWQiOiI1OThhNGJjOWMxZjc0NTQ1ODYwZTM0MTE4Mjc0ZTVkMiIsImF0ayI6IjE5MmIwMGVmNjQ2NjQwMDY5NTFjOTdjMTRkZWU2OWM0IiwidWlkIjoiMjk2Yjg3MjQtODM5Zi00MjY3LWIyYTQtNGYzYTg0ZWQ5MDFjIiwiZXhwIjoxNzYxMjMwMDc0LCJpYXQiOjE3NjEyMDg0NzR9.6DXvho9hBPlfCpqrt_IccNlh32bt7Jq1A6OWGscowrQ;Path=/;Max-Age=21600;HttpOnly;Expires=23/10/25, 2:34 pm;SameSite=Lax
2025-10-23 14:04:59 [main] INFO  Log:33 - Current cookies being sent: auth_token=eyJhbGciOiJIUzI1NiIsInR5cCI6IkpXVCJ9.eyJzaWQiOiI1OThhNGJjOWMxZjc0NTQ1ODYwZTM0MTE4Mjc0ZTVkMiIsImF0ayI6IjE5MmIwMGVmNjQ2NjQwMDY5NTFjOTdjMTRkZWU2OWM0IiwidWlkIjoiMjk2Yjg3MjQtODM5Zi00MjY3LWIyYTQtNGYzYTg0ZWQ5MDFjIiwiZXhwIjoxNzYxMjMwMDc0LCJpYXQiOjE3NjEyMDg0NzR9.6DXvho9hBPlfCpqrt_IccNlh32bt7Jq1A6OWGscowrQ;Path=/;Max-Age=21600;HttpOnly;Expires=23/10/25, 2:34 pm;SameSite=Lax
2025-10-23 14:04:59 [main] INFO  Log:33 - Current cookies being sent: auth_token=eyJhbGciOiJIUzI1NiIsInR5cCI6IkpXVCJ9.eyJzaWQiOiI1OThhNGJjOWMxZjc0NTQ1ODYwZTM0MTE4Mjc0ZTVkMiIsImF0ayI6IjE5MmIwMGVmNjQ2NjQwMDY5NTFjOTdjMTRkZWU2OWM0IiwidWlkIjoiMjk2Yjg3MjQtODM5Zi00MjY3LWIyYTQtNGYzYTg0ZWQ5MDFjIiwiZXhwIjoxNzYxMjMwMDc0LCJpYXQiOjE3NjEyMDg0NzR9.6DXvho9hBPlfCpqrt_IccNlh32bt7Jq1A6OWGscowrQ;Path=/;Max-Age=21600;HttpOnly;Expires=23/10/25, 2:34 pm;SameSite=Lax
2025-10-23 14:05:00 [main] INFO  Log:33 - Current cookies being sent: auth_token=eyJhbGciOiJIUzI1NiIsInR5cCI6IkpXVCJ9.eyJzaWQiOiI1OThhNGJjOWMxZjc0NTQ1ODYwZTM0MTE4Mjc0ZTVkMiIsImF0ayI6IjE5MmIwMGVmNjQ2NjQwMDY5NTFjOTdjMTRkZWU2OWM0IiwidWlkIjoiMjk2Yjg3MjQtODM5Zi00MjY3LWIyYTQtNGYzYTg0ZWQ5MDFjIiwiZXhwIjoxNzYxMjMwMDc0LCJpYXQiOjE3NjEyMDg0NzR9.6DXvho9hBPlfCpqrt_IccNlh32bt7Jq1A6OWGscowrQ;Path=/;Max-Age=21600;HttpOnly;Expires=23/10/25, 2:34 pm;SameSite=Lax
2025-10-23 14:05:00 [main] INFO  Log:33 - Current cookies being sent: auth_token=eyJhbGciOiJIUzI1NiIsInR5cCI6IkpXVCJ9.eyJzaWQiOiI1OThhNGJjOWMxZjc0NTQ1ODYwZTM0MTE4Mjc0ZTVkMiIsImF0ayI6IjE5MmIwMGVmNjQ2NjQwMDY5NTFjOTdjMTRkZWU2OWM0IiwidWlkIjoiMjk2Yjg3MjQtODM5Zi00MjY3LWIyYTQtNGYzYTg0ZWQ5MDFjIiwiZXhwIjoxNzYxMjMwMDc0LCJpYXQiOjE3NjEyMDg0NzR9.6DXvho9hBPlfCpqrt_IccNlh32bt7Jq1A6OWGscowrQ;Path=/;Max-Age=21600;HttpOnly;Expires=23/10/25, 2:34 pm;SameSite=Lax
2025-10-23 14:05:01 [main] INFO  Log:33 - Cookies:auth_token=eyJhbGciOiJIUzI1NiIsInR5cCI6IkpXVCJ9.eyJzaWQiOiI1OThhNGJjOWMxZjc0NTQ1ODYwZTM0MTE4Mjc0ZTVkMiIsImF0ayI6IjE5MmIwMGVmNjQ2NjQwMDY5NTFjOTdjMTRkZWU2OWM0IiwidWlkIjoiMjk2Yjg3MjQtODM5Zi00MjY3LWIyYTQtNGYzYTg0ZWQ5MDFjIiwiZXhwIjoxNzYxMjMwMDc0LCJpYXQiOjE3NjEyMDg0NzR9.6DXvho9hBPlfCpqrt_IccNlh32bt7Jq1A6OWGscowrQ;Path=/;Max-Age=21600;HttpOnly;Expires=23/10/25, 2:34 pm;SameSite=Lax
2025-10-23 14:05:01 [main] INFO  Log:33 - Current cookies being sent: auth_token=eyJhbGciOiJIUzI1NiIsInR5cCI6IkpXVCJ9.eyJzaWQiOiI1OThhNGJjOWMxZjc0NTQ1ODYwZTM0MTE4Mjc0ZTVkMiIsImF0ayI6IjE5MmIwMGVmNjQ2NjQwMDY5NTFjOTdjMTRkZWU2OWM0IiwidWlkIjoiMjk2Yjg3MjQtODM5Zi00MjY3LWIyYTQtNGYzYTg0ZWQ5MDFjIiwiZXhwIjoxNzYxMjMwMDc0LCJpYXQiOjE3NjEyMDg0NzR9.6DXvho9hBPlfCpqrt_IccNlh32bt7Jq1A6OWGscowrQ;Path=/;Max-Age=21600;HttpOnly;Expires=23/10/25, 2:34 pm;SameSite=Lax
2025-10-23 14:05:01 [main] INFO  Log:33 - Cookies:auth_token=eyJhbGciOiJIUzI1NiIsInR5cCI6IkpXVCJ9.eyJzaWQiOiI1OThhNGJjOWMxZjc0NTQ1ODYwZTM0MTE4Mjc0ZTVkMiIsImF0ayI6IjE5MmIwMGVmNjQ2NjQwMDY5NTFjOTdjMTRkZWU2OWM0IiwidWlkIjoiMjk2Yjg3MjQtODM5Zi00MjY3LWIyYTQtNGYzYTg0ZWQ5MDFjIiwiZXhwIjoxNzYxMjMwMDc0LCJpYXQiOjE3NjEyMDg0NzR9.6DXvho9hBPlfCpqrt_IccNlh32bt7Jq1A6OWGscowrQ;Path=/;Max-Age=21600;HttpOnly;Expires=23/10/25, 2:34 pm;SameSite=Lax
2025-10-23 15:04:47 [main] INFO  Log:33 - Current cookies being sent: 
2025-10-23 15:04:50 [main] INFO  Log:33 - Current cookies being sent: 
2025-10-23 15:04:51 [main] INFO  Log:33 - Current cookies being sent: 
2025-10-23 15:04:51 [main] INFO  Log:33 - Current cookies being sent: 
2025-10-23 15:04:51 [main] INFO  Log:33 - Current cookies being sent: 
2025-10-23 15:04:52 [main] INFO  Log:33 - Current cookies being sent: 
2025-10-23 15:04:52 [main] INFO  Log:33 - Current cookies being sent: 
2025-10-23 15:04:52 [main] INFO  Log:33 - Current cookies being sent: 
2025-10-23 15:04:52 [main] INFO  Log:33 - Current cookies being sent: 
2025-10-23 15:04:53 [main] INFO  Log:33 - Current cookies being sent: 
2025-10-23 15:04:53 [main] INFO  Log:33 - Current cookies being sent: 
2025-10-23 15:04:58 [main] INFO  Log:33 - Current cookies being sent: 
2025-10-23 15:05:02 [main] INFO  Log:33 - Current cookies being sent: 
2025-10-23 15:05:08 [main] INFO  Log:33 - Current cookies being sent: 
2025-10-23 15:05:12 [main] INFO  Log:33 - Current cookies being sent: 
2025-10-23 15:05:13 [main] INFO  Log:33 - Current cookies being sent: 
2025-10-23 15:05:13 [main] INFO  Log:33 - Current cookies being sent: 
2025-10-23 15:05:14 [main] INFO  Log:33 - Current cookies being sent: 
2025-10-23 15:05:15 [main] INFO  Log:33 - Current cookies being sent: 
2025-10-23 15:05:16 [main] INFO  Log:33 - Current cookies being sent: 
2025-10-23 15:05:17 [main] INFO  Log:33 - Current cookies being sent: 
2025-10-23 15:05:17 [main] INFO  Log:33 - Current cookies being sent: 
2025-10-23 15:05:18 [main] INFO  Log:33 - Current cookies being sent: 
2025-10-23 15:05:18 [main] INFO  Log:33 - Current cookies being sent: 
2025-10-23 15:05:23 [main] INFO  Log:33 - mail:jswqlydv@mybizz.com
2025-10-23 15:05:23 [main] INFO  Log:33 - password:34Cu4Jm@DUR8
2025-10-23 15:05:23 [main] INFO  Log:33 - Current cookies being sent: 
2025-10-23 15:05:24 [main] INFO  Log:33 - Current cookies being sent: 
2025-10-23 15:05:29 [main] INFO  Log:33 - Current cookies being sent: 
2025-10-23 15:05:30 [main] INFO  Log:33 - Current cookies being sent: 
2025-10-23 15:05:30 [main] INFO  Log:33 - Current cookies being sent: 
2025-10-23 15:05:30 [main] INFO  Log:33 - Current cookies being sent: 
2025-10-23 15:05:31 [main] INFO  Log:33 - Current cookies being sent: 
2025-10-23 15:05:31 [main] INFO  Log:33 - Current cookies being sent: 
2025-10-23 15:05:31 [main] INFO  Log:33 - Current cookies being sent: 
2025-10-23 15:05:31 [main] INFO  Log:33 - Current cookies being sent: 
2025-10-23 15:05:31 [main] INFO  Log:33 - Current cookies being sent: 
2025-10-23 15:05:32 [main] INFO  Log:33 - Current cookies being sent: 
2025-10-23 15:05:32 [main] INFO  Log:33 - Current cookies being sent: 
2025-10-23 15:05:32 [main] INFO  Log:33 - Current cookies being sent: 
2025-10-23 15:05:32 [main] INFO  Log:33 - Current cookies being sent: 
2025-10-23 15:05:32 [main] INFO  Log:33 - Current cookies being sent: 
2025-10-23 15:05:33 [main] INFO  Log:33 - Current cookies being sent: 
2025-10-23 15:05:33 [main] INFO  Log:33 - Current cookies being sent: 
2025-10-23 15:05:33 [main] INFO  Log:33 - Current cookies being sent: 
2025-10-23 15:05:33 [main] INFO  Log:33 - Current cookies being sent: 
2025-10-23 15:05:33 [main] INFO  Log:33 - Current cookies being sent: 
2025-10-23 15:05:34 [main] INFO  Log:33 - Current cookies being sent: 
2025-10-23 15:05:35 [main] INFO  Log:33 - Current cookies being sent: 
2025-10-23 15:05:36 [main] INFO  Log:33 - Current cookies being sent: 
2025-10-23 15:05:36 [main] INFO  Log:33 - authorization_token: null
2025-10-23 15:05:36 [main] INFO  Log:33 - Current cookies being sent: 
2025-10-23 15:05:37 [main] INFO  Log:33 - Current cookies being sent: 
2025-10-23 15:05:42 [main] INFO  Log:33 - authorization_token: eyJhbGciOiJIUzI1NiIsInR5cCI6IkpXVCJ9.eyJzaWQiOiJjYTA5NGE2NGQyNDY0NzU5OGE1OGRjZWJjMjM1ZWQzNiIsImF0ayI6ImYxNGFlNGNiOGY3MTRiZDZhZDUxMTUxZWI4NTZlMGVhIiwiZXhwIjoxNzYxMjEyNzM4LCJpYXQiOjE3NjEyMTIxMzh9.tV5vouauCLcG5lk-1-jimVsu0mHh78w5OHybww1yHnk
2025-10-23 15:05:42 [main] INFO  Log:33 - Current cookies being sent: 
2025-10-23 15:05:42 [main] INFO  Log:33 - stored cookie: auth_token=eyJhbGciOiJIUzI1NiIsInR5cCI6IkpXVCJ9.eyJzaWQiOiJjYTA5NGE2NGQyNDY0NzU5OGE1OGRjZWJjMjM1ZWQzNiIsImF0ayI6ImM3YzllNjY4NGZhMjQwMjk4MmRhNTVhOTRmZDEyZWJiIiwidWlkIjoiMjk2Yjg3MjQtODM5Zi00MjY3LWIyYTQtNGYzYTg0ZWQ5MDFjIiwiZXhwIjoxNzYxMjMzNzQzLCJpYXQiOjE3NjEyMTIxNDN9.rUAa33fj0fKvI1CivlJVBldpwDzDp-eHYqA_RotSxJc;Path=/;Max-Age=21600;HttpOnly;Expires=23/10/25, 3:35 pm;SameSite=Lax
2025-10-23 15:05:42 [main] INFO  Log:33 - Current cookies being sent: auth_token=eyJhbGciOiJIUzI1NiIsInR5cCI6IkpXVCJ9.eyJzaWQiOiJjYTA5NGE2NGQyNDY0NzU5OGE1OGRjZWJjMjM1ZWQzNiIsImF0ayI6ImM3YzllNjY4NGZhMjQwMjk4MmRhNTVhOTRmZDEyZWJiIiwidWlkIjoiMjk2Yjg3MjQtODM5Zi00MjY3LWIyYTQtNGYzYTg0ZWQ5MDFjIiwiZXhwIjoxNzYxMjMzNzQzLCJpYXQiOjE3NjEyMTIxNDN9.rUAa33fj0fKvI1CivlJVBldpwDzDp-eHYqA_RotSxJc;Path=/;Max-Age=21600;HttpOnly;Expires=23/10/25, 3:35 pm;SameSite=Lax
2025-10-23 15:05:43 [main] INFO  Log:33 - Current cookies being sent: auth_token=eyJhbGciOiJIUzI1NiIsInR5cCI6IkpXVCJ9.eyJzaWQiOiJjYTA5NGE2NGQyNDY0NzU5OGE1OGRjZWJjMjM1ZWQzNiIsImF0ayI6ImM3YzllNjY4NGZhMjQwMjk4MmRhNTVhOTRmZDEyZWJiIiwidWlkIjoiMjk2Yjg3MjQtODM5Zi00MjY3LWIyYTQtNGYzYTg0ZWQ5MDFjIiwiZXhwIjoxNzYxMjMzNzQzLCJpYXQiOjE3NjEyMTIxNDN9.rUAa33fj0fKvI1CivlJVBldpwDzDp-eHYqA_RotSxJc;Path=/;Max-Age=21600;HttpOnly;Expires=23/10/25, 3:35 pm;SameSite=Lax
2025-10-23 15:05:44 [main] INFO  Log:33 - Current cookies being sent: auth_token=eyJhbGciOiJIUzI1NiIsInR5cCI6IkpXVCJ9.eyJzaWQiOiJjYTA5NGE2NGQyNDY0NzU5OGE1OGRjZWJjMjM1ZWQzNiIsImF0ayI6ImM3YzllNjY4NGZhMjQwMjk4MmRhNTVhOTRmZDEyZWJiIiwidWlkIjoiMjk2Yjg3MjQtODM5Zi00MjY3LWIyYTQtNGYzYTg0ZWQ5MDFjIiwiZXhwIjoxNzYxMjMzNzQzLCJpYXQiOjE3NjEyMTIxNDN9.rUAa33fj0fKvI1CivlJVBldpwDzDp-eHYqA_RotSxJc;Path=/;Max-Age=21600;HttpOnly;Expires=23/10/25, 3:35 pm;SameSite=Lax
2025-10-23 15:05:44 [main] INFO  Log:33 - Current cookies being sent: auth_token=eyJhbGciOiJIUzI1NiIsInR5cCI6IkpXVCJ9.eyJzaWQiOiJjYTA5NGE2NGQyNDY0NzU5OGE1OGRjZWJjMjM1ZWQzNiIsImF0ayI6ImM3YzllNjY4NGZhMjQwMjk4MmRhNTVhOTRmZDEyZWJiIiwidWlkIjoiMjk2Yjg3MjQtODM5Zi00MjY3LWIyYTQtNGYzYTg0ZWQ5MDFjIiwiZXhwIjoxNzYxMjMzNzQzLCJpYXQiOjE3NjEyMTIxNDN9.rUAa33fj0fKvI1CivlJVBldpwDzDp-eHYqA_RotSxJc;Path=/;Max-Age=21600;HttpOnly;Expires=23/10/25, 3:35 pm;SameSite=Lax
2025-10-23 15:05:44 [main] INFO  Log:33 - Current cookies being sent: auth_token=eyJhbGciOiJIUzI1NiIsInR5cCI6IkpXVCJ9.eyJzaWQiOiJjYTA5NGE2NGQyNDY0NzU5OGE1OGRjZWJjMjM1ZWQzNiIsImF0ayI6ImM3YzllNjY4NGZhMjQwMjk4MmRhNTVhOTRmZDEyZWJiIiwidWlkIjoiMjk2Yjg3MjQtODM5Zi00MjY3LWIyYTQtNGYzYTg0ZWQ5MDFjIiwiZXhwIjoxNzYxMjMzNzQzLCJpYXQiOjE3NjEyMTIxNDN9.rUAa33fj0fKvI1CivlJVBldpwDzDp-eHYqA_RotSxJc;Path=/;Max-Age=21600;HttpOnly;Expires=23/10/25, 3:35 pm;SameSite=Lax
2025-10-23 15:05:45 [main] INFO  Log:33 - Current cookies being sent: auth_token=eyJhbGciOiJIUzI1NiIsInR5cCI6IkpXVCJ9.eyJzaWQiOiJjYTA5NGE2NGQyNDY0NzU5OGE1OGRjZWJjMjM1ZWQzNiIsImF0ayI6ImM3YzllNjY4NGZhMjQwMjk4MmRhNTVhOTRmZDEyZWJiIiwidWlkIjoiMjk2Yjg3MjQtODM5Zi00MjY3LWIyYTQtNGYzYTg0ZWQ5MDFjIiwiZXhwIjoxNzYxMjMzNzQzLCJpYXQiOjE3NjEyMTIxNDN9.rUAa33fj0fKvI1CivlJVBldpwDzDp-eHYqA_RotSxJc;Path=/;Max-Age=21600;HttpOnly;Expires=23/10/25, 3:35 pm;SameSite=Lax
2025-10-23 15:05:45 [main] INFO  Log:33 - Current cookies being sent: auth_token=eyJhbGciOiJIUzI1NiIsInR5cCI6IkpXVCJ9.eyJzaWQiOiJjYTA5NGE2NGQyNDY0NzU5OGE1OGRjZWJjMjM1ZWQzNiIsImF0ayI6ImM3YzllNjY4NGZhMjQwMjk4MmRhNTVhOTRmZDEyZWJiIiwidWlkIjoiMjk2Yjg3MjQtODM5Zi00MjY3LWIyYTQtNGYzYTg0ZWQ5MDFjIiwiZXhwIjoxNzYxMjMzNzQzLCJpYXQiOjE3NjEyMTIxNDN9.rUAa33fj0fKvI1CivlJVBldpwDzDp-eHYqA_RotSxJc;Path=/;Max-Age=21600;HttpOnly;Expires=23/10/25, 3:35 pm;SameSite=Lax
2025-10-23 15:05:46 [main] INFO  Log:33 - Current cookies being sent: auth_token=eyJhbGciOiJIUzI1NiIsInR5cCI6IkpXVCJ9.eyJzaWQiOiJjYTA5NGE2NGQyNDY0NzU5OGE1OGRjZWJjMjM1ZWQzNiIsImF0ayI6ImM3YzllNjY4NGZhMjQwMjk4MmRhNTVhOTRmZDEyZWJiIiwidWlkIjoiMjk2Yjg3MjQtODM5Zi00MjY3LWIyYTQtNGYzYTg0ZWQ5MDFjIiwiZXhwIjoxNzYxMjMzNzQzLCJpYXQiOjE3NjEyMTIxNDN9.rUAa33fj0fKvI1CivlJVBldpwDzDp-eHYqA_RotSxJc;Path=/;Max-Age=21600;HttpOnly;Expires=23/10/25, 3:35 pm;SameSite=Lax
2025-10-23 15:05:46 [main] INFO  Log:33 - Current cookies being sent: auth_token=eyJhbGciOiJIUzI1NiIsInR5cCI6IkpXVCJ9.eyJzaWQiOiJjYTA5NGE2NGQyNDY0NzU5OGE1OGRjZWJjMjM1ZWQzNiIsImF0ayI6ImM3YzllNjY4NGZhMjQwMjk4MmRhNTVhOTRmZDEyZWJiIiwidWlkIjoiMjk2Yjg3MjQtODM5Zi00MjY3LWIyYTQtNGYzYTg0ZWQ5MDFjIiwiZXhwIjoxNzYxMjMzNzQzLCJpYXQiOjE3NjEyMTIxNDN9.rUAa33fj0fKvI1CivlJVBldpwDzDp-eHYqA_RotSxJc;Path=/;Max-Age=21600;HttpOnly;Expires=23/10/25, 3:35 pm;SameSite=Lax
2025-10-23 15:05:47 [main] INFO  Log:33 - Current cookies being sent: auth_token=eyJhbGciOiJIUzI1NiIsInR5cCI6IkpXVCJ9.eyJzaWQiOiJjYTA5NGE2NGQyNDY0NzU5OGE1OGRjZWJjMjM1ZWQzNiIsImF0ayI6ImM3YzllNjY4NGZhMjQwMjk4MmRhNTVhOTRmZDEyZWJiIiwidWlkIjoiMjk2Yjg3MjQtODM5Zi00MjY3LWIyYTQtNGYzYTg0ZWQ5MDFjIiwiZXhwIjoxNzYxMjMzNzQzLCJpYXQiOjE3NjEyMTIxNDN9.rUAa33fj0fKvI1CivlJVBldpwDzDp-eHYqA_RotSxJc;Path=/;Max-Age=21600;HttpOnly;Expires=23/10/25, 3:35 pm;SameSite=Lax
2025-10-23 15:05:47 [main] INFO  Log:33 - Current cookies being sent: auth_token=eyJhbGciOiJIUzI1NiIsInR5cCI6IkpXVCJ9.eyJzaWQiOiJjYTA5NGE2NGQyNDY0NzU5OGE1OGRjZWJjMjM1ZWQzNiIsImF0ayI6ImM3YzllNjY4NGZhMjQwMjk4MmRhNTVhOTRmZDEyZWJiIiwidWlkIjoiMjk2Yjg3MjQtODM5Zi00MjY3LWIyYTQtNGYzYTg0ZWQ5MDFjIiwiZXhwIjoxNzYxMjMzNzQzLCJpYXQiOjE3NjEyMTIxNDN9.rUAa33fj0fKvI1CivlJVBldpwDzDp-eHYqA_RotSxJc;Path=/;Max-Age=21600;HttpOnly;Expires=23/10/25, 3:35 pm;SameSite=Lax
2025-10-23 15:05:48 [main] INFO  Log:33 - Current cookies being sent: auth_token=eyJhbGciOiJIUzI1NiIsInR5cCI6IkpXVCJ9.eyJzaWQiOiJjYTA5NGE2NGQyNDY0NzU5OGE1OGRjZWJjMjM1ZWQzNiIsImF0ayI6ImM3YzllNjY4NGZhMjQwMjk4MmRhNTVhOTRmZDEyZWJiIiwidWlkIjoiMjk2Yjg3MjQtODM5Zi00MjY3LWIyYTQtNGYzYTg0ZWQ5MDFjIiwiZXhwIjoxNzYxMjMzNzQzLCJpYXQiOjE3NjEyMTIxNDN9.rUAa33fj0fKvI1CivlJVBldpwDzDp-eHYqA_RotSxJc;Path=/;Max-Age=21600;HttpOnly;Expires=23/10/25, 3:35 pm;SameSite=Lax
2025-10-23 15:05:48 [main] INFO  Log:33 - Current cookies being sent: auth_token=eyJhbGciOiJIUzI1NiIsInR5cCI6IkpXVCJ9.eyJzaWQiOiJjYTA5NGE2NGQyNDY0NzU5OGE1OGRjZWJjMjM1ZWQzNiIsImF0ayI6ImM3YzllNjY4NGZhMjQwMjk4MmRhNTVhOTRmZDEyZWJiIiwidWlkIjoiMjk2Yjg3MjQtODM5Zi00MjY3LWIyYTQtNGYzYTg0ZWQ5MDFjIiwiZXhwIjoxNzYxMjMzNzQzLCJpYXQiOjE3NjEyMTIxNDN9.rUAa33fj0fKvI1CivlJVBldpwDzDp-eHYqA_RotSxJc;Path=/;Max-Age=21600;HttpOnly;Expires=23/10/25, 3:35 pm;SameSite=Lax
2025-10-23 15:05:48 [main] INFO  Log:33 - Current cookies being sent: auth_token=eyJhbGciOiJIUzI1NiIsInR5cCI6IkpXVCJ9.eyJzaWQiOiJjYTA5NGE2NGQyNDY0NzU5OGE1OGRjZWJjMjM1ZWQzNiIsImF0ayI6ImM3YzllNjY4NGZhMjQwMjk4MmRhNTVhOTRmZDEyZWJiIiwidWlkIjoiMjk2Yjg3MjQtODM5Zi00MjY3LWIyYTQtNGYzYTg0ZWQ5MDFjIiwiZXhwIjoxNzYxMjMzNzQzLCJpYXQiOjE3NjEyMTIxNDN9.rUAa33fj0fKvI1CivlJVBldpwDzDp-eHYqA_RotSxJc;Path=/;Max-Age=21600;HttpOnly;Expires=23/10/25, 3:35 pm;SameSite=Lax
2025-10-23 15:05:49 [main] INFO  Log:33 - Current cookies being sent: auth_token=eyJhbGciOiJIUzI1NiIsInR5cCI6IkpXVCJ9.eyJzaWQiOiJjYTA5NGE2NGQyNDY0NzU5OGE1OGRjZWJjMjM1ZWQzNiIsImF0ayI6ImM3YzllNjY4NGZhMjQwMjk4MmRhNTVhOTRmZDEyZWJiIiwidWlkIjoiMjk2Yjg3MjQtODM5Zi00MjY3LWIyYTQtNGYzYTg0ZWQ5MDFjIiwiZXhwIjoxNzYxMjMzNzQzLCJpYXQiOjE3NjEyMTIxNDN9.rUAa33fj0fKvI1CivlJVBldpwDzDp-eHYqA_RotSxJc;Path=/;Max-Age=21600;HttpOnly;Expires=23/10/25, 3:35 pm;SameSite=Lax
2025-10-23 15:05:49 [main] INFO  Log:33 - Current cookies being sent: auth_token=eyJhbGciOiJIUzI1NiIsInR5cCI6IkpXVCJ9.eyJzaWQiOiJjYTA5NGE2NGQyNDY0NzU5OGE1OGRjZWJjMjM1ZWQzNiIsImF0ayI6ImM3YzllNjY4NGZhMjQwMjk4MmRhNTVhOTRmZDEyZWJiIiwidWlkIjoiMjk2Yjg3MjQtODM5Zi00MjY3LWIyYTQtNGYzYTg0ZWQ5MDFjIiwiZXhwIjoxNzYxMjMzNzQzLCJpYXQiOjE3NjEyMTIxNDN9.rUAa33fj0fKvI1CivlJVBldpwDzDp-eHYqA_RotSxJc;Path=/;Max-Age=21600;HttpOnly;Expires=23/10/25, 3:35 pm;SameSite=Lax
2025-10-23 15:05:50 [main] INFO  Log:33 - Current cookies being sent: auth_token=eyJhbGciOiJIUzI1NiIsInR5cCI6IkpXVCJ9.eyJzaWQiOiJjYTA5NGE2NGQyNDY0NzU5OGE1OGRjZWJjMjM1ZWQzNiIsImF0ayI6ImM3YzllNjY4NGZhMjQwMjk4MmRhNTVhOTRmZDEyZWJiIiwidWlkIjoiMjk2Yjg3MjQtODM5Zi00MjY3LWIyYTQtNGYzYTg0ZWQ5MDFjIiwiZXhwIjoxNzYxMjMzNzQzLCJpYXQiOjE3NjEyMTIxNDN9.rUAa33fj0fKvI1CivlJVBldpwDzDp-eHYqA_RotSxJc;Path=/;Max-Age=21600;HttpOnly;Expires=23/10/25, 3:35 pm;SameSite=Lax
2025-10-23 15:05:50 [main] INFO  Log:33 - Current cookies being sent: auth_token=eyJhbGciOiJIUzI1NiIsInR5cCI6IkpXVCJ9.eyJzaWQiOiJjYTA5NGE2NGQyNDY0NzU5OGE1OGRjZWJjMjM1ZWQzNiIsImF0ayI6ImM3YzllNjY4NGZhMjQwMjk4MmRhNTVhOTRmZDEyZWJiIiwidWlkIjoiMjk2Yjg3MjQtODM5Zi00MjY3LWIyYTQtNGYzYTg0ZWQ5MDFjIiwiZXhwIjoxNzYxMjMzNzQzLCJpYXQiOjE3NjEyMTIxNDN9.rUAa33fj0fKvI1CivlJVBldpwDzDp-eHYqA_RotSxJc;Path=/;Max-Age=21600;HttpOnly;Expires=23/10/25, 3:35 pm;SameSite=Lax
2025-10-23 15:05:51 [main] INFO  Log:33 - Current cookies being sent: auth_token=eyJhbGciOiJIUzI1NiIsInR5cCI6IkpXVCJ9.eyJzaWQiOiJjYTA5NGE2NGQyNDY0NzU5OGE1OGRjZWJjMjM1ZWQzNiIsImF0ayI6ImM3YzllNjY4NGZhMjQwMjk4MmRhNTVhOTRmZDEyZWJiIiwidWlkIjoiMjk2Yjg3MjQtODM5Zi00MjY3LWIyYTQtNGYzYTg0ZWQ5MDFjIiwiZXhwIjoxNzYxMjMzNzQzLCJpYXQiOjE3NjEyMTIxNDN9.rUAa33fj0fKvI1CivlJVBldpwDzDp-eHYqA_RotSxJc;Path=/;Max-Age=21600;HttpOnly;Expires=23/10/25, 3:35 pm;SameSite=Lax
2025-10-23 15:05:51 [main] INFO  Log:33 - Current cookies being sent: auth_token=eyJhbGciOiJIUzI1NiIsInR5cCI6IkpXVCJ9.eyJzaWQiOiJjYTA5NGE2NGQyNDY0NzU5OGE1OGRjZWJjMjM1ZWQzNiIsImF0ayI6ImM3YzllNjY4NGZhMjQwMjk4MmRhNTVhOTRmZDEyZWJiIiwidWlkIjoiMjk2Yjg3MjQtODM5Zi00MjY3LWIyYTQtNGYzYTg0ZWQ5MDFjIiwiZXhwIjoxNzYxMjMzNzQzLCJpYXQiOjE3NjEyMTIxNDN9.rUAa33fj0fKvI1CivlJVBldpwDzDp-eHYqA_RotSxJc;Path=/;Max-Age=21600;HttpOnly;Expires=23/10/25, 3:35 pm;SameSite=Lax
2025-10-23 15:05:51 [main] INFO  Log:33 - Current cookies being sent: auth_token=eyJhbGciOiJIUzI1NiIsInR5cCI6IkpXVCJ9.eyJzaWQiOiJjYTA5NGE2NGQyNDY0NzU5OGE1OGRjZWJjMjM1ZWQzNiIsImF0ayI6ImM3YzllNjY4NGZhMjQwMjk4MmRhNTVhOTRmZDEyZWJiIiwidWlkIjoiMjk2Yjg3MjQtODM5Zi00MjY3LWIyYTQtNGYzYTg0ZWQ5MDFjIiwiZXhwIjoxNzYxMjMzNzQzLCJpYXQiOjE3NjEyMTIxNDN9.rUAa33fj0fKvI1CivlJVBldpwDzDp-eHYqA_RotSxJc;Path=/;Max-Age=21600;HttpOnly;Expires=23/10/25, 3:35 pm;SameSite=Lax
2025-10-23 15:05:52 [main] INFO  Log:33 - Current cookies being sent: auth_token=eyJhbGciOiJIUzI1NiIsInR5cCI6IkpXVCJ9.eyJzaWQiOiJjYTA5NGE2NGQyNDY0NzU5OGE1OGRjZWJjMjM1ZWQzNiIsImF0ayI6ImM3YzllNjY4NGZhMjQwMjk4MmRhNTVhOTRmZDEyZWJiIiwidWlkIjoiMjk2Yjg3MjQtODM5Zi00MjY3LWIyYTQtNGYzYTg0ZWQ5MDFjIiwiZXhwIjoxNzYxMjMzNzQzLCJpYXQiOjE3NjEyMTIxNDN9.rUAa33fj0fKvI1CivlJVBldpwDzDp-eHYqA_RotSxJc;Path=/;Max-Age=21600;HttpOnly;Expires=23/10/25, 3:35 pm;SameSite=Lax
2025-10-23 15:05:52 [main] INFO  Log:33 - Current cookies being sent: auth_token=eyJhbGciOiJIUzI1NiIsInR5cCI6IkpXVCJ9.eyJzaWQiOiJjYTA5NGE2NGQyNDY0NzU5OGE1OGRjZWJjMjM1ZWQzNiIsImF0ayI6ImM3YzllNjY4NGZhMjQwMjk4MmRhNTVhOTRmZDEyZWJiIiwidWlkIjoiMjk2Yjg3MjQtODM5Zi00MjY3LWIyYTQtNGYzYTg0ZWQ5MDFjIiwiZXhwIjoxNzYxMjMzNzQzLCJpYXQiOjE3NjEyMTIxNDN9.rUAa33fj0fKvI1CivlJVBldpwDzDp-eHYqA_RotSxJc;Path=/;Max-Age=21600;HttpOnly;Expires=23/10/25, 3:35 pm;SameSite=Lax
2025-10-23 15:05:53 [main] INFO  Log:33 - Current cookies being sent: auth_token=eyJhbGciOiJIUzI1NiIsInR5cCI6IkpXVCJ9.eyJzaWQiOiJjYTA5NGE2NGQyNDY0NzU5OGE1OGRjZWJjMjM1ZWQzNiIsImF0ayI6ImM3YzllNjY4NGZhMjQwMjk4MmRhNTVhOTRmZDEyZWJiIiwidWlkIjoiMjk2Yjg3MjQtODM5Zi00MjY3LWIyYTQtNGYzYTg0ZWQ5MDFjIiwiZXhwIjoxNzYxMjMzNzQzLCJpYXQiOjE3NjEyMTIxNDN9.rUAa33fj0fKvI1CivlJVBldpwDzDp-eHYqA_RotSxJc;Path=/;Max-Age=21600;HttpOnly;Expires=23/10/25, 3:35 pm;SameSite=Lax
2025-10-23 15:05:53 [main] INFO  Log:33 - Current cookies being sent: auth_token=eyJhbGciOiJIUzI1NiIsInR5cCI6IkpXVCJ9.eyJzaWQiOiJjYTA5NGE2NGQyNDY0NzU5OGE1OGRjZWJjMjM1ZWQzNiIsImF0ayI6ImM3YzllNjY4NGZhMjQwMjk4MmRhNTVhOTRmZDEyZWJiIiwidWlkIjoiMjk2Yjg3MjQtODM5Zi00MjY3LWIyYTQtNGYzYTg0ZWQ5MDFjIiwiZXhwIjoxNzYxMjMzNzQzLCJpYXQiOjE3NjEyMTIxNDN9.rUAa33fj0fKvI1CivlJVBldpwDzDp-eHYqA_RotSxJc;Path=/;Max-Age=21600;HttpOnly;Expires=23/10/25, 3:35 pm;SameSite=Lax
2025-10-23 15:05:53 [main] INFO  Log:33 - Current cookies being sent: auth_token=eyJhbGciOiJIUzI1NiIsInR5cCI6IkpXVCJ9.eyJzaWQiOiJjYTA5NGE2NGQyNDY0NzU5OGE1OGRjZWJjMjM1ZWQzNiIsImF0ayI6ImM3YzllNjY4NGZhMjQwMjk4MmRhNTVhOTRmZDEyZWJiIiwidWlkIjoiMjk2Yjg3MjQtODM5Zi00MjY3LWIyYTQtNGYzYTg0ZWQ5MDFjIiwiZXhwIjoxNzYxMjMzNzQzLCJpYXQiOjE3NjEyMTIxNDN9.rUAa33fj0fKvI1CivlJVBldpwDzDp-eHYqA_RotSxJc;Path=/;Max-Age=21600;HttpOnly;Expires=23/10/25, 3:35 pm;SameSite=Lax
2025-10-23 15:05:54 [main] INFO  Log:33 - Current cookies being sent: auth_token=eyJhbGciOiJIUzI1NiIsInR5cCI6IkpXVCJ9.eyJzaWQiOiJjYTA5NGE2NGQyNDY0NzU5OGE1OGRjZWJjMjM1ZWQzNiIsImF0ayI6ImM3YzllNjY4NGZhMjQwMjk4MmRhNTVhOTRmZDEyZWJiIiwidWlkIjoiMjk2Yjg3MjQtODM5Zi00MjY3LWIyYTQtNGYzYTg0ZWQ5MDFjIiwiZXhwIjoxNzYxMjMzNzQzLCJpYXQiOjE3NjEyMTIxNDN9.rUAa33fj0fKvI1CivlJVBldpwDzDp-eHYqA_RotSxJc;Path=/;Max-Age=21600;HttpOnly;Expires=23/10/25, 3:35 pm;SameSite=Lax
2025-10-23 15:05:54 [main] INFO  Log:33 - Current cookies being sent: auth_token=eyJhbGciOiJIUzI1NiIsInR5cCI6IkpXVCJ9.eyJzaWQiOiJjYTA5NGE2NGQyNDY0NzU5OGE1OGRjZWJjMjM1ZWQzNiIsImF0ayI6ImM3YzllNjY4NGZhMjQwMjk4MmRhNTVhOTRmZDEyZWJiIiwidWlkIjoiMjk2Yjg3MjQtODM5Zi00MjY3LWIyYTQtNGYzYTg0ZWQ5MDFjIiwiZXhwIjoxNzYxMjMzNzQzLCJpYXQiOjE3NjEyMTIxNDN9.rUAa33fj0fKvI1CivlJVBldpwDzDp-eHYqA_RotSxJc;Path=/;Max-Age=21600;HttpOnly;Expires=23/10/25, 3:35 pm;SameSite=Lax
2025-10-23 15:05:54 [main] INFO  Log:33 - Current cookies being sent: auth_token=eyJhbGciOiJIUzI1NiIsInR5cCI6IkpXVCJ9.eyJzaWQiOiJjYTA5NGE2NGQyNDY0NzU5OGE1OGRjZWJjMjM1ZWQzNiIsImF0ayI6ImM3YzllNjY4NGZhMjQwMjk4MmRhNTVhOTRmZDEyZWJiIiwidWlkIjoiMjk2Yjg3MjQtODM5Zi00MjY3LWIyYTQtNGYzYTg0ZWQ5MDFjIiwiZXhwIjoxNzYxMjMzNzQzLCJpYXQiOjE3NjEyMTIxNDN9.rUAa33fj0fKvI1CivlJVBldpwDzDp-eHYqA_RotSxJc;Path=/;Max-Age=21600;HttpOnly;Expires=23/10/25, 3:35 pm;SameSite=Lax
2025-10-23 15:05:55 [main] INFO  Log:33 - Current cookies being sent: auth_token=eyJhbGciOiJIUzI1NiIsInR5cCI6IkpXVCJ9.eyJzaWQiOiJjYTA5NGE2NGQyNDY0NzU5OGE1OGRjZWJjMjM1ZWQzNiIsImF0ayI6ImM3YzllNjY4NGZhMjQwMjk4MmRhNTVhOTRmZDEyZWJiIiwidWlkIjoiMjk2Yjg3MjQtODM5Zi00MjY3LWIyYTQtNGYzYTg0ZWQ5MDFjIiwiZXhwIjoxNzYxMjMzNzQzLCJpYXQiOjE3NjEyMTIxNDN9.rUAa33fj0fKvI1CivlJVBldpwDzDp-eHYqA_RotSxJc;Path=/;Max-Age=21600;HttpOnly;Expires=23/10/25, 3:35 pm;SameSite=Lax
2025-10-23 15:05:55 [main] INFO  Log:33 - Current cookies being sent: auth_token=eyJhbGciOiJIUzI1NiIsInR5cCI6IkpXVCJ9.eyJzaWQiOiJjYTA5NGE2NGQyNDY0NzU5OGE1OGRjZWJjMjM1ZWQzNiIsImF0ayI6ImM3YzllNjY4NGZhMjQwMjk4MmRhNTVhOTRmZDEyZWJiIiwidWlkIjoiMjk2Yjg3MjQtODM5Zi00MjY3LWIyYTQtNGYzYTg0ZWQ5MDFjIiwiZXhwIjoxNzYxMjMzNzQzLCJpYXQiOjE3NjEyMTIxNDN9.rUAa33fj0fKvI1CivlJVBldpwDzDp-eHYqA_RotSxJc;Path=/;Max-Age=21600;HttpOnly;Expires=23/10/25, 3:35 pm;SameSite=Lax
2025-10-23 15:05:56 [main] INFO  Log:33 - Current cookies being sent: auth_token=eyJhbGciOiJIUzI1NiIsInR5cCI6IkpXVCJ9.eyJzaWQiOiJjYTA5NGE2NGQyNDY0NzU5OGE1OGRjZWJjMjM1ZWQzNiIsImF0ayI6ImM3YzllNjY4NGZhMjQwMjk4MmRhNTVhOTRmZDEyZWJiIiwidWlkIjoiMjk2Yjg3MjQtODM5Zi00MjY3LWIyYTQtNGYzYTg0ZWQ5MDFjIiwiZXhwIjoxNzYxMjMzNzQzLCJpYXQiOjE3NjEyMTIxNDN9.rUAa33fj0fKvI1CivlJVBldpwDzDp-eHYqA_RotSxJc;Path=/;Max-Age=21600;HttpOnly;Expires=23/10/25, 3:35 pm;SameSite=Lax
2025-10-23 15:05:56 [main] INFO  Log:33 - Current cookies being sent: auth_token=eyJhbGciOiJIUzI1NiIsInR5cCI6IkpXVCJ9.eyJzaWQiOiJjYTA5NGE2NGQyNDY0NzU5OGE1OGRjZWJjMjM1ZWQzNiIsImF0ayI6ImM3YzllNjY4NGZhMjQwMjk4MmRhNTVhOTRmZDEyZWJiIiwidWlkIjoiMjk2Yjg3MjQtODM5Zi00MjY3LWIyYTQtNGYzYTg0ZWQ5MDFjIiwiZXhwIjoxNzYxMjMzNzQzLCJpYXQiOjE3NjEyMTIxNDN9.rUAa33fj0fKvI1CivlJVBldpwDzDp-eHYqA_RotSxJc;Path=/;Max-Age=21600;HttpOnly;Expires=23/10/25, 3:35 pm;SameSite=Lax
2025-10-23 15:05:56 [main] INFO  Log:33 - Current cookies being sent: auth_token=eyJhbGciOiJIUzI1NiIsInR5cCI6IkpXVCJ9.eyJzaWQiOiJjYTA5NGE2NGQyNDY0NzU5OGE1OGRjZWJjMjM1ZWQzNiIsImF0ayI6ImM3YzllNjY4NGZhMjQwMjk4MmRhNTVhOTRmZDEyZWJiIiwidWlkIjoiMjk2Yjg3MjQtODM5Zi00MjY3LWIyYTQtNGYzYTg0ZWQ5MDFjIiwiZXhwIjoxNzYxMjMzNzQzLCJpYXQiOjE3NjEyMTIxNDN9.rUAa33fj0fKvI1CivlJVBldpwDzDp-eHYqA_RotSxJc;Path=/;Max-Age=21600;HttpOnly;Expires=23/10/25, 3:35 pm;SameSite=Lax
2025-10-23 15:05:57 [main] INFO  Log:33 - Current cookies being sent: auth_token=eyJhbGciOiJIUzI1NiIsInR5cCI6IkpXVCJ9.eyJzaWQiOiJjYTA5NGE2NGQyNDY0NzU5OGE1OGRjZWJjMjM1ZWQzNiIsImF0ayI6ImM3YzllNjY4NGZhMjQwMjk4MmRhNTVhOTRmZDEyZWJiIiwidWlkIjoiMjk2Yjg3MjQtODM5Zi00MjY3LWIyYTQtNGYzYTg0ZWQ5MDFjIiwiZXhwIjoxNzYxMjMzNzQzLCJpYXQiOjE3NjEyMTIxNDN9.rUAa33fj0fKvI1CivlJVBldpwDzDp-eHYqA_RotSxJc;Path=/;Max-Age=21600;HttpOnly;Expires=23/10/25, 3:35 pm;SameSite=Lax
2025-10-23 15:05:57 [main] INFO  Log:33 - Current cookies being sent: auth_token=eyJhbGciOiJIUzI1NiIsInR5cCI6IkpXVCJ9.eyJzaWQiOiJjYTA5NGE2NGQyNDY0NzU5OGE1OGRjZWJjMjM1ZWQzNiIsImF0ayI6ImM3YzllNjY4NGZhMjQwMjk4MmRhNTVhOTRmZDEyZWJiIiwidWlkIjoiMjk2Yjg3MjQtODM5Zi00MjY3LWIyYTQtNGYzYTg0ZWQ5MDFjIiwiZXhwIjoxNzYxMjMzNzQzLCJpYXQiOjE3NjEyMTIxNDN9.rUAa33fj0fKvI1CivlJVBldpwDzDp-eHYqA_RotSxJc;Path=/;Max-Age=21600;HttpOnly;Expires=23/10/25, 3:35 pm;SameSite=Lax
2025-10-23 15:05:57 [main] INFO  Log:33 - Current cookies being sent: auth_token=eyJhbGciOiJIUzI1NiIsInR5cCI6IkpXVCJ9.eyJzaWQiOiJjYTA5NGE2NGQyNDY0NzU5OGE1OGRjZWJjMjM1ZWQzNiIsImF0ayI6ImM3YzllNjY4NGZhMjQwMjk4MmRhNTVhOTRmZDEyZWJiIiwidWlkIjoiMjk2Yjg3MjQtODM5Zi00MjY3LWIyYTQtNGYzYTg0ZWQ5MDFjIiwiZXhwIjoxNzYxMjMzNzQzLCJpYXQiOjE3NjEyMTIxNDN9.rUAa33fj0fKvI1CivlJVBldpwDzDp-eHYqA_RotSxJc;Path=/;Max-Age=21600;HttpOnly;Expires=23/10/25, 3:35 pm;SameSite=Lax
2025-10-23 15:05:58 [main] INFO  Log:33 - Current cookies being sent: auth_token=eyJhbGciOiJIUzI1NiIsInR5cCI6IkpXVCJ9.eyJzaWQiOiJjYTA5NGE2NGQyNDY0NzU5OGE1OGRjZWJjMjM1ZWQzNiIsImF0ayI6ImM3YzllNjY4NGZhMjQwMjk4MmRhNTVhOTRmZDEyZWJiIiwidWlkIjoiMjk2Yjg3MjQtODM5Zi00MjY3LWIyYTQtNGYzYTg0ZWQ5MDFjIiwiZXhwIjoxNzYxMjMzNzQzLCJpYXQiOjE3NjEyMTIxNDN9.rUAa33fj0fKvI1CivlJVBldpwDzDp-eHYqA_RotSxJc;Path=/;Max-Age=21600;HttpOnly;Expires=23/10/25, 3:35 pm;SameSite=Lax
2025-10-23 15:05:58 [main] INFO  Log:33 - Current cookies being sent: auth_token=eyJhbGciOiJIUzI1NiIsInR5cCI6IkpXVCJ9.eyJzaWQiOiJjYTA5NGE2NGQyNDY0NzU5OGE1OGRjZWJjMjM1ZWQzNiIsImF0ayI6ImM3YzllNjY4NGZhMjQwMjk4MmRhNTVhOTRmZDEyZWJiIiwidWlkIjoiMjk2Yjg3MjQtODM5Zi00MjY3LWIyYTQtNGYzYTg0ZWQ5MDFjIiwiZXhwIjoxNzYxMjMzNzQzLCJpYXQiOjE3NjEyMTIxNDN9.rUAa33fj0fKvI1CivlJVBldpwDzDp-eHYqA_RotSxJc;Path=/;Max-Age=21600;HttpOnly;Expires=23/10/25, 3:35 pm;SameSite=Lax
2025-10-23 15:05:58 [main] INFO  Log:33 - Current cookies being sent: auth_token=eyJhbGciOiJIUzI1NiIsInR5cCI6IkpXVCJ9.eyJzaWQiOiJjYTA5NGE2NGQyNDY0NzU5OGE1OGRjZWJjMjM1ZWQzNiIsImF0ayI6ImM3YzllNjY4NGZhMjQwMjk4MmRhNTVhOTRmZDEyZWJiIiwidWlkIjoiMjk2Yjg3MjQtODM5Zi00MjY3LWIyYTQtNGYzYTg0ZWQ5MDFjIiwiZXhwIjoxNzYxMjMzNzQzLCJpYXQiOjE3NjEyMTIxNDN9.rUAa33fj0fKvI1CivlJVBldpwDzDp-eHYqA_RotSxJc;Path=/;Max-Age=21600;HttpOnly;Expires=23/10/25, 3:35 pm;SameSite=Lax
2025-10-23 15:05:59 [main] INFO  Log:33 - Current cookies being sent: auth_token=eyJhbGciOiJIUzI1NiIsInR5cCI6IkpXVCJ9.eyJzaWQiOiJjYTA5NGE2NGQyNDY0NzU5OGE1OGRjZWJjMjM1ZWQzNiIsImF0ayI6ImM3YzllNjY4NGZhMjQwMjk4MmRhNTVhOTRmZDEyZWJiIiwidWlkIjoiMjk2Yjg3MjQtODM5Zi00MjY3LWIyYTQtNGYzYTg0ZWQ5MDFjIiwiZXhwIjoxNzYxMjMzNzQzLCJpYXQiOjE3NjEyMTIxNDN9.rUAa33fj0fKvI1CivlJVBldpwDzDp-eHYqA_RotSxJc;Path=/;Max-Age=21600;HttpOnly;Expires=23/10/25, 3:35 pm;SameSite=Lax
2025-10-23 15:05:59 [main] INFO  Log:33 - Current cookies being sent: auth_token=eyJhbGciOiJIUzI1NiIsInR5cCI6IkpXVCJ9.eyJzaWQiOiJjYTA5NGE2NGQyNDY0NzU5OGE1OGRjZWJjMjM1ZWQzNiIsImF0ayI6ImM3YzllNjY4NGZhMjQwMjk4MmRhNTVhOTRmZDEyZWJiIiwidWlkIjoiMjk2Yjg3MjQtODM5Zi00MjY3LWIyYTQtNGYzYTg0ZWQ5MDFjIiwiZXhwIjoxNzYxMjMzNzQzLCJpYXQiOjE3NjEyMTIxNDN9.rUAa33fj0fKvI1CivlJVBldpwDzDp-eHYqA_RotSxJc;Path=/;Max-Age=21600;HttpOnly;Expires=23/10/25, 3:35 pm;SameSite=Lax
2025-10-23 15:06:00 [main] INFO  Log:33 - Current cookies being sent: auth_token=eyJhbGciOiJIUzI1NiIsInR5cCI6IkpXVCJ9.eyJzaWQiOiJjYTA5NGE2NGQyNDY0NzU5OGE1OGRjZWJjMjM1ZWQzNiIsImF0ayI6ImM3YzllNjY4NGZhMjQwMjk4MmRhNTVhOTRmZDEyZWJiIiwidWlkIjoiMjk2Yjg3MjQtODM5Zi00MjY3LWIyYTQtNGYzYTg0ZWQ5MDFjIiwiZXhwIjoxNzYxMjMzNzQzLCJpYXQiOjE3NjEyMTIxNDN9.rUAa33fj0fKvI1CivlJVBldpwDzDp-eHYqA_RotSxJc;Path=/;Max-Age=21600;HttpOnly;Expires=23/10/25, 3:35 pm;SameSite=Lax
2025-10-23 15:06:00 [main] INFO  Log:33 - Current cookies being sent: auth_token=eyJhbGciOiJIUzI1NiIsInR5cCI6IkpXVCJ9.eyJzaWQiOiJjYTA5NGE2NGQyNDY0NzU5OGE1OGRjZWJjMjM1ZWQzNiIsImF0ayI6ImM3YzllNjY4NGZhMjQwMjk4MmRhNTVhOTRmZDEyZWJiIiwidWlkIjoiMjk2Yjg3MjQtODM5Zi00MjY3LWIyYTQtNGYzYTg0ZWQ5MDFjIiwiZXhwIjoxNzYxMjMzNzQzLCJpYXQiOjE3NjEyMTIxNDN9.rUAa33fj0fKvI1CivlJVBldpwDzDp-eHYqA_RotSxJc;Path=/;Max-Age=21600;HttpOnly;Expires=23/10/25, 3:35 pm;SameSite=Lax
2025-10-23 15:06:00 [main] INFO  Log:33 - Current cookies being sent: auth_token=eyJhbGciOiJIUzI1NiIsInR5cCI6IkpXVCJ9.eyJzaWQiOiJjYTA5NGE2NGQyNDY0NzU5OGE1OGRjZWJjMjM1ZWQzNiIsImF0ayI6ImM3YzllNjY4NGZhMjQwMjk4MmRhNTVhOTRmZDEyZWJiIiwidWlkIjoiMjk2Yjg3MjQtODM5Zi00MjY3LWIyYTQtNGYzYTg0ZWQ5MDFjIiwiZXhwIjoxNzYxMjMzNzQzLCJpYXQiOjE3NjEyMTIxNDN9.rUAa33fj0fKvI1CivlJVBldpwDzDp-eHYqA_RotSxJc;Path=/;Max-Age=21600;HttpOnly;Expires=23/10/25, 3:35 pm;SameSite=Lax
2025-10-23 15:06:01 [main] INFO  Log:33 - Current cookies being sent: auth_token=eyJhbGciOiJIUzI1NiIsInR5cCI6IkpXVCJ9.eyJzaWQiOiJjYTA5NGE2NGQyNDY0NzU5OGE1OGRjZWJjMjM1ZWQzNiIsImF0ayI6ImM3YzllNjY4NGZhMjQwMjk4MmRhNTVhOTRmZDEyZWJiIiwidWlkIjoiMjk2Yjg3MjQtODM5Zi00MjY3LWIyYTQtNGYzYTg0ZWQ5MDFjIiwiZXhwIjoxNzYxMjMzNzQzLCJpYXQiOjE3NjEyMTIxNDN9.rUAa33fj0fKvI1CivlJVBldpwDzDp-eHYqA_RotSxJc;Path=/;Max-Age=21600;HttpOnly;Expires=23/10/25, 3:35 pm;SameSite=Lax
2025-10-23 15:06:01 [main] INFO  Log:33 - Current cookies being sent: auth_token=eyJhbGciOiJIUzI1NiIsInR5cCI6IkpXVCJ9.eyJzaWQiOiJjYTA5NGE2NGQyNDY0NzU5OGE1OGRjZWJjMjM1ZWQzNiIsImF0ayI6ImM3YzllNjY4NGZhMjQwMjk4MmRhNTVhOTRmZDEyZWJiIiwidWlkIjoiMjk2Yjg3MjQtODM5Zi00MjY3LWIyYTQtNGYzYTg0ZWQ5MDFjIiwiZXhwIjoxNzYxMjMzNzQzLCJpYXQiOjE3NjEyMTIxNDN9.rUAa33fj0fKvI1CivlJVBldpwDzDp-eHYqA_RotSxJc;Path=/;Max-Age=21600;HttpOnly;Expires=23/10/25, 3:35 pm;SameSite=Lax
2025-10-23 15:06:01 [main] INFO  Log:33 - Current cookies being sent: auth_token=eyJhbGciOiJIUzI1NiIsInR5cCI6IkpXVCJ9.eyJzaWQiOiJjYTA5NGE2NGQyNDY0NzU5OGE1OGRjZWJjMjM1ZWQzNiIsImF0ayI6ImM3YzllNjY4NGZhMjQwMjk4MmRhNTVhOTRmZDEyZWJiIiwidWlkIjoiMjk2Yjg3MjQtODM5Zi00MjY3LWIyYTQtNGYzYTg0ZWQ5MDFjIiwiZXhwIjoxNzYxMjMzNzQzLCJpYXQiOjE3NjEyMTIxNDN9.rUAa33fj0fKvI1CivlJVBldpwDzDp-eHYqA_RotSxJc;Path=/;Max-Age=21600;HttpOnly;Expires=23/10/25, 3:35 pm;SameSite=Lax
2025-10-23 15:06:02 [main] INFO  Log:33 - Current cookies being sent: auth_token=eyJhbGciOiJIUzI1NiIsInR5cCI6IkpXVCJ9.eyJzaWQiOiJjYTA5NGE2NGQyNDY0NzU5OGE1OGRjZWJjMjM1ZWQzNiIsImF0ayI6ImM3YzllNjY4NGZhMjQwMjk4MmRhNTVhOTRmZDEyZWJiIiwidWlkIjoiMjk2Yjg3MjQtODM5Zi00MjY3LWIyYTQtNGYzYTg0ZWQ5MDFjIiwiZXhwIjoxNzYxMjMzNzQzLCJpYXQiOjE3NjEyMTIxNDN9.rUAa33fj0fKvI1CivlJVBldpwDzDp-eHYqA_RotSxJc;Path=/;Max-Age=21600;HttpOnly;Expires=23/10/25, 3:35 pm;SameSite=Lax
2025-10-23 15:06:02 [main] INFO  Log:33 - Current cookies being sent: auth_token=eyJhbGciOiJIUzI1NiIsInR5cCI6IkpXVCJ9.eyJzaWQiOiJjYTA5NGE2NGQyNDY0NzU5OGE1OGRjZWJjMjM1ZWQzNiIsImF0ayI6ImM3YzllNjY4NGZhMjQwMjk4MmRhNTVhOTRmZDEyZWJiIiwidWlkIjoiMjk2Yjg3MjQtODM5Zi00MjY3LWIyYTQtNGYzYTg0ZWQ5MDFjIiwiZXhwIjoxNzYxMjMzNzQzLCJpYXQiOjE3NjEyMTIxNDN9.rUAa33fj0fKvI1CivlJVBldpwDzDp-eHYqA_RotSxJc;Path=/;Max-Age=21600;HttpOnly;Expires=23/10/25, 3:35 pm;SameSite=Lax
2025-10-23 15:06:03 [main] INFO  Log:33 - Current cookies being sent: auth_token=eyJhbGciOiJIUzI1NiIsInR5cCI6IkpXVCJ9.eyJzaWQiOiJjYTA5NGE2NGQyNDY0NzU5OGE1OGRjZWJjMjM1ZWQzNiIsImF0ayI6ImM3YzllNjY4NGZhMjQwMjk4MmRhNTVhOTRmZDEyZWJiIiwidWlkIjoiMjk2Yjg3MjQtODM5Zi00MjY3LWIyYTQtNGYzYTg0ZWQ5MDFjIiwiZXhwIjoxNzYxMjMzNzQzLCJpYXQiOjE3NjEyMTIxNDN9.rUAa33fj0fKvI1CivlJVBldpwDzDp-eHYqA_RotSxJc;Path=/;Max-Age=21600;HttpOnly;Expires=23/10/25, 3:35 pm;SameSite=Lax
2025-10-23 15:06:03 [main] INFO  Log:33 - Current cookies being sent: auth_token=eyJhbGciOiJIUzI1NiIsInR5cCI6IkpXVCJ9.eyJzaWQiOiJjYTA5NGE2NGQyNDY0NzU5OGE1OGRjZWJjMjM1ZWQzNiIsImF0ayI6ImM3YzllNjY4NGZhMjQwMjk4MmRhNTVhOTRmZDEyZWJiIiwidWlkIjoiMjk2Yjg3MjQtODM5Zi00MjY3LWIyYTQtNGYzYTg0ZWQ5MDFjIiwiZXhwIjoxNzYxMjMzNzQzLCJpYXQiOjE3NjEyMTIxNDN9.rUAa33fj0fKvI1CivlJVBldpwDzDp-eHYqA_RotSxJc;Path=/;Max-Age=21600;HttpOnly;Expires=23/10/25, 3:35 pm;SameSite=Lax
2025-10-23 15:06:03 [main] INFO  Log:33 - Current cookies being sent: auth_token=eyJhbGciOiJIUzI1NiIsInR5cCI6IkpXVCJ9.eyJzaWQiOiJjYTA5NGE2NGQyNDY0NzU5OGE1OGRjZWJjMjM1ZWQzNiIsImF0ayI6ImM3YzllNjY4NGZhMjQwMjk4MmRhNTVhOTRmZDEyZWJiIiwidWlkIjoiMjk2Yjg3MjQtODM5Zi00MjY3LWIyYTQtNGYzYTg0ZWQ5MDFjIiwiZXhwIjoxNzYxMjMzNzQzLCJpYXQiOjE3NjEyMTIxNDN9.rUAa33fj0fKvI1CivlJVBldpwDzDp-eHYqA_RotSxJc;Path=/;Max-Age=21600;HttpOnly;Expires=23/10/25, 3:35 pm;SameSite=Lax
2025-10-23 15:06:04 [main] INFO  Log:33 - Current cookies being sent: auth_token=eyJhbGciOiJIUzI1NiIsInR5cCI6IkpXVCJ9.eyJzaWQiOiJjYTA5NGE2NGQyNDY0NzU5OGE1OGRjZWJjMjM1ZWQzNiIsImF0ayI6ImM3YzllNjY4NGZhMjQwMjk4MmRhNTVhOTRmZDEyZWJiIiwidWlkIjoiMjk2Yjg3MjQtODM5Zi00MjY3LWIyYTQtNGYzYTg0ZWQ5MDFjIiwiZXhwIjoxNzYxMjMzNzQzLCJpYXQiOjE3NjEyMTIxNDN9.rUAa33fj0fKvI1CivlJVBldpwDzDp-eHYqA_RotSxJc;Path=/;Max-Age=21600;HttpOnly;Expires=23/10/25, 3:35 pm;SameSite=Lax
2025-10-23 15:06:04 [main] INFO  Log:33 - Current cookies being sent: auth_token=eyJhbGciOiJIUzI1NiIsInR5cCI6IkpXVCJ9.eyJzaWQiOiJjYTA5NGE2NGQyNDY0NzU5OGE1OGRjZWJjMjM1ZWQzNiIsImF0ayI6ImM3YzllNjY4NGZhMjQwMjk4MmRhNTVhOTRmZDEyZWJiIiwidWlkIjoiMjk2Yjg3MjQtODM5Zi00MjY3LWIyYTQtNGYzYTg0ZWQ5MDFjIiwiZXhwIjoxNzYxMjMzNzQzLCJpYXQiOjE3NjEyMTIxNDN9.rUAa33fj0fKvI1CivlJVBldpwDzDp-eHYqA_RotSxJc;Path=/;Max-Age=21600;HttpOnly;Expires=23/10/25, 3:35 pm;SameSite=Lax
2025-10-23 15:06:04 [main] INFO  Log:33 - Current cookies being sent: auth_token=eyJhbGciOiJIUzI1NiIsInR5cCI6IkpXVCJ9.eyJzaWQiOiJjYTA5NGE2NGQyNDY0NzU5OGE1OGRjZWJjMjM1ZWQzNiIsImF0ayI6ImM3YzllNjY4NGZhMjQwMjk4MmRhNTVhOTRmZDEyZWJiIiwidWlkIjoiMjk2Yjg3MjQtODM5Zi00MjY3LWIyYTQtNGYzYTg0ZWQ5MDFjIiwiZXhwIjoxNzYxMjMzNzQzLCJpYXQiOjE3NjEyMTIxNDN9.rUAa33fj0fKvI1CivlJVBldpwDzDp-eHYqA_RotSxJc;Path=/;Max-Age=21600;HttpOnly;Expires=23/10/25, 3:35 pm;SameSite=Lax
2025-10-23 15:06:05 [main] INFO  Log:33 - Current cookies being sent: auth_token=eyJhbGciOiJIUzI1NiIsInR5cCI6IkpXVCJ9.eyJzaWQiOiJjYTA5NGE2NGQyNDY0NzU5OGE1OGRjZWJjMjM1ZWQzNiIsImF0ayI6ImM3YzllNjY4NGZhMjQwMjk4MmRhNTVhOTRmZDEyZWJiIiwidWlkIjoiMjk2Yjg3MjQtODM5Zi00MjY3LWIyYTQtNGYzYTg0ZWQ5MDFjIiwiZXhwIjoxNzYxMjMzNzQzLCJpYXQiOjE3NjEyMTIxNDN9.rUAa33fj0fKvI1CivlJVBldpwDzDp-eHYqA_RotSxJc;Path=/;Max-Age=21600;HttpOnly;Expires=23/10/25, 3:35 pm;SameSite=Lax
2025-10-23 15:06:05 [main] INFO  Log:33 - Current cookies being sent: auth_token=eyJhbGciOiJIUzI1NiIsInR5cCI6IkpXVCJ9.eyJzaWQiOiJjYTA5NGE2NGQyNDY0NzU5OGE1OGRjZWJjMjM1ZWQzNiIsImF0ayI6ImM3YzllNjY4NGZhMjQwMjk4MmRhNTVhOTRmZDEyZWJiIiwidWlkIjoiMjk2Yjg3MjQtODM5Zi00MjY3LWIyYTQtNGYzYTg0ZWQ5MDFjIiwiZXhwIjoxNzYxMjMzNzQzLCJpYXQiOjE3NjEyMTIxNDN9.rUAa33fj0fKvI1CivlJVBldpwDzDp-eHYqA_RotSxJc;Path=/;Max-Age=21600;HttpOnly;Expires=23/10/25, 3:35 pm;SameSite=Lax
2025-10-23 15:06:05 [main] INFO  Log:33 - Current cookies being sent: auth_token=eyJhbGciOiJIUzI1NiIsInR5cCI6IkpXVCJ9.eyJzaWQiOiJjYTA5NGE2NGQyNDY0NzU5OGE1OGRjZWJjMjM1ZWQzNiIsImF0ayI6ImM3YzllNjY4NGZhMjQwMjk4MmRhNTVhOTRmZDEyZWJiIiwidWlkIjoiMjk2Yjg3MjQtODM5Zi00MjY3LWIyYTQtNGYzYTg0ZWQ5MDFjIiwiZXhwIjoxNzYxMjMzNzQzLCJpYXQiOjE3NjEyMTIxNDN9.rUAa33fj0fKvI1CivlJVBldpwDzDp-eHYqA_RotSxJc;Path=/;Max-Age=21600;HttpOnly;Expires=23/10/25, 3:35 pm;SameSite=Lax
2025-10-23 15:06:06 [main] INFO  Log:33 - Current cookies being sent: auth_token=eyJhbGciOiJIUzI1NiIsInR5cCI6IkpXVCJ9.eyJzaWQiOiJjYTA5NGE2NGQyNDY0NzU5OGE1OGRjZWJjMjM1ZWQzNiIsImF0ayI6ImM3YzllNjY4NGZhMjQwMjk4MmRhNTVhOTRmZDEyZWJiIiwidWlkIjoiMjk2Yjg3MjQtODM5Zi00MjY3LWIyYTQtNGYzYTg0ZWQ5MDFjIiwiZXhwIjoxNzYxMjMzNzQzLCJpYXQiOjE3NjEyMTIxNDN9.rUAa33fj0fKvI1CivlJVBldpwDzDp-eHYqA_RotSxJc;Path=/;Max-Age=21600;HttpOnly;Expires=23/10/25, 3:35 pm;SameSite=Lax
2025-10-23 15:06:06 [main] INFO  Log:33 - Current cookies being sent: auth_token=eyJhbGciOiJIUzI1NiIsInR5cCI6IkpXVCJ9.eyJzaWQiOiJjYTA5NGE2NGQyNDY0NzU5OGE1OGRjZWJjMjM1ZWQzNiIsImF0ayI6ImM3YzllNjY4NGZhMjQwMjk4MmRhNTVhOTRmZDEyZWJiIiwidWlkIjoiMjk2Yjg3MjQtODM5Zi00MjY3LWIyYTQtNGYzYTg0ZWQ5MDFjIiwiZXhwIjoxNzYxMjMzNzQzLCJpYXQiOjE3NjEyMTIxNDN9.rUAa33fj0fKvI1CivlJVBldpwDzDp-eHYqA_RotSxJc;Path=/;Max-Age=21600;HttpOnly;Expires=23/10/25, 3:35 pm;SameSite=Lax
2025-10-23 15:06:06 [main] INFO  Log:33 - Current cookies being sent: auth_token=eyJhbGciOiJIUzI1NiIsInR5cCI6IkpXVCJ9.eyJzaWQiOiJjYTA5NGE2NGQyNDY0NzU5OGE1OGRjZWJjMjM1ZWQzNiIsImF0ayI6ImM3YzllNjY4NGZhMjQwMjk4MmRhNTVhOTRmZDEyZWJiIiwidWlkIjoiMjk2Yjg3MjQtODM5Zi00MjY3LWIyYTQtNGYzYTg0ZWQ5MDFjIiwiZXhwIjoxNzYxMjMzNzQzLCJpYXQiOjE3NjEyMTIxNDN9.rUAa33fj0fKvI1CivlJVBldpwDzDp-eHYqA_RotSxJc;Path=/;Max-Age=21600;HttpOnly;Expires=23/10/25, 3:35 pm;SameSite=Lax
2025-10-23 15:06:07 [main] INFO  Log:33 - Current cookies being sent: auth_token=eyJhbGciOiJIUzI1NiIsInR5cCI6IkpXVCJ9.eyJzaWQiOiJjYTA5NGE2NGQyNDY0NzU5OGE1OGRjZWJjMjM1ZWQzNiIsImF0ayI6ImM3YzllNjY4NGZhMjQwMjk4MmRhNTVhOTRmZDEyZWJiIiwidWlkIjoiMjk2Yjg3MjQtODM5Zi00MjY3LWIyYTQtNGYzYTg0ZWQ5MDFjIiwiZXhwIjoxNzYxMjMzNzQzLCJpYXQiOjE3NjEyMTIxNDN9.rUAa33fj0fKvI1CivlJVBldpwDzDp-eHYqA_RotSxJc;Path=/;Max-Age=21600;HttpOnly;Expires=23/10/25, 3:35 pm;SameSite=Lax
2025-10-23 15:06:07 [main] INFO  Log:33 - Current cookies being sent: auth_token=eyJhbGciOiJIUzI1NiIsInR5cCI6IkpXVCJ9.eyJzaWQiOiJjYTA5NGE2NGQyNDY0NzU5OGE1OGRjZWJjMjM1ZWQzNiIsImF0ayI6ImM3YzllNjY4NGZhMjQwMjk4MmRhNTVhOTRmZDEyZWJiIiwidWlkIjoiMjk2Yjg3MjQtODM5Zi00MjY3LWIyYTQtNGYzYTg0ZWQ5MDFjIiwiZXhwIjoxNzYxMjMzNzQzLCJpYXQiOjE3NjEyMTIxNDN9.rUAa33fj0fKvI1CivlJVBldpwDzDp-eHYqA_RotSxJc;Path=/;Max-Age=21600;HttpOnly;Expires=23/10/25, 3:35 pm;SameSite=Lax
2025-10-23 15:06:08 [main] INFO  Log:33 - Current cookies being sent: auth_token=eyJhbGciOiJIUzI1NiIsInR5cCI6IkpXVCJ9.eyJzaWQiOiJjYTA5NGE2NGQyNDY0NzU5OGE1OGRjZWJjMjM1ZWQzNiIsImF0ayI6ImM3YzllNjY4NGZhMjQwMjk4MmRhNTVhOTRmZDEyZWJiIiwidWlkIjoiMjk2Yjg3MjQtODM5Zi00MjY3LWIyYTQtNGYzYTg0ZWQ5MDFjIiwiZXhwIjoxNzYxMjMzNzQzLCJpYXQiOjE3NjEyMTIxNDN9.rUAa33fj0fKvI1CivlJVBldpwDzDp-eHYqA_RotSxJc;Path=/;Max-Age=21600;HttpOnly;Expires=23/10/25, 3:35 pm;SameSite=Lax
2025-10-23 15:06:08 [main] INFO  Log:33 - Current cookies being sent: auth_token=eyJhbGciOiJIUzI1NiIsInR5cCI6IkpXVCJ9.eyJzaWQiOiJjYTA5NGE2NGQyNDY0NzU5OGE1OGRjZWJjMjM1ZWQzNiIsImF0ayI6ImM3YzllNjY4NGZhMjQwMjk4MmRhNTVhOTRmZDEyZWJiIiwidWlkIjoiMjk2Yjg3MjQtODM5Zi00MjY3LWIyYTQtNGYzYTg0ZWQ5MDFjIiwiZXhwIjoxNzYxMjMzNzQzLCJpYXQiOjE3NjEyMTIxNDN9.rUAa33fj0fKvI1CivlJVBldpwDzDp-eHYqA_RotSxJc;Path=/;Max-Age=21600;HttpOnly;Expires=23/10/25, 3:35 pm;SameSite=Lax
2025-10-23 15:06:08 [main] INFO  Log:33 - Current cookies being sent: auth_token=eyJhbGciOiJIUzI1NiIsInR5cCI6IkpXVCJ9.eyJzaWQiOiJjYTA5NGE2NGQyNDY0NzU5OGE1OGRjZWJjMjM1ZWQzNiIsImF0ayI6ImM3YzllNjY4NGZhMjQwMjk4MmRhNTVhOTRmZDEyZWJiIiwidWlkIjoiMjk2Yjg3MjQtODM5Zi00MjY3LWIyYTQtNGYzYTg0ZWQ5MDFjIiwiZXhwIjoxNzYxMjMzNzQzLCJpYXQiOjE3NjEyMTIxNDN9.rUAa33fj0fKvI1CivlJVBldpwDzDp-eHYqA_RotSxJc;Path=/;Max-Age=21600;HttpOnly;Expires=23/10/25, 3:35 pm;SameSite=Lax
2025-10-23 15:06:09 [main] INFO  Log:33 - Current cookies being sent: auth_token=eyJhbGciOiJIUzI1NiIsInR5cCI6IkpXVCJ9.eyJzaWQiOiJjYTA5NGE2NGQyNDY0NzU5OGE1OGRjZWJjMjM1ZWQzNiIsImF0ayI6ImM3YzllNjY4NGZhMjQwMjk4MmRhNTVhOTRmZDEyZWJiIiwidWlkIjoiMjk2Yjg3MjQtODM5Zi00MjY3LWIyYTQtNGYzYTg0ZWQ5MDFjIiwiZXhwIjoxNzYxMjMzNzQzLCJpYXQiOjE3NjEyMTIxNDN9.rUAa33fj0fKvI1CivlJVBldpwDzDp-eHYqA_RotSxJc;Path=/;Max-Age=21600;HttpOnly;Expires=23/10/25, 3:35 pm;SameSite=Lax
2025-10-23 15:06:09 [main] INFO  Log:33 - Current cookies being sent: auth_token=eyJhbGciOiJIUzI1NiIsInR5cCI6IkpXVCJ9.eyJzaWQiOiJjYTA5NGE2NGQyNDY0NzU5OGE1OGRjZWJjMjM1ZWQzNiIsImF0ayI6ImM3YzllNjY4NGZhMjQwMjk4MmRhNTVhOTRmZDEyZWJiIiwidWlkIjoiMjk2Yjg3MjQtODM5Zi00MjY3LWIyYTQtNGYzYTg0ZWQ5MDFjIiwiZXhwIjoxNzYxMjMzNzQzLCJpYXQiOjE3NjEyMTIxNDN9.rUAa33fj0fKvI1CivlJVBldpwDzDp-eHYqA_RotSxJc;Path=/;Max-Age=21600;HttpOnly;Expires=23/10/25, 3:35 pm;SameSite=Lax
2025-10-23 15:06:09 [main] INFO  Log:33 - Cookies:auth_token=eyJhbGciOiJIUzI1NiIsInR5cCI6IkpXVCJ9.eyJzaWQiOiJjYTA5NGE2NGQyNDY0NzU5OGE1OGRjZWJjMjM1ZWQzNiIsImF0ayI6ImM3YzllNjY4NGZhMjQwMjk4MmRhNTVhOTRmZDEyZWJiIiwidWlkIjoiMjk2Yjg3MjQtODM5Zi00MjY3LWIyYTQtNGYzYTg0ZWQ5MDFjIiwiZXhwIjoxNzYxMjMzNzQzLCJpYXQiOjE3NjEyMTIxNDN9.rUAa33fj0fKvI1CivlJVBldpwDzDp-eHYqA_RotSxJc;Path=/;Max-Age=21600;HttpOnly;Expires=23/10/25, 3:35 pm;SameSite=Lax
2025-10-23 15:06:09 [main] INFO  Log:33 - Current cookies being sent: auth_token=eyJhbGciOiJIUzI1NiIsInR5cCI6IkpXVCJ9.eyJzaWQiOiJjYTA5NGE2NGQyNDY0NzU5OGE1OGRjZWJjMjM1ZWQzNiIsImF0ayI6ImM3YzllNjY4NGZhMjQwMjk4MmRhNTVhOTRmZDEyZWJiIiwidWlkIjoiMjk2Yjg3MjQtODM5Zi00MjY3LWIyYTQtNGYzYTg0ZWQ5MDFjIiwiZXhwIjoxNzYxMjMzNzQzLCJpYXQiOjE3NjEyMTIxNDN9.rUAa33fj0fKvI1CivlJVBldpwDzDp-eHYqA_RotSxJc;Path=/;Max-Age=21600;HttpOnly;Expires=23/10/25, 3:35 pm;SameSite=Lax
2025-10-23 15:06:10 [main] INFO  Log:33 - Cookies:auth_token=eyJhbGciOiJIUzI1NiIsInR5cCI6IkpXVCJ9.eyJzaWQiOiJjYTA5NGE2NGQyNDY0NzU5OGE1OGRjZWJjMjM1ZWQzNiIsImF0ayI6ImM3YzllNjY4NGZhMjQwMjk4MmRhNTVhOTRmZDEyZWJiIiwidWlkIjoiMjk2Yjg3MjQtODM5Zi00MjY3LWIyYTQtNGYzYTg0ZWQ5MDFjIiwiZXhwIjoxNzYxMjMzNzQzLCJpYXQiOjE3NjEyMTIxNDN9.rUAa33fj0fKvI1CivlJVBldpwDzDp-eHYqA_RotSxJc;Path=/;Max-Age=21600;HttpOnly;Expires=23/10/25, 3:35 pm;SameSite=Lax
2025-10-23 15:06:10 [main] INFO  Log:33 - Current cookies being sent: auth_token=eyJhbGciOiJIUzI1NiIsInR5cCI6IkpXVCJ9.eyJzaWQiOiJjYTA5NGE2NGQyNDY0NzU5OGE1OGRjZWJjMjM1ZWQzNiIsImF0ayI6ImM3YzllNjY4NGZhMjQwMjk4MmRhNTVhOTRmZDEyZWJiIiwidWlkIjoiMjk2Yjg3MjQtODM5Zi00MjY3LWIyYTQtNGYzYTg0ZWQ5MDFjIiwiZXhwIjoxNzYxMjMzNzQzLCJpYXQiOjE3NjEyMTIxNDN9.rUAa33fj0fKvI1CivlJVBldpwDzDp-eHYqA_RotSxJc;Path=/;Max-Age=21600;HttpOnly;Expires=23/10/25, 3:35 pm;SameSite=Lax
2025-10-23 15:06:10 [main] INFO  Log:33 - Cookies:auth_token=eyJhbGciOiJIUzI1NiIsInR5cCI6IkpXVCJ9.eyJzaWQiOiJjYTA5NGE2NGQyNDY0NzU5OGE1OGRjZWJjMjM1ZWQzNiIsImF0ayI6ImM3YzllNjY4NGZhMjQwMjk4MmRhNTVhOTRmZDEyZWJiIiwidWlkIjoiMjk2Yjg3MjQtODM5Zi00MjY3LWIyYTQtNGYzYTg0ZWQ5MDFjIiwiZXhwIjoxNzYxMjMzNzQzLCJpYXQiOjE3NjEyMTIxNDN9.rUAa33fj0fKvI1CivlJVBldpwDzDp-eHYqA_RotSxJc;Path=/;Max-Age=21600;HttpOnly;Expires=23/10/25, 3:35 pm;SameSite=Lax
2025-10-23 15:06:10 [main] INFO  Log:33 - Current cookies being sent: auth_token=eyJhbGciOiJIUzI1NiIsInR5cCI6IkpXVCJ9.eyJzaWQiOiJjYTA5NGE2NGQyNDY0NzU5OGE1OGRjZWJjMjM1ZWQzNiIsImF0ayI6ImM3YzllNjY4NGZhMjQwMjk4MmRhNTVhOTRmZDEyZWJiIiwidWlkIjoiMjk2Yjg3MjQtODM5Zi00MjY3LWIyYTQtNGYzYTg0ZWQ5MDFjIiwiZXhwIjoxNzYxMjMzNzQzLCJpYXQiOjE3NjEyMTIxNDN9.rUAa33fj0fKvI1CivlJVBldpwDzDp-eHYqA_RotSxJc;Path=/;Max-Age=21600;HttpOnly;Expires=23/10/25, 3:35 pm;SameSite=Lax
2025-10-23 15:06:11 [main] INFO  Log:33 - Cookies:auth_token=eyJhbGciOiJIUzI1NiIsInR5cCI6IkpXVCJ9.eyJzaWQiOiJjYTA5NGE2NGQyNDY0NzU5OGE1OGRjZWJjMjM1ZWQzNiIsImF0ayI6ImM3YzllNjY4NGZhMjQwMjk4MmRhNTVhOTRmZDEyZWJiIiwidWlkIjoiMjk2Yjg3MjQtODM5Zi00MjY3LWIyYTQtNGYzYTg0ZWQ5MDFjIiwiZXhwIjoxNzYxMjMzNzQzLCJpYXQiOjE3NjEyMTIxNDN9.rUAa33fj0fKvI1CivlJVBldpwDzDp-eHYqA_RotSxJc;Path=/;Max-Age=21600;HttpOnly;Expires=23/10/25, 3:35 pm;SameSite=Lax
2025-10-23 15:06:11 [main] INFO  Log:33 - Current cookies being sent: auth_token=eyJhbGciOiJIUzI1NiIsInR5cCI6IkpXVCJ9.eyJzaWQiOiJjYTA5NGE2NGQyNDY0NzU5OGE1OGRjZWJjMjM1ZWQzNiIsImF0ayI6ImM3YzllNjY4NGZhMjQwMjk4MmRhNTVhOTRmZDEyZWJiIiwidWlkIjoiMjk2Yjg3MjQtODM5Zi00MjY3LWIyYTQtNGYzYTg0ZWQ5MDFjIiwiZXhwIjoxNzYxMjMzNzQzLCJpYXQiOjE3NjEyMTIxNDN9.rUAa33fj0fKvI1CivlJVBldpwDzDp-eHYqA_RotSxJc;Path=/;Max-Age=21600;HttpOnly;Expires=23/10/25, 3:35 pm;SameSite=Lax
2025-10-23 15:06:11 [main] INFO  Log:33 - Current cookies being sent: auth_token=eyJhbGciOiJIUzI1NiIsInR5cCI6IkpXVCJ9.eyJzaWQiOiJjYTA5NGE2NGQyNDY0NzU5OGE1OGRjZWJjMjM1ZWQzNiIsImF0ayI6ImM3YzllNjY4NGZhMjQwMjk4MmRhNTVhOTRmZDEyZWJiIiwidWlkIjoiMjk2Yjg3MjQtODM5Zi00MjY3LWIyYTQtNGYzYTg0ZWQ5MDFjIiwiZXhwIjoxNzYxMjMzNzQzLCJpYXQiOjE3NjEyMTIxNDN9.rUAa33fj0fKvI1CivlJVBldpwDzDp-eHYqA_RotSxJc;Path=/;Max-Age=21600;HttpOnly;Expires=23/10/25, 3:35 pm;SameSite=Lax
2025-10-23 15:06:11 [main] INFO  Log:33 - Current cookies being sent: auth_token=eyJhbGciOiJIUzI1NiIsInR5cCI6IkpXVCJ9.eyJzaWQiOiJjYTA5NGE2NGQyNDY0NzU5OGE1OGRjZWJjMjM1ZWQzNiIsImF0ayI6ImM3YzllNjY4NGZhMjQwMjk4MmRhNTVhOTRmZDEyZWJiIiwidWlkIjoiMjk2Yjg3MjQtODM5Zi00MjY3LWIyYTQtNGYzYTg0ZWQ5MDFjIiwiZXhwIjoxNzYxMjMzNzQzLCJpYXQiOjE3NjEyMTIxNDN9.rUAa33fj0fKvI1CivlJVBldpwDzDp-eHYqA_RotSxJc;Path=/;Max-Age=21600;HttpOnly;Expires=23/10/25, 3:35 pm;SameSite=Lax
2025-10-23 15:06:12 [main] INFO  Log:33 - Current cookies being sent: auth_token=eyJhbGciOiJIUzI1NiIsInR5cCI6IkpXVCJ9.eyJzaWQiOiJjYTA5NGE2NGQyNDY0NzU5OGE1OGRjZWJjMjM1ZWQzNiIsImF0ayI6ImM3YzllNjY4NGZhMjQwMjk4MmRhNTVhOTRmZDEyZWJiIiwidWlkIjoiMjk2Yjg3MjQtODM5Zi00MjY3LWIyYTQtNGYzYTg0ZWQ5MDFjIiwiZXhwIjoxNzYxMjMzNzQzLCJpYXQiOjE3NjEyMTIxNDN9.rUAa33fj0fKvI1CivlJVBldpwDzDp-eHYqA_RotSxJc;Path=/;Max-Age=21600;HttpOnly;Expires=23/10/25, 3:35 pm;SameSite=Lax
2025-10-23 15:06:12 [main] INFO  Log:33 - Current cookies being sent: auth_token=eyJhbGciOiJIUzI1NiIsInR5cCI6IkpXVCJ9.eyJzaWQiOiJjYTA5NGE2NGQyNDY0NzU5OGE1OGRjZWJjMjM1ZWQzNiIsImF0ayI6ImM3YzllNjY4NGZhMjQwMjk4MmRhNTVhOTRmZDEyZWJiIiwidWlkIjoiMjk2Yjg3MjQtODM5Zi00MjY3LWIyYTQtNGYzYTg0ZWQ5MDFjIiwiZXhwIjoxNzYxMjMzNzQzLCJpYXQiOjE3NjEyMTIxNDN9.rUAa33fj0fKvI1CivlJVBldpwDzDp-eHYqA_RotSxJc;Path=/;Max-Age=21600;HttpOnly;Expires=23/10/25, 3:35 pm;SameSite=Lax
2025-10-23 15:06:12 [main] INFO  Log:33 - Current cookies being sent: auth_token=eyJhbGciOiJIUzI1NiIsInR5cCI6IkpXVCJ9.eyJzaWQiOiJjYTA5NGE2NGQyNDY0NzU5OGE1OGRjZWJjMjM1ZWQzNiIsImF0ayI6ImM3YzllNjY4NGZhMjQwMjk4MmRhNTVhOTRmZDEyZWJiIiwidWlkIjoiMjk2Yjg3MjQtODM5Zi00MjY3LWIyYTQtNGYzYTg0ZWQ5MDFjIiwiZXhwIjoxNzYxMjMzNzQzLCJpYXQiOjE3NjEyMTIxNDN9.rUAa33fj0fKvI1CivlJVBldpwDzDp-eHYqA_RotSxJc;Path=/;Max-Age=21600;HttpOnly;Expires=23/10/25, 3:35 pm;SameSite=Lax
2025-10-23 15:06:13 [main] INFO  Log:33 - Current cookies being sent: auth_token=eyJhbGciOiJIUzI1NiIsInR5cCI6IkpXVCJ9.eyJzaWQiOiJjYTA5NGE2NGQyNDY0NzU5OGE1OGRjZWJjMjM1ZWQzNiIsImF0ayI6ImM3YzllNjY4NGZhMjQwMjk4MmRhNTVhOTRmZDEyZWJiIiwidWlkIjoiMjk2Yjg3MjQtODM5Zi00MjY3LWIyYTQtNGYzYTg0ZWQ5MDFjIiwiZXhwIjoxNzYxMjMzNzQzLCJpYXQiOjE3NjEyMTIxNDN9.rUAa33fj0fKvI1CivlJVBldpwDzDp-eHYqA_RotSxJc;Path=/;Max-Age=21600;HttpOnly;Expires=23/10/25, 3:35 pm;SameSite=Lax
2025-10-23 15:06:13 [main] INFO  Log:33 - Current cookies being sent: auth_token=eyJhbGciOiJIUzI1NiIsInR5cCI6IkpXVCJ9.eyJzaWQiOiJjYTA5NGE2NGQyNDY0NzU5OGE1OGRjZWJjMjM1ZWQzNiIsImF0ayI6ImM3YzllNjY4NGZhMjQwMjk4MmRhNTVhOTRmZDEyZWJiIiwidWlkIjoiMjk2Yjg3MjQtODM5Zi00MjY3LWIyYTQtNGYzYTg0ZWQ5MDFjIiwiZXhwIjoxNzYxMjMzNzQzLCJpYXQiOjE3NjEyMTIxNDN9.rUAa33fj0fKvI1CivlJVBldpwDzDp-eHYqA_RotSxJc;Path=/;Max-Age=21600;HttpOnly;Expires=23/10/25, 3:35 pm;SameSite=Lax
2025-10-23 15:06:13 [main] INFO  Log:33 - Current cookies being sent: auth_token=eyJhbGciOiJIUzI1NiIsInR5cCI6IkpXVCJ9.eyJzaWQiOiJjYTA5NGE2NGQyNDY0NzU5OGE1OGRjZWJjMjM1ZWQzNiIsImF0ayI6ImM3YzllNjY4NGZhMjQwMjk4MmRhNTVhOTRmZDEyZWJiIiwidWlkIjoiMjk2Yjg3MjQtODM5Zi00MjY3LWIyYTQtNGYzYTg0ZWQ5MDFjIiwiZXhwIjoxNzYxMjMzNzQzLCJpYXQiOjE3NjEyMTIxNDN9.rUAa33fj0fKvI1CivlJVBldpwDzDp-eHYqA_RotSxJc;Path=/;Max-Age=21600;HttpOnly;Expires=23/10/25, 3:35 pm;SameSite=Lax
2025-10-23 15:06:14 [main] INFO  Log:33 - Current cookies being sent: auth_token=eyJhbGciOiJIUzI1NiIsInR5cCI6IkpXVCJ9.eyJzaWQiOiJjYTA5NGE2NGQyNDY0NzU5OGE1OGRjZWJjMjM1ZWQzNiIsImF0ayI6ImM3YzllNjY4NGZhMjQwMjk4MmRhNTVhOTRmZDEyZWJiIiwidWlkIjoiMjk2Yjg3MjQtODM5Zi00MjY3LWIyYTQtNGYzYTg0ZWQ5MDFjIiwiZXhwIjoxNzYxMjMzNzQzLCJpYXQiOjE3NjEyMTIxNDN9.rUAa33fj0fKvI1CivlJVBldpwDzDp-eHYqA_RotSxJc;Path=/;Max-Age=21600;HttpOnly;Expires=23/10/25, 3:35 pm;SameSite=Lax
2025-10-23 15:06:14 [main] INFO  Log:33 - Current cookies being sent: auth_token=eyJhbGciOiJIUzI1NiIsInR5cCI6IkpXVCJ9.eyJzaWQiOiJjYTA5NGE2NGQyNDY0NzU5OGE1OGRjZWJjMjM1ZWQzNiIsImF0ayI6ImM3YzllNjY4NGZhMjQwMjk4MmRhNTVhOTRmZDEyZWJiIiwidWlkIjoiMjk2Yjg3MjQtODM5Zi00MjY3LWIyYTQtNGYzYTg0ZWQ5MDFjIiwiZXhwIjoxNzYxMjMzNzQzLCJpYXQiOjE3NjEyMTIxNDN9.rUAa33fj0fKvI1CivlJVBldpwDzDp-eHYqA_RotSxJc;Path=/;Max-Age=21600;HttpOnly;Expires=23/10/25, 3:35 pm;SameSite=Lax
2025-10-23 15:06:14 [main] INFO  Log:33 - Current cookies being sent: auth_token=eyJhbGciOiJIUzI1NiIsInR5cCI6IkpXVCJ9.eyJzaWQiOiJjYTA5NGE2NGQyNDY0NzU5OGE1OGRjZWJjMjM1ZWQzNiIsImF0ayI6ImM3YzllNjY4NGZhMjQwMjk4MmRhNTVhOTRmZDEyZWJiIiwidWlkIjoiMjk2Yjg3MjQtODM5Zi00MjY3LWIyYTQtNGYzYTg0ZWQ5MDFjIiwiZXhwIjoxNzYxMjMzNzQzLCJpYXQiOjE3NjEyMTIxNDN9.rUAa33fj0fKvI1CivlJVBldpwDzDp-eHYqA_RotSxJc;Path=/;Max-Age=21600;HttpOnly;Expires=23/10/25, 3:35 pm;SameSite=Lax
2025-10-23 15:06:14 [main] INFO  Log:33 - Current cookies being sent: auth_token=eyJhbGciOiJIUzI1NiIsInR5cCI6IkpXVCJ9.eyJzaWQiOiJjYTA5NGE2NGQyNDY0NzU5OGE1OGRjZWJjMjM1ZWQzNiIsImF0ayI6ImM3YzllNjY4NGZhMjQwMjk4MmRhNTVhOTRmZDEyZWJiIiwidWlkIjoiMjk2Yjg3MjQtODM5Zi00MjY3LWIyYTQtNGYzYTg0ZWQ5MDFjIiwiZXhwIjoxNzYxMjMzNzQzLCJpYXQiOjE3NjEyMTIxNDN9.rUAa33fj0fKvI1CivlJVBldpwDzDp-eHYqA_RotSxJc;Path=/;Max-Age=21600;HttpOnly;Expires=23/10/25, 3:35 pm;SameSite=Lax
2025-10-23 15:06:15 [main] INFO  Log:33 - Current cookies being sent: auth_token=eyJhbGciOiJIUzI1NiIsInR5cCI6IkpXVCJ9.eyJzaWQiOiJjYTA5NGE2NGQyNDY0NzU5OGE1OGRjZWJjMjM1ZWQzNiIsImF0ayI6ImM3YzllNjY4NGZhMjQwMjk4MmRhNTVhOTRmZDEyZWJiIiwidWlkIjoiMjk2Yjg3MjQtODM5Zi00MjY3LWIyYTQtNGYzYTg0ZWQ5MDFjIiwiZXhwIjoxNzYxMjMzNzQzLCJpYXQiOjE3NjEyMTIxNDN9.rUAa33fj0fKvI1CivlJVBldpwDzDp-eHYqA_RotSxJc;Path=/;Max-Age=21600;HttpOnly;Expires=23/10/25, 3:35 pm;SameSite=Lax
2025-10-23 15:06:15 [main] INFO  Log:33 - Current cookies being sent: auth_token=eyJhbGciOiJIUzI1NiIsInR5cCI6IkpXVCJ9.eyJzaWQiOiJjYTA5NGE2NGQyNDY0NzU5OGE1OGRjZWJjMjM1ZWQzNiIsImF0ayI6ImM3YzllNjY4NGZhMjQwMjk4MmRhNTVhOTRmZDEyZWJiIiwidWlkIjoiMjk2Yjg3MjQtODM5Zi00MjY3LWIyYTQtNGYzYTg0ZWQ5MDFjIiwiZXhwIjoxNzYxMjMzNzQzLCJpYXQiOjE3NjEyMTIxNDN9.rUAa33fj0fKvI1CivlJVBldpwDzDp-eHYqA_RotSxJc;Path=/;Max-Age=21600;HttpOnly;Expires=23/10/25, 3:35 pm;SameSite=Lax
2025-10-23 15:06:15 [main] INFO  Log:33 - Current cookies being sent: auth_token=eyJhbGciOiJIUzI1NiIsInR5cCI6IkpXVCJ9.eyJzaWQiOiJjYTA5NGE2NGQyNDY0NzU5OGE1OGRjZWJjMjM1ZWQzNiIsImF0ayI6ImM3YzllNjY4NGZhMjQwMjk4MmRhNTVhOTRmZDEyZWJiIiwidWlkIjoiMjk2Yjg3MjQtODM5Zi00MjY3LWIyYTQtNGYzYTg0ZWQ5MDFjIiwiZXhwIjoxNzYxMjMzNzQzLCJpYXQiOjE3NjEyMTIxNDN9.rUAa33fj0fKvI1CivlJVBldpwDzDp-eHYqA_RotSxJc;Path=/;Max-Age=21600;HttpOnly;Expires=23/10/25, 3:35 pm;SameSite=Lax
2025-10-23 15:06:16 [main] INFO  Log:33 - Current cookies being sent: auth_token=eyJhbGciOiJIUzI1NiIsInR5cCI6IkpXVCJ9.eyJzaWQiOiJjYTA5NGE2NGQyNDY0NzU5OGE1OGRjZWJjMjM1ZWQzNiIsImF0ayI6ImM3YzllNjY4NGZhMjQwMjk4MmRhNTVhOTRmZDEyZWJiIiwidWlkIjoiMjk2Yjg3MjQtODM5Zi00MjY3LWIyYTQtNGYzYTg0ZWQ5MDFjIiwiZXhwIjoxNzYxMjMzNzQzLCJpYXQiOjE3NjEyMTIxNDN9.rUAa33fj0fKvI1CivlJVBldpwDzDp-eHYqA_RotSxJc;Path=/;Max-Age=21600;HttpOnly;Expires=23/10/25, 3:35 pm;SameSite=Lax
2025-10-23 15:06:16 [main] INFO  Log:33 - Current cookies being sent: auth_token=eyJhbGciOiJIUzI1NiIsInR5cCI6IkpXVCJ9.eyJzaWQiOiJjYTA5NGE2NGQyNDY0NzU5OGE1OGRjZWJjMjM1ZWQzNiIsImF0ayI6ImM3YzllNjY4NGZhMjQwMjk4MmRhNTVhOTRmZDEyZWJiIiwidWlkIjoiMjk2Yjg3MjQtODM5Zi00MjY3LWIyYTQtNGYzYTg0ZWQ5MDFjIiwiZXhwIjoxNzYxMjMzNzQzLCJpYXQiOjE3NjEyMTIxNDN9.rUAa33fj0fKvI1CivlJVBldpwDzDp-eHYqA_RotSxJc;Path=/;Max-Age=21600;HttpOnly;Expires=23/10/25, 3:35 pm;SameSite=Lax
2025-10-23 15:06:16 [main] INFO  Log:33 - Current cookies being sent: auth_token=eyJhbGciOiJIUzI1NiIsInR5cCI6IkpXVCJ9.eyJzaWQiOiJjYTA5NGE2NGQyNDY0NzU5OGE1OGRjZWJjMjM1ZWQzNiIsImF0ayI6ImM3YzllNjY4NGZhMjQwMjk4MmRhNTVhOTRmZDEyZWJiIiwidWlkIjoiMjk2Yjg3MjQtODM5Zi00MjY3LWIyYTQtNGYzYTg0ZWQ5MDFjIiwiZXhwIjoxNzYxMjMzNzQzLCJpYXQiOjE3NjEyMTIxNDN9.rUAa33fj0fKvI1CivlJVBldpwDzDp-eHYqA_RotSxJc;Path=/;Max-Age=21600;HttpOnly;Expires=23/10/25, 3:35 pm;SameSite=Lax
2025-10-23 15:06:16 [main] INFO  Log:33 - Current cookies being sent: auth_token=eyJhbGciOiJIUzI1NiIsInR5cCI6IkpXVCJ9.eyJzaWQiOiJjYTA5NGE2NGQyNDY0NzU5OGE1OGRjZWJjMjM1ZWQzNiIsImF0ayI6ImM3YzllNjY4NGZhMjQwMjk4MmRhNTVhOTRmZDEyZWJiIiwidWlkIjoiMjk2Yjg3MjQtODM5Zi00MjY3LWIyYTQtNGYzYTg0ZWQ5MDFjIiwiZXhwIjoxNzYxMjMzNzQzLCJpYXQiOjE3NjEyMTIxNDN9.rUAa33fj0fKvI1CivlJVBldpwDzDp-eHYqA_RotSxJc;Path=/;Max-Age=21600;HttpOnly;Expires=23/10/25, 3:35 pm;SameSite=Lax
2025-10-23 15:06:17 [main] INFO  Log:33 - Current cookies being sent: auth_token=eyJhbGciOiJIUzI1NiIsInR5cCI6IkpXVCJ9.eyJzaWQiOiJjYTA5NGE2NGQyNDY0NzU5OGE1OGRjZWJjMjM1ZWQzNiIsImF0ayI6ImM3YzllNjY4NGZhMjQwMjk4MmRhNTVhOTRmZDEyZWJiIiwidWlkIjoiMjk2Yjg3MjQtODM5Zi00MjY3LWIyYTQtNGYzYTg0ZWQ5MDFjIiwiZXhwIjoxNzYxMjMzNzQzLCJpYXQiOjE3NjEyMTIxNDN9.rUAa33fj0fKvI1CivlJVBldpwDzDp-eHYqA_RotSxJc;Path=/;Max-Age=21600;HttpOnly;Expires=23/10/25, 3:35 pm;SameSite=Lax
2025-10-23 15:06:17 [main] INFO  Log:33 - Current cookies being sent: auth_token=eyJhbGciOiJIUzI1NiIsInR5cCI6IkpXVCJ9.eyJzaWQiOiJjYTA5NGE2NGQyNDY0NzU5OGE1OGRjZWJjMjM1ZWQzNiIsImF0ayI6ImM3YzllNjY4NGZhMjQwMjk4MmRhNTVhOTRmZDEyZWJiIiwidWlkIjoiMjk2Yjg3MjQtODM5Zi00MjY3LWIyYTQtNGYzYTg0ZWQ5MDFjIiwiZXhwIjoxNzYxMjMzNzQzLCJpYXQiOjE3NjEyMTIxNDN9.rUAa33fj0fKvI1CivlJVBldpwDzDp-eHYqA_RotSxJc;Path=/;Max-Age=21600;HttpOnly;Expires=23/10/25, 3:35 pm;SameSite=Lax
2025-10-23 15:06:18 [main] INFO  Log:33 - Current cookies being sent: auth_token=eyJhbGciOiJIUzI1NiIsInR5cCI6IkpXVCJ9.eyJzaWQiOiJjYTA5NGE2NGQyNDY0NzU5OGE1OGRjZWJjMjM1ZWQzNiIsImF0ayI6ImM3YzllNjY4NGZhMjQwMjk4MmRhNTVhOTRmZDEyZWJiIiwidWlkIjoiMjk2Yjg3MjQtODM5Zi00MjY3LWIyYTQtNGYzYTg0ZWQ5MDFjIiwiZXhwIjoxNzYxMjMzNzQzLCJpYXQiOjE3NjEyMTIxNDN9.rUAa33fj0fKvI1CivlJVBldpwDzDp-eHYqA_RotSxJc;Path=/;Max-Age=21600;HttpOnly;Expires=23/10/25, 3:35 pm;SameSite=Lax
2025-10-23 15:06:18 [main] INFO  Log:33 - Current cookies being sent: auth_token=eyJhbGciOiJIUzI1NiIsInR5cCI6IkpXVCJ9.eyJzaWQiOiJjYTA5NGE2NGQyNDY0NzU5OGE1OGRjZWJjMjM1ZWQzNiIsImF0ayI6ImM3YzllNjY4NGZhMjQwMjk4MmRhNTVhOTRmZDEyZWJiIiwidWlkIjoiMjk2Yjg3MjQtODM5Zi00MjY3LWIyYTQtNGYzYTg0ZWQ5MDFjIiwiZXhwIjoxNzYxMjMzNzQzLCJpYXQiOjE3NjEyMTIxNDN9.rUAa33fj0fKvI1CivlJVBldpwDzDp-eHYqA_RotSxJc;Path=/;Max-Age=21600;HttpOnly;Expires=23/10/25, 3:35 pm;SameSite=Lax
2025-10-23 15:06:18 [main] INFO  Log:33 - Current cookies being sent: auth_token=eyJhbGciOiJIUzI1NiIsInR5cCI6IkpXVCJ9.eyJzaWQiOiJjYTA5NGE2NGQyNDY0NzU5OGE1OGRjZWJjMjM1ZWQzNiIsImF0ayI6ImM3YzllNjY4NGZhMjQwMjk4MmRhNTVhOTRmZDEyZWJiIiwidWlkIjoiMjk2Yjg3MjQtODM5Zi00MjY3LWIyYTQtNGYzYTg0ZWQ5MDFjIiwiZXhwIjoxNzYxMjMzNzQzLCJpYXQiOjE3NjEyMTIxNDN9.rUAa33fj0fKvI1CivlJVBldpwDzDp-eHYqA_RotSxJc;Path=/;Max-Age=21600;HttpOnly;Expires=23/10/25, 3:35 pm;SameSite=Lax
2025-10-23 15:06:19 [main] INFO  Log:33 - Current cookies being sent: auth_token=eyJhbGciOiJIUzI1NiIsInR5cCI6IkpXVCJ9.eyJzaWQiOiJjYTA5NGE2NGQyNDY0NzU5OGE1OGRjZWJjMjM1ZWQzNiIsImF0ayI6ImM3YzllNjY4NGZhMjQwMjk4MmRhNTVhOTRmZDEyZWJiIiwidWlkIjoiMjk2Yjg3MjQtODM5Zi00MjY3LWIyYTQtNGYzYTg0ZWQ5MDFjIiwiZXhwIjoxNzYxMjMzNzQzLCJpYXQiOjE3NjEyMTIxNDN9.rUAa33fj0fKvI1CivlJVBldpwDzDp-eHYqA_RotSxJc;Path=/;Max-Age=21600;HttpOnly;Expires=23/10/25, 3:35 pm;SameSite=Lax
2025-10-23 15:06:19 [main] INFO  Log:33 - Current cookies being sent: auth_token=eyJhbGciOiJIUzI1NiIsInR5cCI6IkpXVCJ9.eyJzaWQiOiJjYTA5NGE2NGQyNDY0NzU5OGE1OGRjZWJjMjM1ZWQzNiIsImF0ayI6ImM3YzllNjY4NGZhMjQwMjk4MmRhNTVhOTRmZDEyZWJiIiwidWlkIjoiMjk2Yjg3MjQtODM5Zi00MjY3LWIyYTQtNGYzYTg0ZWQ5MDFjIiwiZXhwIjoxNzYxMjMzNzQzLCJpYXQiOjE3NjEyMTIxNDN9.rUAa33fj0fKvI1CivlJVBldpwDzDp-eHYqA_RotSxJc;Path=/;Max-Age=21600;HttpOnly;Expires=23/10/25, 3:35 pm;SameSite=Lax
2025-10-23 15:06:19 [main] INFO  Log:33 - Current cookies being sent: auth_token=eyJhbGciOiJIUzI1NiIsInR5cCI6IkpXVCJ9.eyJzaWQiOiJjYTA5NGE2NGQyNDY0NzU5OGE1OGRjZWJjMjM1ZWQzNiIsImF0ayI6ImM3YzllNjY4NGZhMjQwMjk4MmRhNTVhOTRmZDEyZWJiIiwidWlkIjoiMjk2Yjg3MjQtODM5Zi00MjY3LWIyYTQtNGYzYTg0ZWQ5MDFjIiwiZXhwIjoxNzYxMjMzNzQzLCJpYXQiOjE3NjEyMTIxNDN9.rUAa33fj0fKvI1CivlJVBldpwDzDp-eHYqA_RotSxJc;Path=/;Max-Age=21600;HttpOnly;Expires=23/10/25, 3:35 pm;SameSite=Lax
2025-10-23 15:06:19 [main] INFO  Log:33 - Cookies:auth_token=eyJhbGciOiJIUzI1NiIsInR5cCI6IkpXVCJ9.eyJzaWQiOiJjYTA5NGE2NGQyNDY0NzU5OGE1OGRjZWJjMjM1ZWQzNiIsImF0ayI6ImM3YzllNjY4NGZhMjQwMjk4MmRhNTVhOTRmZDEyZWJiIiwidWlkIjoiMjk2Yjg3MjQtODM5Zi00MjY3LWIyYTQtNGYzYTg0ZWQ5MDFjIiwiZXhwIjoxNzYxMjMzNzQzLCJpYXQiOjE3NjEyMTIxNDN9.rUAa33fj0fKvI1CivlJVBldpwDzDp-eHYqA_RotSxJc;Path=/;Max-Age=21600;HttpOnly;Expires=23/10/25, 3:35 pm;SameSite=Lax
2025-10-23 15:23:37 [main] INFO  Log:33 - Current cookies being sent: 
2025-10-23 15:23:40 [main] INFO  Log:33 - Current cookies being sent: 
2025-10-23 15:23:41 [main] INFO  Log:33 - Current cookies being sent: 
2025-10-23 15:23:41 [main] INFO  Log:33 - Current cookies being sent: 
2025-10-23 15:23:41 [main] INFO  Log:33 - Current cookies being sent: 
2025-10-23 15:23:41 [main] INFO  Log:33 - Current cookies being sent: 
2025-10-23 15:23:42 [main] INFO  Log:33 - Current cookies being sent: 
2025-10-23 15:23:42 [main] INFO  Log:33 - Current cookies being sent: 
2025-10-23 15:23:42 [main] INFO  Log:33 - Current cookies being sent: 
2025-10-23 15:23:43 [main] INFO  Log:33 - Current cookies being sent: 
2025-10-23 15:23:43 [main] INFO  Log:33 - Current cookies being sent: 
2025-10-23 15:23:47 [main] INFO  Log:33 - Current cookies being sent: 
2025-10-23 15:23:51 [main] INFO  Log:33 - Current cookies being sent: 
2025-10-23 15:23:58 [main] INFO  Log:33 - Current cookies being sent: 
2025-10-23 15:24:03 [main] INFO  Log:33 - Current cookies being sent: 
2025-10-23 15:24:03 [main] INFO  Log:33 - Current cookies being sent: 
2025-10-23 15:24:04 [main] INFO  Log:33 - Current cookies being sent: 
2025-10-23 15:24:05 [main] INFO  Log:33 - Current cookies being sent: 
2025-10-23 15:24:06 [main] INFO  Log:33 - Current cookies being sent: 
2025-10-23 15:24:07 [main] INFO  Log:33 - Current cookies being sent: 
2025-10-23 15:24:08 [main] INFO  Log:33 - Current cookies being sent: 
2025-10-23 15:24:08 [main] INFO  Log:33 - Current cookies being sent: 
2025-10-23 15:24:08 [main] INFO  Log:33 - Current cookies being sent: 
2025-10-23 15:24:09 [main] INFO  Log:33 - Current cookies being sent: 
2025-10-23 15:24:14 [main] INFO  Log:33 - mail:hfpogqil@mybizz.com
2025-10-23 15:24:14 [main] INFO  Log:33 - password:iBf$kv4xW2#N
2025-10-23 15:24:14 [main] INFO  Log:33 - Current cookies being sent: 
2025-10-23 15:24:15 [main] INFO  Log:33 - Current cookies being sent: 
2025-10-23 15:24:20 [main] INFO  Log:33 - Current cookies being sent: 
2025-10-23 15:24:21 [main] INFO  Log:33 - Current cookies being sent: 
2025-10-23 15:24:22 [main] INFO  Log:33 - Current cookies being sent: 
2025-10-23 15:24:22 [main] INFO  Log:33 - Current cookies being sent: 
2025-10-23 15:24:22 [main] INFO  Log:33 - Current cookies being sent: 
2025-10-23 15:24:22 [main] INFO  Log:33 - Current cookies being sent: 
2025-10-23 15:24:23 [main] INFO  Log:33 - Current cookies being sent: 
2025-10-23 15:24:23 [main] INFO  Log:33 - Current cookies being sent: 
2025-10-23 15:24:23 [main] INFO  Log:33 - Current cookies being sent: 
2025-10-23 15:24:23 [main] INFO  Log:33 - Current cookies being sent: 
2025-10-23 15:24:23 [main] INFO  Log:33 - Current cookies being sent: 
2025-10-23 15:24:24 [main] INFO  Log:33 - Current cookies being sent: 
2025-10-23 15:24:24 [main] INFO  Log:33 - Current cookies being sent: 
2025-10-23 15:24:24 [main] INFO  Log:33 - Current cookies being sent: 
2025-10-23 15:24:24 [main] INFO  Log:33 - Current cookies being sent: 
2025-10-23 15:24:24 [main] INFO  Log:33 - Current cookies being sent: 
2025-10-23 15:24:25 [main] INFO  Log:33 - Current cookies being sent: 
2025-10-23 15:24:25 [main] INFO  Log:33 - Current cookies being sent: 
2025-10-23 15:24:25 [main] INFO  Log:33 - Current cookies being sent: 
2025-10-23 15:24:26 [main] INFO  Log:33 - Current cookies being sent: 
2025-10-23 15:24:27 [main] INFO  Log:33 - Current cookies being sent: 
2025-10-23 15:24:27 [main] INFO  Log:33 - Current cookies being sent: 
2025-10-23 15:24:29 [main] INFO  Log:33 - authorization_token: null
2025-10-23 15:24:29 [main] INFO  Log:33 - Current cookies being sent: 
2025-10-23 15:24:29 [main] INFO  Log:33 - Current cookies being sent: 
2025-10-23 15:24:34 [main] INFO  Log:33 - authorization_token: eyJhbGciOiJIUzI1NiIsInR5cCI6IkpXVCJ9.eyJzaWQiOiIyMGVhNTAyNGM4MjA0OTdmYmY0ZjRlYjBjOGM4MTk0MSIsImF0ayI6IjQzZjUwNmU4ZTM1ZDRlYTA5M2NiY2Q4NjdiODU2MjMyIiwiZXhwIjoxNzYxMjEzODcwLCJpYXQiOjE3NjEyMTMyNzB9.YqfNfGU9_kZr4WcCkwSPGD2wPcfC_0E2R7aHtp648rY
2025-10-23 15:24:34 [main] INFO  Log:33 - Current cookies being sent: 
2025-10-23 15:24:35 [main] INFO  Log:33 - stored cookie: auth_token=eyJhbGciOiJIUzI1NiIsInR5cCI6IkpXVCJ9.eyJzaWQiOiIyMGVhNTAyNGM4MjA0OTdmYmY0ZjRlYjBjOGM4MTk0MSIsImF0ayI6IjE0ODQ2YjIxMWNjZjQ4N2Y5ZWU0NGI4MTI1MTYwYmY4IiwidWlkIjoiMjk2Yjg3MjQtODM5Zi00MjY3LWIyYTQtNGYzYTg0ZWQ5MDFjIiwiZXhwIjoxNzYxMjM0ODc1LCJpYXQiOjE3NjEyMTMyNzV9.WeYMHBb-Z-2by7FMMnVHj1f76azfGPGV-fiKZZ-A4Y8;Path=/;Max-Age=21600;HttpOnly;Expires=23/10/25, 3:54 pm;SameSite=Lax
2025-10-23 15:24:35 [main] INFO  Log:33 - Current cookies being sent: auth_token=eyJhbGciOiJIUzI1NiIsInR5cCI6IkpXVCJ9.eyJzaWQiOiIyMGVhNTAyNGM4MjA0OTdmYmY0ZjRlYjBjOGM4MTk0MSIsImF0ayI6IjE0ODQ2YjIxMWNjZjQ4N2Y5ZWU0NGI4MTI1MTYwYmY4IiwidWlkIjoiMjk2Yjg3MjQtODM5Zi00MjY3LWIyYTQtNGYzYTg0ZWQ5MDFjIiwiZXhwIjoxNzYxMjM0ODc1LCJpYXQiOjE3NjEyMTMyNzV9.WeYMHBb-Z-2by7FMMnVHj1f76azfGPGV-fiKZZ-A4Y8;Path=/;Max-Age=21600;HttpOnly;Expires=23/10/25, 3:54 pm;SameSite=Lax
2025-10-23 15:24:35 [main] INFO  Log:33 - Current cookies being sent: auth_token=eyJhbGciOiJIUzI1NiIsInR5cCI6IkpXVCJ9.eyJzaWQiOiIyMGVhNTAyNGM4MjA0OTdmYmY0ZjRlYjBjOGM4MTk0MSIsImF0ayI6IjE0ODQ2YjIxMWNjZjQ4N2Y5ZWU0NGI4MTI1MTYwYmY4IiwidWlkIjoiMjk2Yjg3MjQtODM5Zi00MjY3LWIyYTQtNGYzYTg0ZWQ5MDFjIiwiZXhwIjoxNzYxMjM0ODc1LCJpYXQiOjE3NjEyMTMyNzV9.WeYMHBb-Z-2by7FMMnVHj1f76azfGPGV-fiKZZ-A4Y8;Path=/;Max-Age=21600;HttpOnly;Expires=23/10/25, 3:54 pm;SameSite=Lax
2025-10-23 15:24:36 [main] INFO  Log:33 - Current cookies being sent: auth_token=eyJhbGciOiJIUzI1NiIsInR5cCI6IkpXVCJ9.eyJzaWQiOiIyMGVhNTAyNGM4MjA0OTdmYmY0ZjRlYjBjOGM4MTk0MSIsImF0ayI6IjE0ODQ2YjIxMWNjZjQ4N2Y5ZWU0NGI4MTI1MTYwYmY4IiwidWlkIjoiMjk2Yjg3MjQtODM5Zi00MjY3LWIyYTQtNGYzYTg0ZWQ5MDFjIiwiZXhwIjoxNzYxMjM0ODc1LCJpYXQiOjE3NjEyMTMyNzV9.WeYMHBb-Z-2by7FMMnVHj1f76azfGPGV-fiKZZ-A4Y8;Path=/;Max-Age=21600;HttpOnly;Expires=23/10/25, 3:54 pm;SameSite=Lax
2025-10-23 15:24:36 [main] INFO  Log:33 - Current cookies being sent: auth_token=eyJhbGciOiJIUzI1NiIsInR5cCI6IkpXVCJ9.eyJzaWQiOiIyMGVhNTAyNGM4MjA0OTdmYmY0ZjRlYjBjOGM4MTk0MSIsImF0ayI6IjE0ODQ2YjIxMWNjZjQ4N2Y5ZWU0NGI4MTI1MTYwYmY4IiwidWlkIjoiMjk2Yjg3MjQtODM5Zi00MjY3LWIyYTQtNGYzYTg0ZWQ5MDFjIiwiZXhwIjoxNzYxMjM0ODc1LCJpYXQiOjE3NjEyMTMyNzV9.WeYMHBb-Z-2by7FMMnVHj1f76azfGPGV-fiKZZ-A4Y8;Path=/;Max-Age=21600;HttpOnly;Expires=23/10/25, 3:54 pm;SameSite=Lax
2025-10-23 15:24:37 [main] INFO  Log:33 - Current cookies being sent: auth_token=eyJhbGciOiJIUzI1NiIsInR5cCI6IkpXVCJ9.eyJzaWQiOiIyMGVhNTAyNGM4MjA0OTdmYmY0ZjRlYjBjOGM4MTk0MSIsImF0ayI6IjE0ODQ2YjIxMWNjZjQ4N2Y5ZWU0NGI4MTI1MTYwYmY4IiwidWlkIjoiMjk2Yjg3MjQtODM5Zi00MjY3LWIyYTQtNGYzYTg0ZWQ5MDFjIiwiZXhwIjoxNzYxMjM0ODc1LCJpYXQiOjE3NjEyMTMyNzV9.WeYMHBb-Z-2by7FMMnVHj1f76azfGPGV-fiKZZ-A4Y8;Path=/;Max-Age=21600;HttpOnly;Expires=23/10/25, 3:54 pm;SameSite=Lax
2025-10-23 15:24:37 [main] INFO  Log:33 - Current cookies being sent: auth_token=eyJhbGciOiJIUzI1NiIsInR5cCI6IkpXVCJ9.eyJzaWQiOiIyMGVhNTAyNGM4MjA0OTdmYmY0ZjRlYjBjOGM4MTk0MSIsImF0ayI6IjE0ODQ2YjIxMWNjZjQ4N2Y5ZWU0NGI4MTI1MTYwYmY4IiwidWlkIjoiMjk2Yjg3MjQtODM5Zi00MjY3LWIyYTQtNGYzYTg0ZWQ5MDFjIiwiZXhwIjoxNzYxMjM0ODc1LCJpYXQiOjE3NjEyMTMyNzV9.WeYMHBb-Z-2by7FMMnVHj1f76azfGPGV-fiKZZ-A4Y8;Path=/;Max-Age=21600;HttpOnly;Expires=23/10/25, 3:54 pm;SameSite=Lax
2025-10-23 15:24:38 [main] INFO  Log:33 - Current cookies being sent: auth_token=eyJhbGciOiJIUzI1NiIsInR5cCI6IkpXVCJ9.eyJzaWQiOiIyMGVhNTAyNGM4MjA0OTdmYmY0ZjRlYjBjOGM4MTk0MSIsImF0ayI6IjE0ODQ2YjIxMWNjZjQ4N2Y5ZWU0NGI4MTI1MTYwYmY4IiwidWlkIjoiMjk2Yjg3MjQtODM5Zi00MjY3LWIyYTQtNGYzYTg0ZWQ5MDFjIiwiZXhwIjoxNzYxMjM0ODc1LCJpYXQiOjE3NjEyMTMyNzV9.WeYMHBb-Z-2by7FMMnVHj1f76azfGPGV-fiKZZ-A4Y8;Path=/;Max-Age=21600;HttpOnly;Expires=23/10/25, 3:54 pm;SameSite=Lax
2025-10-23 15:24:38 [main] INFO  Log:33 - Current cookies being sent: auth_token=eyJhbGciOiJIUzI1NiIsInR5cCI6IkpXVCJ9.eyJzaWQiOiIyMGVhNTAyNGM4MjA0OTdmYmY0ZjRlYjBjOGM4MTk0MSIsImF0ayI6IjE0ODQ2YjIxMWNjZjQ4N2Y5ZWU0NGI4MTI1MTYwYmY4IiwidWlkIjoiMjk2Yjg3MjQtODM5Zi00MjY3LWIyYTQtNGYzYTg0ZWQ5MDFjIiwiZXhwIjoxNzYxMjM0ODc1LCJpYXQiOjE3NjEyMTMyNzV9.WeYMHBb-Z-2by7FMMnVHj1f76azfGPGV-fiKZZ-A4Y8;Path=/;Max-Age=21600;HttpOnly;Expires=23/10/25, 3:54 pm;SameSite=Lax
2025-10-23 15:24:39 [main] INFO  Log:33 - Current cookies being sent: auth_token=eyJhbGciOiJIUzI1NiIsInR5cCI6IkpXVCJ9.eyJzaWQiOiIyMGVhNTAyNGM4MjA0OTdmYmY0ZjRlYjBjOGM4MTk0MSIsImF0ayI6IjE0ODQ2YjIxMWNjZjQ4N2Y5ZWU0NGI4MTI1MTYwYmY4IiwidWlkIjoiMjk2Yjg3MjQtODM5Zi00MjY3LWIyYTQtNGYzYTg0ZWQ5MDFjIiwiZXhwIjoxNzYxMjM0ODc1LCJpYXQiOjE3NjEyMTMyNzV9.WeYMHBb-Z-2by7FMMnVHj1f76azfGPGV-fiKZZ-A4Y8;Path=/;Max-Age=21600;HttpOnly;Expires=23/10/25, 3:54 pm;SameSite=Lax
2025-10-23 15:24:39 [main] INFO  Log:33 - Current cookies being sent: auth_token=eyJhbGciOiJIUzI1NiIsInR5cCI6IkpXVCJ9.eyJzaWQiOiIyMGVhNTAyNGM4MjA0OTdmYmY0ZjRlYjBjOGM4MTk0MSIsImF0ayI6IjE0ODQ2YjIxMWNjZjQ4N2Y5ZWU0NGI4MTI1MTYwYmY4IiwidWlkIjoiMjk2Yjg3MjQtODM5Zi00MjY3LWIyYTQtNGYzYTg0ZWQ5MDFjIiwiZXhwIjoxNzYxMjM0ODc1LCJpYXQiOjE3NjEyMTMyNzV9.WeYMHBb-Z-2by7FMMnVHj1f76azfGPGV-fiKZZ-A4Y8;Path=/;Max-Age=21600;HttpOnly;Expires=23/10/25, 3:54 pm;SameSite=Lax
2025-10-23 15:24:40 [main] INFO  Log:33 - Current cookies being sent: auth_token=eyJhbGciOiJIUzI1NiIsInR5cCI6IkpXVCJ9.eyJzaWQiOiIyMGVhNTAyNGM4MjA0OTdmYmY0ZjRlYjBjOGM4MTk0MSIsImF0ayI6IjE0ODQ2YjIxMWNjZjQ4N2Y5ZWU0NGI4MTI1MTYwYmY4IiwidWlkIjoiMjk2Yjg3MjQtODM5Zi00MjY3LWIyYTQtNGYzYTg0ZWQ5MDFjIiwiZXhwIjoxNzYxMjM0ODc1LCJpYXQiOjE3NjEyMTMyNzV9.WeYMHBb-Z-2by7FMMnVHj1f76azfGPGV-fiKZZ-A4Y8;Path=/;Max-Age=21600;HttpOnly;Expires=23/10/25, 3:54 pm;SameSite=Lax
2025-10-23 15:24:40 [main] INFO  Log:33 - Current cookies being sent: auth_token=eyJhbGciOiJIUzI1NiIsInR5cCI6IkpXVCJ9.eyJzaWQiOiIyMGVhNTAyNGM4MjA0OTdmYmY0ZjRlYjBjOGM4MTk0MSIsImF0ayI6IjE0ODQ2YjIxMWNjZjQ4N2Y5ZWU0NGI4MTI1MTYwYmY4IiwidWlkIjoiMjk2Yjg3MjQtODM5Zi00MjY3LWIyYTQtNGYzYTg0ZWQ5MDFjIiwiZXhwIjoxNzYxMjM0ODc1LCJpYXQiOjE3NjEyMTMyNzV9.WeYMHBb-Z-2by7FMMnVHj1f76azfGPGV-fiKZZ-A4Y8;Path=/;Max-Age=21600;HttpOnly;Expires=23/10/25, 3:54 pm;SameSite=Lax
2025-10-23 15:24:40 [main] INFO  Log:33 - Current cookies being sent: auth_token=eyJhbGciOiJIUzI1NiIsInR5cCI6IkpXVCJ9.eyJzaWQiOiIyMGVhNTAyNGM4MjA0OTdmYmY0ZjRlYjBjOGM4MTk0MSIsImF0ayI6IjE0ODQ2YjIxMWNjZjQ4N2Y5ZWU0NGI4MTI1MTYwYmY4IiwidWlkIjoiMjk2Yjg3MjQtODM5Zi00MjY3LWIyYTQtNGYzYTg0ZWQ5MDFjIiwiZXhwIjoxNzYxMjM0ODc1LCJpYXQiOjE3NjEyMTMyNzV9.WeYMHBb-Z-2by7FMMnVHj1f76azfGPGV-fiKZZ-A4Y8;Path=/;Max-Age=21600;HttpOnly;Expires=23/10/25, 3:54 pm;SameSite=Lax
2025-10-23 15:24:41 [main] INFO  Log:33 - Current cookies being sent: auth_token=eyJhbGciOiJIUzI1NiIsInR5cCI6IkpXVCJ9.eyJzaWQiOiIyMGVhNTAyNGM4MjA0OTdmYmY0ZjRlYjBjOGM4MTk0MSIsImF0ayI6IjE0ODQ2YjIxMWNjZjQ4N2Y5ZWU0NGI4MTI1MTYwYmY4IiwidWlkIjoiMjk2Yjg3MjQtODM5Zi00MjY3LWIyYTQtNGYzYTg0ZWQ5MDFjIiwiZXhwIjoxNzYxMjM0ODc1LCJpYXQiOjE3NjEyMTMyNzV9.WeYMHBb-Z-2by7FMMnVHj1f76azfGPGV-fiKZZ-A4Y8;Path=/;Max-Age=21600;HttpOnly;Expires=23/10/25, 3:54 pm;SameSite=Lax
2025-10-23 15:24:42 [main] INFO  Log:33 - Current cookies being sent: auth_token=eyJhbGciOiJIUzI1NiIsInR5cCI6IkpXVCJ9.eyJzaWQiOiIyMGVhNTAyNGM4MjA0OTdmYmY0ZjRlYjBjOGM4MTk0MSIsImF0ayI6IjE0ODQ2YjIxMWNjZjQ4N2Y5ZWU0NGI4MTI1MTYwYmY4IiwidWlkIjoiMjk2Yjg3MjQtODM5Zi00MjY3LWIyYTQtNGYzYTg0ZWQ5MDFjIiwiZXhwIjoxNzYxMjM0ODc1LCJpYXQiOjE3NjEyMTMyNzV9.WeYMHBb-Z-2by7FMMnVHj1f76azfGPGV-fiKZZ-A4Y8;Path=/;Max-Age=21600;HttpOnly;Expires=23/10/25, 3:54 pm;SameSite=Lax
2025-10-23 15:24:42 [main] INFO  Log:33 - Current cookies being sent: auth_token=eyJhbGciOiJIUzI1NiIsInR5cCI6IkpXVCJ9.eyJzaWQiOiIyMGVhNTAyNGM4MjA0OTdmYmY0ZjRlYjBjOGM4MTk0MSIsImF0ayI6IjE0ODQ2YjIxMWNjZjQ4N2Y5ZWU0NGI4MTI1MTYwYmY4IiwidWlkIjoiMjk2Yjg3MjQtODM5Zi00MjY3LWIyYTQtNGYzYTg0ZWQ5MDFjIiwiZXhwIjoxNzYxMjM0ODc1LCJpYXQiOjE3NjEyMTMyNzV9.WeYMHBb-Z-2by7FMMnVHj1f76azfGPGV-fiKZZ-A4Y8;Path=/;Max-Age=21600;HttpOnly;Expires=23/10/25, 3:54 pm;SameSite=Lax
2025-10-23 15:24:43 [main] INFO  Log:33 - Current cookies being sent: auth_token=eyJhbGciOiJIUzI1NiIsInR5cCI6IkpXVCJ9.eyJzaWQiOiIyMGVhNTAyNGM4MjA0OTdmYmY0ZjRlYjBjOGM4MTk0MSIsImF0ayI6IjE0ODQ2YjIxMWNjZjQ4N2Y5ZWU0NGI4MTI1MTYwYmY4IiwidWlkIjoiMjk2Yjg3MjQtODM5Zi00MjY3LWIyYTQtNGYzYTg0ZWQ5MDFjIiwiZXhwIjoxNzYxMjM0ODc1LCJpYXQiOjE3NjEyMTMyNzV9.WeYMHBb-Z-2by7FMMnVHj1f76azfGPGV-fiKZZ-A4Y8;Path=/;Max-Age=21600;HttpOnly;Expires=23/10/25, 3:54 pm;SameSite=Lax
2025-10-23 15:24:43 [main] INFO  Log:33 - Current cookies being sent: auth_token=eyJhbGciOiJIUzI1NiIsInR5cCI6IkpXVCJ9.eyJzaWQiOiIyMGVhNTAyNGM4MjA0OTdmYmY0ZjRlYjBjOGM4MTk0MSIsImF0ayI6IjE0ODQ2YjIxMWNjZjQ4N2Y5ZWU0NGI4MTI1MTYwYmY4IiwidWlkIjoiMjk2Yjg3MjQtODM5Zi00MjY3LWIyYTQtNGYzYTg0ZWQ5MDFjIiwiZXhwIjoxNzYxMjM0ODc1LCJpYXQiOjE3NjEyMTMyNzV9.WeYMHBb-Z-2by7FMMnVHj1f76azfGPGV-fiKZZ-A4Y8;Path=/;Max-Age=21600;HttpOnly;Expires=23/10/25, 3:54 pm;SameSite=Lax
2025-10-23 15:24:44 [main] INFO  Log:33 - Current cookies being sent: auth_token=eyJhbGciOiJIUzI1NiIsInR5cCI6IkpXVCJ9.eyJzaWQiOiIyMGVhNTAyNGM4MjA0OTdmYmY0ZjRlYjBjOGM4MTk0MSIsImF0ayI6IjE0ODQ2YjIxMWNjZjQ4N2Y5ZWU0NGI4MTI1MTYwYmY4IiwidWlkIjoiMjk2Yjg3MjQtODM5Zi00MjY3LWIyYTQtNGYzYTg0ZWQ5MDFjIiwiZXhwIjoxNzYxMjM0ODc1LCJpYXQiOjE3NjEyMTMyNzV9.WeYMHBb-Z-2by7FMMnVHj1f76azfGPGV-fiKZZ-A4Y8;Path=/;Max-Age=21600;HttpOnly;Expires=23/10/25, 3:54 pm;SameSite=Lax
2025-10-23 15:24:44 [main] INFO  Log:33 - Current cookies being sent: auth_token=eyJhbGciOiJIUzI1NiIsInR5cCI6IkpXVCJ9.eyJzaWQiOiIyMGVhNTAyNGM4MjA0OTdmYmY0ZjRlYjBjOGM4MTk0MSIsImF0ayI6IjE0ODQ2YjIxMWNjZjQ4N2Y5ZWU0NGI4MTI1MTYwYmY4IiwidWlkIjoiMjk2Yjg3MjQtODM5Zi00MjY3LWIyYTQtNGYzYTg0ZWQ5MDFjIiwiZXhwIjoxNzYxMjM0ODc1LCJpYXQiOjE3NjEyMTMyNzV9.WeYMHBb-Z-2by7FMMnVHj1f76azfGPGV-fiKZZ-A4Y8;Path=/;Max-Age=21600;HttpOnly;Expires=23/10/25, 3:54 pm;SameSite=Lax
2025-10-23 15:24:44 [main] INFO  Log:33 - Current cookies being sent: auth_token=eyJhbGciOiJIUzI1NiIsInR5cCI6IkpXVCJ9.eyJzaWQiOiIyMGVhNTAyNGM4MjA0OTdmYmY0ZjRlYjBjOGM4MTk0MSIsImF0ayI6IjE0ODQ2YjIxMWNjZjQ4N2Y5ZWU0NGI4MTI1MTYwYmY4IiwidWlkIjoiMjk2Yjg3MjQtODM5Zi00MjY3LWIyYTQtNGYzYTg0ZWQ5MDFjIiwiZXhwIjoxNzYxMjM0ODc1LCJpYXQiOjE3NjEyMTMyNzV9.WeYMHBb-Z-2by7FMMnVHj1f76azfGPGV-fiKZZ-A4Y8;Path=/;Max-Age=21600;HttpOnly;Expires=23/10/25, 3:54 pm;SameSite=Lax
2025-10-23 15:24:45 [main] INFO  Log:33 - Current cookies being sent: auth_token=eyJhbGciOiJIUzI1NiIsInR5cCI6IkpXVCJ9.eyJzaWQiOiIyMGVhNTAyNGM4MjA0OTdmYmY0ZjRlYjBjOGM4MTk0MSIsImF0ayI6IjE0ODQ2YjIxMWNjZjQ4N2Y5ZWU0NGI4MTI1MTYwYmY4IiwidWlkIjoiMjk2Yjg3MjQtODM5Zi00MjY3LWIyYTQtNGYzYTg0ZWQ5MDFjIiwiZXhwIjoxNzYxMjM0ODc1LCJpYXQiOjE3NjEyMTMyNzV9.WeYMHBb-Z-2by7FMMnVHj1f76azfGPGV-fiKZZ-A4Y8;Path=/;Max-Age=21600;HttpOnly;Expires=23/10/25, 3:54 pm;SameSite=Lax
2025-10-23 15:24:45 [main] INFO  Log:33 - Current cookies being sent: auth_token=eyJhbGciOiJIUzI1NiIsInR5cCI6IkpXVCJ9.eyJzaWQiOiIyMGVhNTAyNGM4MjA0OTdmYmY0ZjRlYjBjOGM4MTk0MSIsImF0ayI6IjE0ODQ2YjIxMWNjZjQ4N2Y5ZWU0NGI4MTI1MTYwYmY4IiwidWlkIjoiMjk2Yjg3MjQtODM5Zi00MjY3LWIyYTQtNGYzYTg0ZWQ5MDFjIiwiZXhwIjoxNzYxMjM0ODc1LCJpYXQiOjE3NjEyMTMyNzV9.WeYMHBb-Z-2by7FMMnVHj1f76azfGPGV-fiKZZ-A4Y8;Path=/;Max-Age=21600;HttpOnly;Expires=23/10/25, 3:54 pm;SameSite=Lax
2025-10-23 15:24:46 [main] INFO  Log:33 - Current cookies being sent: auth_token=eyJhbGciOiJIUzI1NiIsInR5cCI6IkpXVCJ9.eyJzaWQiOiIyMGVhNTAyNGM4MjA0OTdmYmY0ZjRlYjBjOGM4MTk0MSIsImF0ayI6IjE0ODQ2YjIxMWNjZjQ4N2Y5ZWU0NGI4MTI1MTYwYmY4IiwidWlkIjoiMjk2Yjg3MjQtODM5Zi00MjY3LWIyYTQtNGYzYTg0ZWQ5MDFjIiwiZXhwIjoxNzYxMjM0ODc1LCJpYXQiOjE3NjEyMTMyNzV9.WeYMHBb-Z-2by7FMMnVHj1f76azfGPGV-fiKZZ-A4Y8;Path=/;Max-Age=21600;HttpOnly;Expires=23/10/25, 3:54 pm;SameSite=Lax
2025-10-23 15:24:46 [main] INFO  Log:33 - Current cookies being sent: auth_token=eyJhbGciOiJIUzI1NiIsInR5cCI6IkpXVCJ9.eyJzaWQiOiIyMGVhNTAyNGM4MjA0OTdmYmY0ZjRlYjBjOGM4MTk0MSIsImF0ayI6IjE0ODQ2YjIxMWNjZjQ4N2Y5ZWU0NGI4MTI1MTYwYmY4IiwidWlkIjoiMjk2Yjg3MjQtODM5Zi00MjY3LWIyYTQtNGYzYTg0ZWQ5MDFjIiwiZXhwIjoxNzYxMjM0ODc1LCJpYXQiOjE3NjEyMTMyNzV9.WeYMHBb-Z-2by7FMMnVHj1f76azfGPGV-fiKZZ-A4Y8;Path=/;Max-Age=21600;HttpOnly;Expires=23/10/25, 3:54 pm;SameSite=Lax
2025-10-23 15:24:47 [main] INFO  Log:33 - Current cookies being sent: auth_token=eyJhbGciOiJIUzI1NiIsInR5cCI6IkpXVCJ9.eyJzaWQiOiIyMGVhNTAyNGM4MjA0OTdmYmY0ZjRlYjBjOGM4MTk0MSIsImF0ayI6IjE0ODQ2YjIxMWNjZjQ4N2Y5ZWU0NGI4MTI1MTYwYmY4IiwidWlkIjoiMjk2Yjg3MjQtODM5Zi00MjY3LWIyYTQtNGYzYTg0ZWQ5MDFjIiwiZXhwIjoxNzYxMjM0ODc1LCJpYXQiOjE3NjEyMTMyNzV9.WeYMHBb-Z-2by7FMMnVHj1f76azfGPGV-fiKZZ-A4Y8;Path=/;Max-Age=21600;HttpOnly;Expires=23/10/25, 3:54 pm;SameSite=Lax
2025-10-23 15:24:47 [main] INFO  Log:33 - Current cookies being sent: auth_token=eyJhbGciOiJIUzI1NiIsInR5cCI6IkpXVCJ9.eyJzaWQiOiIyMGVhNTAyNGM4MjA0OTdmYmY0ZjRlYjBjOGM4MTk0MSIsImF0ayI6IjE0ODQ2YjIxMWNjZjQ4N2Y5ZWU0NGI4MTI1MTYwYmY4IiwidWlkIjoiMjk2Yjg3MjQtODM5Zi00MjY3LWIyYTQtNGYzYTg0ZWQ5MDFjIiwiZXhwIjoxNzYxMjM0ODc1LCJpYXQiOjE3NjEyMTMyNzV9.WeYMHBb-Z-2by7FMMnVHj1f76azfGPGV-fiKZZ-A4Y8;Path=/;Max-Age=21600;HttpOnly;Expires=23/10/25, 3:54 pm;SameSite=Lax
2025-10-23 15:24:48 [main] INFO  Log:33 - Current cookies being sent: auth_token=eyJhbGciOiJIUzI1NiIsInR5cCI6IkpXVCJ9.eyJzaWQiOiIyMGVhNTAyNGM4MjA0OTdmYmY0ZjRlYjBjOGM4MTk0MSIsImF0ayI6IjE0ODQ2YjIxMWNjZjQ4N2Y5ZWU0NGI4MTI1MTYwYmY4IiwidWlkIjoiMjk2Yjg3MjQtODM5Zi00MjY3LWIyYTQtNGYzYTg0ZWQ5MDFjIiwiZXhwIjoxNzYxMjM0ODc1LCJpYXQiOjE3NjEyMTMyNzV9.WeYMHBb-Z-2by7FMMnVHj1f76azfGPGV-fiKZZ-A4Y8;Path=/;Max-Age=21600;HttpOnly;Expires=23/10/25, 3:54 pm;SameSite=Lax
2025-10-23 15:24:48 [main] INFO  Log:33 - Current cookies being sent: auth_token=eyJhbGciOiJIUzI1NiIsInR5cCI6IkpXVCJ9.eyJzaWQiOiIyMGVhNTAyNGM4MjA0OTdmYmY0ZjRlYjBjOGM4MTk0MSIsImF0ayI6IjE0ODQ2YjIxMWNjZjQ4N2Y5ZWU0NGI4MTI1MTYwYmY4IiwidWlkIjoiMjk2Yjg3MjQtODM5Zi00MjY3LWIyYTQtNGYzYTg0ZWQ5MDFjIiwiZXhwIjoxNzYxMjM0ODc1LCJpYXQiOjE3NjEyMTMyNzV9.WeYMHBb-Z-2by7FMMnVHj1f76azfGPGV-fiKZZ-A4Y8;Path=/;Max-Age=21600;HttpOnly;Expires=23/10/25, 3:54 pm;SameSite=Lax
2025-10-23 15:24:49 [main] INFO  Log:33 - Current cookies being sent: auth_token=eyJhbGciOiJIUzI1NiIsInR5cCI6IkpXVCJ9.eyJzaWQiOiIyMGVhNTAyNGM4MjA0OTdmYmY0ZjRlYjBjOGM4MTk0MSIsImF0ayI6IjE0ODQ2YjIxMWNjZjQ4N2Y5ZWU0NGI4MTI1MTYwYmY4IiwidWlkIjoiMjk2Yjg3MjQtODM5Zi00MjY3LWIyYTQtNGYzYTg0ZWQ5MDFjIiwiZXhwIjoxNzYxMjM0ODc1LCJpYXQiOjE3NjEyMTMyNzV9.WeYMHBb-Z-2by7FMMnVHj1f76azfGPGV-fiKZZ-A4Y8;Path=/;Max-Age=21600;HttpOnly;Expires=23/10/25, 3:54 pm;SameSite=Lax
2025-10-23 15:24:49 [main] INFO  Log:33 - Current cookies being sent: auth_token=eyJhbGciOiJIUzI1NiIsInR5cCI6IkpXVCJ9.eyJzaWQiOiIyMGVhNTAyNGM4MjA0OTdmYmY0ZjRlYjBjOGM4MTk0MSIsImF0ayI6IjE0ODQ2YjIxMWNjZjQ4N2Y5ZWU0NGI4MTI1MTYwYmY4IiwidWlkIjoiMjk2Yjg3MjQtODM5Zi00MjY3LWIyYTQtNGYzYTg0ZWQ5MDFjIiwiZXhwIjoxNzYxMjM0ODc1LCJpYXQiOjE3NjEyMTMyNzV9.WeYMHBb-Z-2by7FMMnVHj1f76azfGPGV-fiKZZ-A4Y8;Path=/;Max-Age=21600;HttpOnly;Expires=23/10/25, 3:54 pm;SameSite=Lax
2025-10-23 15:24:49 [main] INFO  Log:33 - Current cookies being sent: auth_token=eyJhbGciOiJIUzI1NiIsInR5cCI6IkpXVCJ9.eyJzaWQiOiIyMGVhNTAyNGM4MjA0OTdmYmY0ZjRlYjBjOGM4MTk0MSIsImF0ayI6IjE0ODQ2YjIxMWNjZjQ4N2Y5ZWU0NGI4MTI1MTYwYmY4IiwidWlkIjoiMjk2Yjg3MjQtODM5Zi00MjY3LWIyYTQtNGYzYTg0ZWQ5MDFjIiwiZXhwIjoxNzYxMjM0ODc1LCJpYXQiOjE3NjEyMTMyNzV9.WeYMHBb-Z-2by7FMMnVHj1f76azfGPGV-fiKZZ-A4Y8;Path=/;Max-Age=21600;HttpOnly;Expires=23/10/25, 3:54 pm;SameSite=Lax
2025-10-23 15:24:50 [main] INFO  Log:33 - Current cookies being sent: auth_token=eyJhbGciOiJIUzI1NiIsInR5cCI6IkpXVCJ9.eyJzaWQiOiIyMGVhNTAyNGM4MjA0OTdmYmY0ZjRlYjBjOGM4MTk0MSIsImF0ayI6IjE0ODQ2YjIxMWNjZjQ4N2Y5ZWU0NGI4MTI1MTYwYmY4IiwidWlkIjoiMjk2Yjg3MjQtODM5Zi00MjY3LWIyYTQtNGYzYTg0ZWQ5MDFjIiwiZXhwIjoxNzYxMjM0ODc1LCJpYXQiOjE3NjEyMTMyNzV9.WeYMHBb-Z-2by7FMMnVHj1f76azfGPGV-fiKZZ-A4Y8;Path=/;Max-Age=21600;HttpOnly;Expires=23/10/25, 3:54 pm;SameSite=Lax
2025-10-23 15:24:50 [main] INFO  Log:33 - Current cookies being sent: auth_token=eyJhbGciOiJIUzI1NiIsInR5cCI6IkpXVCJ9.eyJzaWQiOiIyMGVhNTAyNGM4MjA0OTdmYmY0ZjRlYjBjOGM4MTk0MSIsImF0ayI6IjE0ODQ2YjIxMWNjZjQ4N2Y5ZWU0NGI4MTI1MTYwYmY4IiwidWlkIjoiMjk2Yjg3MjQtODM5Zi00MjY3LWIyYTQtNGYzYTg0ZWQ5MDFjIiwiZXhwIjoxNzYxMjM0ODc1LCJpYXQiOjE3NjEyMTMyNzV9.WeYMHBb-Z-2by7FMMnVHj1f76azfGPGV-fiKZZ-A4Y8;Path=/;Max-Age=21600;HttpOnly;Expires=23/10/25, 3:54 pm;SameSite=Lax
2025-10-23 15:24:50 [main] INFO  Log:33 - Current cookies being sent: auth_token=eyJhbGciOiJIUzI1NiIsInR5cCI6IkpXVCJ9.eyJzaWQiOiIyMGVhNTAyNGM4MjA0OTdmYmY0ZjRlYjBjOGM4MTk0MSIsImF0ayI6IjE0ODQ2YjIxMWNjZjQ4N2Y5ZWU0NGI4MTI1MTYwYmY4IiwidWlkIjoiMjk2Yjg3MjQtODM5Zi00MjY3LWIyYTQtNGYzYTg0ZWQ5MDFjIiwiZXhwIjoxNzYxMjM0ODc1LCJpYXQiOjE3NjEyMTMyNzV9.WeYMHBb-Z-2by7FMMnVHj1f76azfGPGV-fiKZZ-A4Y8;Path=/;Max-Age=21600;HttpOnly;Expires=23/10/25, 3:54 pm;SameSite=Lax
2025-10-23 15:24:51 [main] INFO  Log:33 - Current cookies being sent: auth_token=eyJhbGciOiJIUzI1NiIsInR5cCI6IkpXVCJ9.eyJzaWQiOiIyMGVhNTAyNGM4MjA0OTdmYmY0ZjRlYjBjOGM4MTk0MSIsImF0ayI6IjE0ODQ2YjIxMWNjZjQ4N2Y5ZWU0NGI4MTI1MTYwYmY4IiwidWlkIjoiMjk2Yjg3MjQtODM5Zi00MjY3LWIyYTQtNGYzYTg0ZWQ5MDFjIiwiZXhwIjoxNzYxMjM0ODc1LCJpYXQiOjE3NjEyMTMyNzV9.WeYMHBb-Z-2by7FMMnVHj1f76azfGPGV-fiKZZ-A4Y8;Path=/;Max-Age=21600;HttpOnly;Expires=23/10/25, 3:54 pm;SameSite=Lax
2025-10-23 15:24:51 [main] INFO  Log:33 - Current cookies being sent: auth_token=eyJhbGciOiJIUzI1NiIsInR5cCI6IkpXVCJ9.eyJzaWQiOiIyMGVhNTAyNGM4MjA0OTdmYmY0ZjRlYjBjOGM4MTk0MSIsImF0ayI6IjE0ODQ2YjIxMWNjZjQ4N2Y5ZWU0NGI4MTI1MTYwYmY4IiwidWlkIjoiMjk2Yjg3MjQtODM5Zi00MjY3LWIyYTQtNGYzYTg0ZWQ5MDFjIiwiZXhwIjoxNzYxMjM0ODc1LCJpYXQiOjE3NjEyMTMyNzV9.WeYMHBb-Z-2by7FMMnVHj1f76azfGPGV-fiKZZ-A4Y8;Path=/;Max-Age=21600;HttpOnly;Expires=23/10/25, 3:54 pm;SameSite=Lax
2025-10-23 15:24:52 [main] INFO  Log:33 - Current cookies being sent: auth_token=eyJhbGciOiJIUzI1NiIsInR5cCI6IkpXVCJ9.eyJzaWQiOiIyMGVhNTAyNGM4MjA0OTdmYmY0ZjRlYjBjOGM4MTk0MSIsImF0ayI6IjE0ODQ2YjIxMWNjZjQ4N2Y5ZWU0NGI4MTI1MTYwYmY4IiwidWlkIjoiMjk2Yjg3MjQtODM5Zi00MjY3LWIyYTQtNGYzYTg0ZWQ5MDFjIiwiZXhwIjoxNzYxMjM0ODc1LCJpYXQiOjE3NjEyMTMyNzV9.WeYMHBb-Z-2by7FMMnVHj1f76azfGPGV-fiKZZ-A4Y8;Path=/;Max-Age=21600;HttpOnly;Expires=23/10/25, 3:54 pm;SameSite=Lax
2025-10-23 15:24:52 [main] INFO  Log:33 - Current cookies being sent: auth_token=eyJhbGciOiJIUzI1NiIsInR5cCI6IkpXVCJ9.eyJzaWQiOiIyMGVhNTAyNGM4MjA0OTdmYmY0ZjRlYjBjOGM4MTk0MSIsImF0ayI6IjE0ODQ2YjIxMWNjZjQ4N2Y5ZWU0NGI4MTI1MTYwYmY4IiwidWlkIjoiMjk2Yjg3MjQtODM5Zi00MjY3LWIyYTQtNGYzYTg0ZWQ5MDFjIiwiZXhwIjoxNzYxMjM0ODc1LCJpYXQiOjE3NjEyMTMyNzV9.WeYMHBb-Z-2by7FMMnVHj1f76azfGPGV-fiKZZ-A4Y8;Path=/;Max-Age=21600;HttpOnly;Expires=23/10/25, 3:54 pm;SameSite=Lax
2025-10-23 15:24:52 [main] INFO  Log:33 - Current cookies being sent: auth_token=eyJhbGciOiJIUzI1NiIsInR5cCI6IkpXVCJ9.eyJzaWQiOiIyMGVhNTAyNGM4MjA0OTdmYmY0ZjRlYjBjOGM4MTk0MSIsImF0ayI6IjE0ODQ2YjIxMWNjZjQ4N2Y5ZWU0NGI4MTI1MTYwYmY4IiwidWlkIjoiMjk2Yjg3MjQtODM5Zi00MjY3LWIyYTQtNGYzYTg0ZWQ5MDFjIiwiZXhwIjoxNzYxMjM0ODc1LCJpYXQiOjE3NjEyMTMyNzV9.WeYMHBb-Z-2by7FMMnVHj1f76azfGPGV-fiKZZ-A4Y8;Path=/;Max-Age=21600;HttpOnly;Expires=23/10/25, 3:54 pm;SameSite=Lax
2025-10-23 15:24:53 [main] INFO  Log:33 - Current cookies being sent: auth_token=eyJhbGciOiJIUzI1NiIsInR5cCI6IkpXVCJ9.eyJzaWQiOiIyMGVhNTAyNGM4MjA0OTdmYmY0ZjRlYjBjOGM4MTk0MSIsImF0ayI6IjE0ODQ2YjIxMWNjZjQ4N2Y5ZWU0NGI4MTI1MTYwYmY4IiwidWlkIjoiMjk2Yjg3MjQtODM5Zi00MjY3LWIyYTQtNGYzYTg0ZWQ5MDFjIiwiZXhwIjoxNzYxMjM0ODc1LCJpYXQiOjE3NjEyMTMyNzV9.WeYMHBb-Z-2by7FMMnVHj1f76azfGPGV-fiKZZ-A4Y8;Path=/;Max-Age=21600;HttpOnly;Expires=23/10/25, 3:54 pm;SameSite=Lax
2025-10-23 15:24:53 [main] INFO  Log:33 - Current cookies being sent: auth_token=eyJhbGciOiJIUzI1NiIsInR5cCI6IkpXVCJ9.eyJzaWQiOiIyMGVhNTAyNGM4MjA0OTdmYmY0ZjRlYjBjOGM4MTk0MSIsImF0ayI6IjE0ODQ2YjIxMWNjZjQ4N2Y5ZWU0NGI4MTI1MTYwYmY4IiwidWlkIjoiMjk2Yjg3MjQtODM5Zi00MjY3LWIyYTQtNGYzYTg0ZWQ5MDFjIiwiZXhwIjoxNzYxMjM0ODc1LCJpYXQiOjE3NjEyMTMyNzV9.WeYMHBb-Z-2by7FMMnVHj1f76azfGPGV-fiKZZ-A4Y8;Path=/;Max-Age=21600;HttpOnly;Expires=23/10/25, 3:54 pm;SameSite=Lax
2025-10-23 15:24:53 [main] INFO  Log:33 - Current cookies being sent: auth_token=eyJhbGciOiJIUzI1NiIsInR5cCI6IkpXVCJ9.eyJzaWQiOiIyMGVhNTAyNGM4MjA0OTdmYmY0ZjRlYjBjOGM4MTk0MSIsImF0ayI6IjE0ODQ2YjIxMWNjZjQ4N2Y5ZWU0NGI4MTI1MTYwYmY4IiwidWlkIjoiMjk2Yjg3MjQtODM5Zi00MjY3LWIyYTQtNGYzYTg0ZWQ5MDFjIiwiZXhwIjoxNzYxMjM0ODc1LCJpYXQiOjE3NjEyMTMyNzV9.WeYMHBb-Z-2by7FMMnVHj1f76azfGPGV-fiKZZ-A4Y8;Path=/;Max-Age=21600;HttpOnly;Expires=23/10/25, 3:54 pm;SameSite=Lax
2025-10-23 15:24:54 [main] INFO  Log:33 - Current cookies being sent: auth_token=eyJhbGciOiJIUzI1NiIsInR5cCI6IkpXVCJ9.eyJzaWQiOiIyMGVhNTAyNGM4MjA0OTdmYmY0ZjRlYjBjOGM4MTk0MSIsImF0ayI6IjE0ODQ2YjIxMWNjZjQ4N2Y5ZWU0NGI4MTI1MTYwYmY4IiwidWlkIjoiMjk2Yjg3MjQtODM5Zi00MjY3LWIyYTQtNGYzYTg0ZWQ5MDFjIiwiZXhwIjoxNzYxMjM0ODc1LCJpYXQiOjE3NjEyMTMyNzV9.WeYMHBb-Z-2by7FMMnVHj1f76azfGPGV-fiKZZ-A4Y8;Path=/;Max-Age=21600;HttpOnly;Expires=23/10/25, 3:54 pm;SameSite=Lax
2025-10-23 15:24:54 [main] INFO  Log:33 - Current cookies being sent: auth_token=eyJhbGciOiJIUzI1NiIsInR5cCI6IkpXVCJ9.eyJzaWQiOiIyMGVhNTAyNGM4MjA0OTdmYmY0ZjRlYjBjOGM4MTk0MSIsImF0ayI6IjE0ODQ2YjIxMWNjZjQ4N2Y5ZWU0NGI4MTI1MTYwYmY4IiwidWlkIjoiMjk2Yjg3MjQtODM5Zi00MjY3LWIyYTQtNGYzYTg0ZWQ5MDFjIiwiZXhwIjoxNzYxMjM0ODc1LCJpYXQiOjE3NjEyMTMyNzV9.WeYMHBb-Z-2by7FMMnVHj1f76azfGPGV-fiKZZ-A4Y8;Path=/;Max-Age=21600;HttpOnly;Expires=23/10/25, 3:54 pm;SameSite=Lax
2025-10-23 15:24:54 [main] INFO  Log:33 - Current cookies being sent: auth_token=eyJhbGciOiJIUzI1NiIsInR5cCI6IkpXVCJ9.eyJzaWQiOiIyMGVhNTAyNGM4MjA0OTdmYmY0ZjRlYjBjOGM4MTk0MSIsImF0ayI6IjE0ODQ2YjIxMWNjZjQ4N2Y5ZWU0NGI4MTI1MTYwYmY4IiwidWlkIjoiMjk2Yjg3MjQtODM5Zi00MjY3LWIyYTQtNGYzYTg0ZWQ5MDFjIiwiZXhwIjoxNzYxMjM0ODc1LCJpYXQiOjE3NjEyMTMyNzV9.WeYMHBb-Z-2by7FMMnVHj1f76azfGPGV-fiKZZ-A4Y8;Path=/;Max-Age=21600;HttpOnly;Expires=23/10/25, 3:54 pm;SameSite=Lax
2025-10-23 15:24:55 [main] INFO  Log:33 - Current cookies being sent: auth_token=eyJhbGciOiJIUzI1NiIsInR5cCI6IkpXVCJ9.eyJzaWQiOiIyMGVhNTAyNGM4MjA0OTdmYmY0ZjRlYjBjOGM4MTk0MSIsImF0ayI6IjE0ODQ2YjIxMWNjZjQ4N2Y5ZWU0NGI4MTI1MTYwYmY4IiwidWlkIjoiMjk2Yjg3MjQtODM5Zi00MjY3LWIyYTQtNGYzYTg0ZWQ5MDFjIiwiZXhwIjoxNzYxMjM0ODc1LCJpYXQiOjE3NjEyMTMyNzV9.WeYMHBb-Z-2by7FMMnVHj1f76azfGPGV-fiKZZ-A4Y8;Path=/;Max-Age=21600;HttpOnly;Expires=23/10/25, 3:54 pm;SameSite=Lax
2025-10-23 15:24:55 [main] INFO  Log:33 - Current cookies being sent: auth_token=eyJhbGciOiJIUzI1NiIsInR5cCI6IkpXVCJ9.eyJzaWQiOiIyMGVhNTAyNGM4MjA0OTdmYmY0ZjRlYjBjOGM4MTk0MSIsImF0ayI6IjE0ODQ2YjIxMWNjZjQ4N2Y5ZWU0NGI4MTI1MTYwYmY4IiwidWlkIjoiMjk2Yjg3MjQtODM5Zi00MjY3LWIyYTQtNGYzYTg0ZWQ5MDFjIiwiZXhwIjoxNzYxMjM0ODc1LCJpYXQiOjE3NjEyMTMyNzV9.WeYMHBb-Z-2by7FMMnVHj1f76azfGPGV-fiKZZ-A4Y8;Path=/;Max-Age=21600;HttpOnly;Expires=23/10/25, 3:54 pm;SameSite=Lax
2025-10-23 15:24:55 [main] INFO  Log:33 - Current cookies being sent: auth_token=eyJhbGciOiJIUzI1NiIsInR5cCI6IkpXVCJ9.eyJzaWQiOiIyMGVhNTAyNGM4MjA0OTdmYmY0ZjRlYjBjOGM4MTk0MSIsImF0ayI6IjE0ODQ2YjIxMWNjZjQ4N2Y5ZWU0NGI4MTI1MTYwYmY4IiwidWlkIjoiMjk2Yjg3MjQtODM5Zi00MjY3LWIyYTQtNGYzYTg0ZWQ5MDFjIiwiZXhwIjoxNzYxMjM0ODc1LCJpYXQiOjE3NjEyMTMyNzV9.WeYMHBb-Z-2by7FMMnVHj1f76azfGPGV-fiKZZ-A4Y8;Path=/;Max-Age=21600;HttpOnly;Expires=23/10/25, 3:54 pm;SameSite=Lax
2025-10-23 15:24:56 [main] INFO  Log:33 - Current cookies being sent: auth_token=eyJhbGciOiJIUzI1NiIsInR5cCI6IkpXVCJ9.eyJzaWQiOiIyMGVhNTAyNGM4MjA0OTdmYmY0ZjRlYjBjOGM4MTk0MSIsImF0ayI6IjE0ODQ2YjIxMWNjZjQ4N2Y5ZWU0NGI4MTI1MTYwYmY4IiwidWlkIjoiMjk2Yjg3MjQtODM5Zi00MjY3LWIyYTQtNGYzYTg0ZWQ5MDFjIiwiZXhwIjoxNzYxMjM0ODc1LCJpYXQiOjE3NjEyMTMyNzV9.WeYMHBb-Z-2by7FMMnVHj1f76azfGPGV-fiKZZ-A4Y8;Path=/;Max-Age=21600;HttpOnly;Expires=23/10/25, 3:54 pm;SameSite=Lax
2025-10-23 15:24:56 [main] INFO  Log:33 - Current cookies being sent: auth_token=eyJhbGciOiJIUzI1NiIsInR5cCI6IkpXVCJ9.eyJzaWQiOiIyMGVhNTAyNGM4MjA0OTdmYmY0ZjRlYjBjOGM4MTk0MSIsImF0ayI6IjE0ODQ2YjIxMWNjZjQ4N2Y5ZWU0NGI4MTI1MTYwYmY4IiwidWlkIjoiMjk2Yjg3MjQtODM5Zi00MjY3LWIyYTQtNGYzYTg0ZWQ5MDFjIiwiZXhwIjoxNzYxMjM0ODc1LCJpYXQiOjE3NjEyMTMyNzV9.WeYMHBb-Z-2by7FMMnVHj1f76azfGPGV-fiKZZ-A4Y8;Path=/;Max-Age=21600;HttpOnly;Expires=23/10/25, 3:54 pm;SameSite=Lax
2025-10-23 15:24:56 [main] INFO  Log:33 - Current cookies being sent: auth_token=eyJhbGciOiJIUzI1NiIsInR5cCI6IkpXVCJ9.eyJzaWQiOiIyMGVhNTAyNGM4MjA0OTdmYmY0ZjRlYjBjOGM4MTk0MSIsImF0ayI6IjE0ODQ2YjIxMWNjZjQ4N2Y5ZWU0NGI4MTI1MTYwYmY4IiwidWlkIjoiMjk2Yjg3MjQtODM5Zi00MjY3LWIyYTQtNGYzYTg0ZWQ5MDFjIiwiZXhwIjoxNzYxMjM0ODc1LCJpYXQiOjE3NjEyMTMyNzV9.WeYMHBb-Z-2by7FMMnVHj1f76azfGPGV-fiKZZ-A4Y8;Path=/;Max-Age=21600;HttpOnly;Expires=23/10/25, 3:54 pm;SameSite=Lax
2025-10-23 15:24:57 [main] INFO  Log:33 - Current cookies being sent: auth_token=eyJhbGciOiJIUzI1NiIsInR5cCI6IkpXVCJ9.eyJzaWQiOiIyMGVhNTAyNGM4MjA0OTdmYmY0ZjRlYjBjOGM4MTk0MSIsImF0ayI6IjE0ODQ2YjIxMWNjZjQ4N2Y5ZWU0NGI4MTI1MTYwYmY4IiwidWlkIjoiMjk2Yjg3MjQtODM5Zi00MjY3LWIyYTQtNGYzYTg0ZWQ5MDFjIiwiZXhwIjoxNzYxMjM0ODc1LCJpYXQiOjE3NjEyMTMyNzV9.WeYMHBb-Z-2by7FMMnVHj1f76azfGPGV-fiKZZ-A4Y8;Path=/;Max-Age=21600;HttpOnly;Expires=23/10/25, 3:54 pm;SameSite=Lax
2025-10-23 15:24:57 [main] INFO  Log:33 - Current cookies being sent: auth_token=eyJhbGciOiJIUzI1NiIsInR5cCI6IkpXVCJ9.eyJzaWQiOiIyMGVhNTAyNGM4MjA0OTdmYmY0ZjRlYjBjOGM4MTk0MSIsImF0ayI6IjE0ODQ2YjIxMWNjZjQ4N2Y5ZWU0NGI4MTI1MTYwYmY4IiwidWlkIjoiMjk2Yjg3MjQtODM5Zi00MjY3LWIyYTQtNGYzYTg0ZWQ5MDFjIiwiZXhwIjoxNzYxMjM0ODc1LCJpYXQiOjE3NjEyMTMyNzV9.WeYMHBb-Z-2by7FMMnVHj1f76azfGPGV-fiKZZ-A4Y8;Path=/;Max-Age=21600;HttpOnly;Expires=23/10/25, 3:54 pm;SameSite=Lax
2025-10-23 15:24:57 [main] INFO  Log:33 - Current cookies being sent: auth_token=eyJhbGciOiJIUzI1NiIsInR5cCI6IkpXVCJ9.eyJzaWQiOiIyMGVhNTAyNGM4MjA0OTdmYmY0ZjRlYjBjOGM4MTk0MSIsImF0ayI6IjE0ODQ2YjIxMWNjZjQ4N2Y5ZWU0NGI4MTI1MTYwYmY4IiwidWlkIjoiMjk2Yjg3MjQtODM5Zi00MjY3LWIyYTQtNGYzYTg0ZWQ5MDFjIiwiZXhwIjoxNzYxMjM0ODc1LCJpYXQiOjE3NjEyMTMyNzV9.WeYMHBb-Z-2by7FMMnVHj1f76azfGPGV-fiKZZ-A4Y8;Path=/;Max-Age=21600;HttpOnly;Expires=23/10/25, 3:54 pm;SameSite=Lax
2025-10-23 15:24:58 [main] INFO  Log:33 - Current cookies being sent: auth_token=eyJhbGciOiJIUzI1NiIsInR5cCI6IkpXVCJ9.eyJzaWQiOiIyMGVhNTAyNGM4MjA0OTdmYmY0ZjRlYjBjOGM4MTk0MSIsImF0ayI6IjE0ODQ2YjIxMWNjZjQ4N2Y5ZWU0NGI4MTI1MTYwYmY4IiwidWlkIjoiMjk2Yjg3MjQtODM5Zi00MjY3LWIyYTQtNGYzYTg0ZWQ5MDFjIiwiZXhwIjoxNzYxMjM0ODc1LCJpYXQiOjE3NjEyMTMyNzV9.WeYMHBb-Z-2by7FMMnVHj1f76azfGPGV-fiKZZ-A4Y8;Path=/;Max-Age=21600;HttpOnly;Expires=23/10/25, 3:54 pm;SameSite=Lax
2025-10-23 15:24:58 [main] INFO  Log:33 - Current cookies being sent: auth_token=eyJhbGciOiJIUzI1NiIsInR5cCI6IkpXVCJ9.eyJzaWQiOiIyMGVhNTAyNGM4MjA0OTdmYmY0ZjRlYjBjOGM4MTk0MSIsImF0ayI6IjE0ODQ2YjIxMWNjZjQ4N2Y5ZWU0NGI4MTI1MTYwYmY4IiwidWlkIjoiMjk2Yjg3MjQtODM5Zi00MjY3LWIyYTQtNGYzYTg0ZWQ5MDFjIiwiZXhwIjoxNzYxMjM0ODc1LCJpYXQiOjE3NjEyMTMyNzV9.WeYMHBb-Z-2by7FMMnVHj1f76azfGPGV-fiKZZ-A4Y8;Path=/;Max-Age=21600;HttpOnly;Expires=23/10/25, 3:54 pm;SameSite=Lax
2025-10-23 15:24:59 [main] INFO  Log:33 - Current cookies being sent: auth_token=eyJhbGciOiJIUzI1NiIsInR5cCI6IkpXVCJ9.eyJzaWQiOiIyMGVhNTAyNGM4MjA0OTdmYmY0ZjRlYjBjOGM4MTk0MSIsImF0ayI6IjE0ODQ2YjIxMWNjZjQ4N2Y5ZWU0NGI4MTI1MTYwYmY4IiwidWlkIjoiMjk2Yjg3MjQtODM5Zi00MjY3LWIyYTQtNGYzYTg0ZWQ5MDFjIiwiZXhwIjoxNzYxMjM0ODc1LCJpYXQiOjE3NjEyMTMyNzV9.WeYMHBb-Z-2by7FMMnVHj1f76azfGPGV-fiKZZ-A4Y8;Path=/;Max-Age=21600;HttpOnly;Expires=23/10/25, 3:54 pm;SameSite=Lax
2025-10-23 15:24:59 [main] INFO  Log:33 - Current cookies being sent: auth_token=eyJhbGciOiJIUzI1NiIsInR5cCI6IkpXVCJ9.eyJzaWQiOiIyMGVhNTAyNGM4MjA0OTdmYmY0ZjRlYjBjOGM4MTk0MSIsImF0ayI6IjE0ODQ2YjIxMWNjZjQ4N2Y5ZWU0NGI4MTI1MTYwYmY4IiwidWlkIjoiMjk2Yjg3MjQtODM5Zi00MjY3LWIyYTQtNGYzYTg0ZWQ5MDFjIiwiZXhwIjoxNzYxMjM0ODc1LCJpYXQiOjE3NjEyMTMyNzV9.WeYMHBb-Z-2by7FMMnVHj1f76azfGPGV-fiKZZ-A4Y8;Path=/;Max-Age=21600;HttpOnly;Expires=23/10/25, 3:54 pm;SameSite=Lax
2025-10-23 15:24:59 [main] INFO  Log:33 - Current cookies being sent: auth_token=eyJhbGciOiJIUzI1NiIsInR5cCI6IkpXVCJ9.eyJzaWQiOiIyMGVhNTAyNGM4MjA0OTdmYmY0ZjRlYjBjOGM4MTk0MSIsImF0ayI6IjE0ODQ2YjIxMWNjZjQ4N2Y5ZWU0NGI4MTI1MTYwYmY4IiwidWlkIjoiMjk2Yjg3MjQtODM5Zi00MjY3LWIyYTQtNGYzYTg0ZWQ5MDFjIiwiZXhwIjoxNzYxMjM0ODc1LCJpYXQiOjE3NjEyMTMyNzV9.WeYMHBb-Z-2by7FMMnVHj1f76azfGPGV-fiKZZ-A4Y8;Path=/;Max-Age=21600;HttpOnly;Expires=23/10/25, 3:54 pm;SameSite=Lax
2025-10-23 15:25:00 [main] INFO  Log:33 - Current cookies being sent: auth_token=eyJhbGciOiJIUzI1NiIsInR5cCI6IkpXVCJ9.eyJzaWQiOiIyMGVhNTAyNGM4MjA0OTdmYmY0ZjRlYjBjOGM4MTk0MSIsImF0ayI6IjE0ODQ2YjIxMWNjZjQ4N2Y5ZWU0NGI4MTI1MTYwYmY4IiwidWlkIjoiMjk2Yjg3MjQtODM5Zi00MjY3LWIyYTQtNGYzYTg0ZWQ5MDFjIiwiZXhwIjoxNzYxMjM0ODc1LCJpYXQiOjE3NjEyMTMyNzV9.WeYMHBb-Z-2by7FMMnVHj1f76azfGPGV-fiKZZ-A4Y8;Path=/;Max-Age=21600;HttpOnly;Expires=23/10/25, 3:54 pm;SameSite=Lax
2025-10-23 15:25:00 [main] INFO  Log:33 - Current cookies being sent: auth_token=eyJhbGciOiJIUzI1NiIsInR5cCI6IkpXVCJ9.eyJzaWQiOiIyMGVhNTAyNGM4MjA0OTdmYmY0ZjRlYjBjOGM4MTk0MSIsImF0ayI6IjE0ODQ2YjIxMWNjZjQ4N2Y5ZWU0NGI4MTI1MTYwYmY4IiwidWlkIjoiMjk2Yjg3MjQtODM5Zi00MjY3LWIyYTQtNGYzYTg0ZWQ5MDFjIiwiZXhwIjoxNzYxMjM0ODc1LCJpYXQiOjE3NjEyMTMyNzV9.WeYMHBb-Z-2by7FMMnVHj1f76azfGPGV-fiKZZ-A4Y8;Path=/;Max-Age=21600;HttpOnly;Expires=23/10/25, 3:54 pm;SameSite=Lax
2025-10-23 15:25:00 [main] INFO  Log:33 - Current cookies being sent: auth_token=eyJhbGciOiJIUzI1NiIsInR5cCI6IkpXVCJ9.eyJzaWQiOiIyMGVhNTAyNGM4MjA0OTdmYmY0ZjRlYjBjOGM4MTk0MSIsImF0ayI6IjE0ODQ2YjIxMWNjZjQ4N2Y5ZWU0NGI4MTI1MTYwYmY4IiwidWlkIjoiMjk2Yjg3MjQtODM5Zi00MjY3LWIyYTQtNGYzYTg0ZWQ5MDFjIiwiZXhwIjoxNzYxMjM0ODc1LCJpYXQiOjE3NjEyMTMyNzV9.WeYMHBb-Z-2by7FMMnVHj1f76azfGPGV-fiKZZ-A4Y8;Path=/;Max-Age=21600;HttpOnly;Expires=23/10/25, 3:54 pm;SameSite=Lax
2025-10-23 15:25:01 [main] INFO  Log:33 - Current cookies being sent: auth_token=eyJhbGciOiJIUzI1NiIsInR5cCI6IkpXVCJ9.eyJzaWQiOiIyMGVhNTAyNGM4MjA0OTdmYmY0ZjRlYjBjOGM4MTk0MSIsImF0ayI6IjE0ODQ2YjIxMWNjZjQ4N2Y5ZWU0NGI4MTI1MTYwYmY4IiwidWlkIjoiMjk2Yjg3MjQtODM5Zi00MjY3LWIyYTQtNGYzYTg0ZWQ5MDFjIiwiZXhwIjoxNzYxMjM0ODc1LCJpYXQiOjE3NjEyMTMyNzV9.WeYMHBb-Z-2by7FMMnVHj1f76azfGPGV-fiKZZ-A4Y8;Path=/;Max-Age=21600;HttpOnly;Expires=23/10/25, 3:54 pm;SameSite=Lax
2025-10-23 15:25:01 [main] INFO  Log:33 - Current cookies being sent: auth_token=eyJhbGciOiJIUzI1NiIsInR5cCI6IkpXVCJ9.eyJzaWQiOiIyMGVhNTAyNGM4MjA0OTdmYmY0ZjRlYjBjOGM4MTk0MSIsImF0ayI6IjE0ODQ2YjIxMWNjZjQ4N2Y5ZWU0NGI4MTI1MTYwYmY4IiwidWlkIjoiMjk2Yjg3MjQtODM5Zi00MjY3LWIyYTQtNGYzYTg0ZWQ5MDFjIiwiZXhwIjoxNzYxMjM0ODc1LCJpYXQiOjE3NjEyMTMyNzV9.WeYMHBb-Z-2by7FMMnVHj1f76azfGPGV-fiKZZ-A4Y8;Path=/;Max-Age=21600;HttpOnly;Expires=23/10/25, 3:54 pm;SameSite=Lax
2025-10-23 15:25:01 [main] INFO  Log:33 - Current cookies being sent: auth_token=eyJhbGciOiJIUzI1NiIsInR5cCI6IkpXVCJ9.eyJzaWQiOiIyMGVhNTAyNGM4MjA0OTdmYmY0ZjRlYjBjOGM4MTk0MSIsImF0ayI6IjE0ODQ2YjIxMWNjZjQ4N2Y5ZWU0NGI4MTI1MTYwYmY4IiwidWlkIjoiMjk2Yjg3MjQtODM5Zi00MjY3LWIyYTQtNGYzYTg0ZWQ5MDFjIiwiZXhwIjoxNzYxMjM0ODc1LCJpYXQiOjE3NjEyMTMyNzV9.WeYMHBb-Z-2by7FMMnVHj1f76azfGPGV-fiKZZ-A4Y8;Path=/;Max-Age=21600;HttpOnly;Expires=23/10/25, 3:54 pm;SameSite=Lax
2025-10-23 15:25:02 [main] INFO  Log:33 - Current cookies being sent: auth_token=eyJhbGciOiJIUzI1NiIsInR5cCI6IkpXVCJ9.eyJzaWQiOiIyMGVhNTAyNGM4MjA0OTdmYmY0ZjRlYjBjOGM4MTk0MSIsImF0ayI6IjE0ODQ2YjIxMWNjZjQ4N2Y5ZWU0NGI4MTI1MTYwYmY4IiwidWlkIjoiMjk2Yjg3MjQtODM5Zi00MjY3LWIyYTQtNGYzYTg0ZWQ5MDFjIiwiZXhwIjoxNzYxMjM0ODc1LCJpYXQiOjE3NjEyMTMyNzV9.WeYMHBb-Z-2by7FMMnVHj1f76azfGPGV-fiKZZ-A4Y8;Path=/;Max-Age=21600;HttpOnly;Expires=23/10/25, 3:54 pm;SameSite=Lax
2025-10-23 15:25:02 [main] INFO  Log:33 - Current cookies being sent: auth_token=eyJhbGciOiJIUzI1NiIsInR5cCI6IkpXVCJ9.eyJzaWQiOiIyMGVhNTAyNGM4MjA0OTdmYmY0ZjRlYjBjOGM4MTk0MSIsImF0ayI6IjE0ODQ2YjIxMWNjZjQ4N2Y5ZWU0NGI4MTI1MTYwYmY4IiwidWlkIjoiMjk2Yjg3MjQtODM5Zi00MjY3LWIyYTQtNGYzYTg0ZWQ5MDFjIiwiZXhwIjoxNzYxMjM0ODc1LCJpYXQiOjE3NjEyMTMyNzV9.WeYMHBb-Z-2by7FMMnVHj1f76azfGPGV-fiKZZ-A4Y8;Path=/;Max-Age=21600;HttpOnly;Expires=23/10/25, 3:54 pm;SameSite=Lax
2025-10-23 15:25:02 [main] INFO  Log:33 - Current cookies being sent: auth_token=eyJhbGciOiJIUzI1NiIsInR5cCI6IkpXVCJ9.eyJzaWQiOiIyMGVhNTAyNGM4MjA0OTdmYmY0ZjRlYjBjOGM4MTk0MSIsImF0ayI6IjE0ODQ2YjIxMWNjZjQ4N2Y5ZWU0NGI4MTI1MTYwYmY4IiwidWlkIjoiMjk2Yjg3MjQtODM5Zi00MjY3LWIyYTQtNGYzYTg0ZWQ5MDFjIiwiZXhwIjoxNzYxMjM0ODc1LCJpYXQiOjE3NjEyMTMyNzV9.WeYMHBb-Z-2by7FMMnVHj1f76azfGPGV-fiKZZ-A4Y8;Path=/;Max-Age=21600;HttpOnly;Expires=23/10/25, 3:54 pm;SameSite=Lax
2025-10-23 15:25:03 [main] INFO  Log:33 - Cookies:auth_token=eyJhbGciOiJIUzI1NiIsInR5cCI6IkpXVCJ9.eyJzaWQiOiIyMGVhNTAyNGM4MjA0OTdmYmY0ZjRlYjBjOGM4MTk0MSIsImF0ayI6IjE0ODQ2YjIxMWNjZjQ4N2Y5ZWU0NGI4MTI1MTYwYmY4IiwidWlkIjoiMjk2Yjg3MjQtODM5Zi00MjY3LWIyYTQtNGYzYTg0ZWQ5MDFjIiwiZXhwIjoxNzYxMjM0ODc1LCJpYXQiOjE3NjEyMTMyNzV9.WeYMHBb-Z-2by7FMMnVHj1f76azfGPGV-fiKZZ-A4Y8;Path=/;Max-Age=21600;HttpOnly;Expires=23/10/25, 3:54 pm;SameSite=Lax
2025-10-23 15:25:03 [main] INFO  Log:33 - Current cookies being sent: auth_token=eyJhbGciOiJIUzI1NiIsInR5cCI6IkpXVCJ9.eyJzaWQiOiIyMGVhNTAyNGM4MjA0OTdmYmY0ZjRlYjBjOGM4MTk0MSIsImF0ayI6IjE0ODQ2YjIxMWNjZjQ4N2Y5ZWU0NGI4MTI1MTYwYmY4IiwidWlkIjoiMjk2Yjg3MjQtODM5Zi00MjY3LWIyYTQtNGYzYTg0ZWQ5MDFjIiwiZXhwIjoxNzYxMjM0ODc1LCJpYXQiOjE3NjEyMTMyNzV9.WeYMHBb-Z-2by7FMMnVHj1f76azfGPGV-fiKZZ-A4Y8;Path=/;Max-Age=21600;HttpOnly;Expires=23/10/25, 3:54 pm;SameSite=Lax
2025-10-23 15:25:03 [main] INFO  Log:33 - Cookies:auth_token=eyJhbGciOiJIUzI1NiIsInR5cCI6IkpXVCJ9.eyJzaWQiOiIyMGVhNTAyNGM4MjA0OTdmYmY0ZjRlYjBjOGM4MTk0MSIsImF0ayI6IjE0ODQ2YjIxMWNjZjQ4N2Y5ZWU0NGI4MTI1MTYwYmY4IiwidWlkIjoiMjk2Yjg3MjQtODM5Zi00MjY3LWIyYTQtNGYzYTg0ZWQ5MDFjIiwiZXhwIjoxNzYxMjM0ODc1LCJpYXQiOjE3NjEyMTMyNzV9.WeYMHBb-Z-2by7FMMnVHj1f76azfGPGV-fiKZZ-A4Y8;Path=/;Max-Age=21600;HttpOnly;Expires=23/10/25, 3:54 pm;SameSite=Lax
2025-10-23 15:25:03 [main] INFO  Log:33 - Current cookies being sent: auth_token=eyJhbGciOiJIUzI1NiIsInR5cCI6IkpXVCJ9.eyJzaWQiOiIyMGVhNTAyNGM4MjA0OTdmYmY0ZjRlYjBjOGM4MTk0MSIsImF0ayI6IjE0ODQ2YjIxMWNjZjQ4N2Y5ZWU0NGI4MTI1MTYwYmY4IiwidWlkIjoiMjk2Yjg3MjQtODM5Zi00MjY3LWIyYTQtNGYzYTg0ZWQ5MDFjIiwiZXhwIjoxNzYxMjM0ODc1LCJpYXQiOjE3NjEyMTMyNzV9.WeYMHBb-Z-2by7FMMnVHj1f76azfGPGV-fiKZZ-A4Y8;Path=/;Max-Age=21600;HttpOnly;Expires=23/10/25, 3:54 pm;SameSite=Lax
2025-10-23 15:25:04 [main] INFO  Log:33 - Cookies:auth_token=eyJhbGciOiJIUzI1NiIsInR5cCI6IkpXVCJ9.eyJzaWQiOiIyMGVhNTAyNGM4MjA0OTdmYmY0ZjRlYjBjOGM4MTk0MSIsImF0ayI6IjE0ODQ2YjIxMWNjZjQ4N2Y5ZWU0NGI4MTI1MTYwYmY4IiwidWlkIjoiMjk2Yjg3MjQtODM5Zi00MjY3LWIyYTQtNGYzYTg0ZWQ5MDFjIiwiZXhwIjoxNzYxMjM0ODc1LCJpYXQiOjE3NjEyMTMyNzV9.WeYMHBb-Z-2by7FMMnVHj1f76azfGPGV-fiKZZ-A4Y8;Path=/;Max-Age=21600;HttpOnly;Expires=23/10/25, 3:54 pm;SameSite=Lax
2025-10-23 15:25:04 [main] INFO  Log:33 - Current cookies being sent: auth_token=eyJhbGciOiJIUzI1NiIsInR5cCI6IkpXVCJ9.eyJzaWQiOiIyMGVhNTAyNGM4MjA0OTdmYmY0ZjRlYjBjOGM4MTk0MSIsImF0ayI6IjE0ODQ2YjIxMWNjZjQ4N2Y5ZWU0NGI4MTI1MTYwYmY4IiwidWlkIjoiMjk2Yjg3MjQtODM5Zi00MjY3LWIyYTQtNGYzYTg0ZWQ5MDFjIiwiZXhwIjoxNzYxMjM0ODc1LCJpYXQiOjE3NjEyMTMyNzV9.WeYMHBb-Z-2by7FMMnVHj1f76azfGPGV-fiKZZ-A4Y8;Path=/;Max-Age=21600;HttpOnly;Expires=23/10/25, 3:54 pm;SameSite=Lax
2025-10-23 15:25:04 [main] INFO  Log:33 - Cookies:auth_token=eyJhbGciOiJIUzI1NiIsInR5cCI6IkpXVCJ9.eyJzaWQiOiIyMGVhNTAyNGM4MjA0OTdmYmY0ZjRlYjBjOGM4MTk0MSIsImF0ayI6IjE0ODQ2YjIxMWNjZjQ4N2Y5ZWU0NGI4MTI1MTYwYmY4IiwidWlkIjoiMjk2Yjg3MjQtODM5Zi00MjY3LWIyYTQtNGYzYTg0ZWQ5MDFjIiwiZXhwIjoxNzYxMjM0ODc1LCJpYXQiOjE3NjEyMTMyNzV9.WeYMHBb-Z-2by7FMMnVHj1f76azfGPGV-fiKZZ-A4Y8;Path=/;Max-Age=21600;HttpOnly;Expires=23/10/25, 3:54 pm;SameSite=Lax
2025-10-23 15:25:04 [main] INFO  Log:33 - Current cookies being sent: auth_token=eyJhbGciOiJIUzI1NiIsInR5cCI6IkpXVCJ9.eyJzaWQiOiIyMGVhNTAyNGM4MjA0OTdmYmY0ZjRlYjBjOGM4MTk0MSIsImF0ayI6IjE0ODQ2YjIxMWNjZjQ4N2Y5ZWU0NGI4MTI1MTYwYmY4IiwidWlkIjoiMjk2Yjg3MjQtODM5Zi00MjY3LWIyYTQtNGYzYTg0ZWQ5MDFjIiwiZXhwIjoxNzYxMjM0ODc1LCJpYXQiOjE3NjEyMTMyNzV9.WeYMHBb-Z-2by7FMMnVHj1f76azfGPGV-fiKZZ-A4Y8;Path=/;Max-Age=21600;HttpOnly;Expires=23/10/25, 3:54 pm;SameSite=Lax
2025-10-23 15:25:05 [main] INFO  Log:33 - Current cookies being sent: auth_token=eyJhbGciOiJIUzI1NiIsInR5cCI6IkpXVCJ9.eyJzaWQiOiIyMGVhNTAyNGM4MjA0OTdmYmY0ZjRlYjBjOGM4MTk0MSIsImF0ayI6IjE0ODQ2YjIxMWNjZjQ4N2Y5ZWU0NGI4MTI1MTYwYmY4IiwidWlkIjoiMjk2Yjg3MjQtODM5Zi00MjY3LWIyYTQtNGYzYTg0ZWQ5MDFjIiwiZXhwIjoxNzYxMjM0ODc1LCJpYXQiOjE3NjEyMTMyNzV9.WeYMHBb-Z-2by7FMMnVHj1f76azfGPGV-fiKZZ-A4Y8;Path=/;Max-Age=21600;HttpOnly;Expires=23/10/25, 3:54 pm;SameSite=Lax
2025-10-23 15:25:06 [main] INFO  Log:33 - Current cookies being sent: auth_token=eyJhbGciOiJIUzI1NiIsInR5cCI6IkpXVCJ9.eyJzaWQiOiIyMGVhNTAyNGM4MjA0OTdmYmY0ZjRlYjBjOGM4MTk0MSIsImF0ayI6IjE0ODQ2YjIxMWNjZjQ4N2Y5ZWU0NGI4MTI1MTYwYmY4IiwidWlkIjoiMjk2Yjg3MjQtODM5Zi00MjY3LWIyYTQtNGYzYTg0ZWQ5MDFjIiwiZXhwIjoxNzYxMjM0ODc1LCJpYXQiOjE3NjEyMTMyNzV9.WeYMHBb-Z-2by7FMMnVHj1f76azfGPGV-fiKZZ-A4Y8;Path=/;Max-Age=21600;HttpOnly;Expires=23/10/25, 3:54 pm;SameSite=Lax
2025-10-23 15:25:06 [main] INFO  Log:33 - Current cookies being sent: auth_token=eyJhbGciOiJIUzI1NiIsInR5cCI6IkpXVCJ9.eyJzaWQiOiIyMGVhNTAyNGM4MjA0OTdmYmY0ZjRlYjBjOGM4MTk0MSIsImF0ayI6IjE0ODQ2YjIxMWNjZjQ4N2Y5ZWU0NGI4MTI1MTYwYmY4IiwidWlkIjoiMjk2Yjg3MjQtODM5Zi00MjY3LWIyYTQtNGYzYTg0ZWQ5MDFjIiwiZXhwIjoxNzYxMjM0ODc1LCJpYXQiOjE3NjEyMTMyNzV9.WeYMHBb-Z-2by7FMMnVHj1f76azfGPGV-fiKZZ-A4Y8;Path=/;Max-Age=21600;HttpOnly;Expires=23/10/25, 3:54 pm;SameSite=Lax
2025-10-23 15:25:06 [main] INFO  Log:33 - Current cookies being sent: auth_token=eyJhbGciOiJIUzI1NiIsInR5cCI6IkpXVCJ9.eyJzaWQiOiIyMGVhNTAyNGM4MjA0OTdmYmY0ZjRlYjBjOGM4MTk0MSIsImF0ayI6IjE0ODQ2YjIxMWNjZjQ4N2Y5ZWU0NGI4MTI1MTYwYmY4IiwidWlkIjoiMjk2Yjg3MjQtODM5Zi00MjY3LWIyYTQtNGYzYTg0ZWQ5MDFjIiwiZXhwIjoxNzYxMjM0ODc1LCJpYXQiOjE3NjEyMTMyNzV9.WeYMHBb-Z-2by7FMMnVHj1f76azfGPGV-fiKZZ-A4Y8;Path=/;Max-Age=21600;HttpOnly;Expires=23/10/25, 3:54 pm;SameSite=Lax
2025-10-23 15:25:07 [main] INFO  Log:33 - Current cookies being sent: auth_token=eyJhbGciOiJIUzI1NiIsInR5cCI6IkpXVCJ9.eyJzaWQiOiIyMGVhNTAyNGM4MjA0OTdmYmY0ZjRlYjBjOGM4MTk0MSIsImF0ayI6IjE0ODQ2YjIxMWNjZjQ4N2Y5ZWU0NGI4MTI1MTYwYmY4IiwidWlkIjoiMjk2Yjg3MjQtODM5Zi00MjY3LWIyYTQtNGYzYTg0ZWQ5MDFjIiwiZXhwIjoxNzYxMjM0ODc1LCJpYXQiOjE3NjEyMTMyNzV9.WeYMHBb-Z-2by7FMMnVHj1f76azfGPGV-fiKZZ-A4Y8;Path=/;Max-Age=21600;HttpOnly;Expires=23/10/25, 3:54 pm;SameSite=Lax
2025-10-23 15:25:07 [main] INFO  Log:33 - Current cookies being sent: auth_token=eyJhbGciOiJIUzI1NiIsInR5cCI6IkpXVCJ9.eyJzaWQiOiIyMGVhNTAyNGM4MjA0OTdmYmY0ZjRlYjBjOGM4MTk0MSIsImF0ayI6IjE0ODQ2YjIxMWNjZjQ4N2Y5ZWU0NGI4MTI1MTYwYmY4IiwidWlkIjoiMjk2Yjg3MjQtODM5Zi00MjY3LWIyYTQtNGYzYTg0ZWQ5MDFjIiwiZXhwIjoxNzYxMjM0ODc1LCJpYXQiOjE3NjEyMTMyNzV9.WeYMHBb-Z-2by7FMMnVHj1f76azfGPGV-fiKZZ-A4Y8;Path=/;Max-Age=21600;HttpOnly;Expires=23/10/25, 3:54 pm;SameSite=Lax
2025-10-23 15:25:07 [main] INFO  Log:33 - Current cookies being sent: auth_token=eyJhbGciOiJIUzI1NiIsInR5cCI6IkpXVCJ9.eyJzaWQiOiIyMGVhNTAyNGM4MjA0OTdmYmY0ZjRlYjBjOGM4MTk0MSIsImF0ayI6IjE0ODQ2YjIxMWNjZjQ4N2Y5ZWU0NGI4MTI1MTYwYmY4IiwidWlkIjoiMjk2Yjg3MjQtODM5Zi00MjY3LWIyYTQtNGYzYTg0ZWQ5MDFjIiwiZXhwIjoxNzYxMjM0ODc1LCJpYXQiOjE3NjEyMTMyNzV9.WeYMHBb-Z-2by7FMMnVHj1f76azfGPGV-fiKZZ-A4Y8;Path=/;Max-Age=21600;HttpOnly;Expires=23/10/25, 3:54 pm;SameSite=Lax
2025-10-23 15:25:08 [main] INFO  Log:33 - Current cookies being sent: auth_token=eyJhbGciOiJIUzI1NiIsInR5cCI6IkpXVCJ9.eyJzaWQiOiIyMGVhNTAyNGM4MjA0OTdmYmY0ZjRlYjBjOGM4MTk0MSIsImF0ayI6IjE0ODQ2YjIxMWNjZjQ4N2Y5ZWU0NGI4MTI1MTYwYmY4IiwidWlkIjoiMjk2Yjg3MjQtODM5Zi00MjY3LWIyYTQtNGYzYTg0ZWQ5MDFjIiwiZXhwIjoxNzYxMjM0ODc1LCJpYXQiOjE3NjEyMTMyNzV9.WeYMHBb-Z-2by7FMMnVHj1f76azfGPGV-fiKZZ-A4Y8;Path=/;Max-Age=21600;HttpOnly;Expires=23/10/25, 3:54 pm;SameSite=Lax
2025-10-23 15:25:08 [main] INFO  Log:33 - Current cookies being sent: auth_token=eyJhbGciOiJIUzI1NiIsInR5cCI6IkpXVCJ9.eyJzaWQiOiIyMGVhNTAyNGM4MjA0OTdmYmY0ZjRlYjBjOGM4MTk0MSIsImF0ayI6IjE0ODQ2YjIxMWNjZjQ4N2Y5ZWU0NGI4MTI1MTYwYmY4IiwidWlkIjoiMjk2Yjg3MjQtODM5Zi00MjY3LWIyYTQtNGYzYTg0ZWQ5MDFjIiwiZXhwIjoxNzYxMjM0ODc1LCJpYXQiOjE3NjEyMTMyNzV9.WeYMHBb-Z-2by7FMMnVHj1f76azfGPGV-fiKZZ-A4Y8;Path=/;Max-Age=21600;HttpOnly;Expires=23/10/25, 3:54 pm;SameSite=Lax
2025-10-23 15:25:08 [main] INFO  Log:33 - Current cookies being sent: auth_token=eyJhbGciOiJIUzI1NiIsInR5cCI6IkpXVCJ9.eyJzaWQiOiIyMGVhNTAyNGM4MjA0OTdmYmY0ZjRlYjBjOGM4MTk0MSIsImF0ayI6IjE0ODQ2YjIxMWNjZjQ4N2Y5ZWU0NGI4MTI1MTYwYmY4IiwidWlkIjoiMjk2Yjg3MjQtODM5Zi00MjY3LWIyYTQtNGYzYTg0ZWQ5MDFjIiwiZXhwIjoxNzYxMjM0ODc1LCJpYXQiOjE3NjEyMTMyNzV9.WeYMHBb-Z-2by7FMMnVHj1f76azfGPGV-fiKZZ-A4Y8;Path=/;Max-Age=21600;HttpOnly;Expires=23/10/25, 3:54 pm;SameSite=Lax
2025-10-23 15:25:08 [main] INFO  Log:33 - Current cookies being sent: auth_token=eyJhbGciOiJIUzI1NiIsInR5cCI6IkpXVCJ9.eyJzaWQiOiIyMGVhNTAyNGM4MjA0OTdmYmY0ZjRlYjBjOGM4MTk0MSIsImF0ayI6IjE0ODQ2YjIxMWNjZjQ4N2Y5ZWU0NGI4MTI1MTYwYmY4IiwidWlkIjoiMjk2Yjg3MjQtODM5Zi00MjY3LWIyYTQtNGYzYTg0ZWQ5MDFjIiwiZXhwIjoxNzYxMjM0ODc1LCJpYXQiOjE3NjEyMTMyNzV9.WeYMHBb-Z-2by7FMMnVHj1f76azfGPGV-fiKZZ-A4Y8;Path=/;Max-Age=21600;HttpOnly;Expires=23/10/25, 3:54 pm;SameSite=Lax
2025-10-23 15:25:09 [main] INFO  Log:33 - Current cookies being sent: auth_token=eyJhbGciOiJIUzI1NiIsInR5cCI6IkpXVCJ9.eyJzaWQiOiIyMGVhNTAyNGM4MjA0OTdmYmY0ZjRlYjBjOGM4MTk0MSIsImF0ayI6IjE0ODQ2YjIxMWNjZjQ4N2Y5ZWU0NGI4MTI1MTYwYmY4IiwidWlkIjoiMjk2Yjg3MjQtODM5Zi00MjY3LWIyYTQtNGYzYTg0ZWQ5MDFjIiwiZXhwIjoxNzYxMjM0ODc1LCJpYXQiOjE3NjEyMTMyNzV9.WeYMHBb-Z-2by7FMMnVHj1f76azfGPGV-fiKZZ-A4Y8;Path=/;Max-Age=21600;HttpOnly;Expires=23/10/25, 3:54 pm;SameSite=Lax
2025-10-23 15:25:09 [main] INFO  Log:33 - Current cookies being sent: auth_token=eyJhbGciOiJIUzI1NiIsInR5cCI6IkpXVCJ9.eyJzaWQiOiIyMGVhNTAyNGM4MjA0OTdmYmY0ZjRlYjBjOGM4MTk0MSIsImF0ayI6IjE0ODQ2YjIxMWNjZjQ4N2Y5ZWU0NGI4MTI1MTYwYmY4IiwidWlkIjoiMjk2Yjg3MjQtODM5Zi00MjY3LWIyYTQtNGYzYTg0ZWQ5MDFjIiwiZXhwIjoxNzYxMjM0ODc1LCJpYXQiOjE3NjEyMTMyNzV9.WeYMHBb-Z-2by7FMMnVHj1f76azfGPGV-fiKZZ-A4Y8;Path=/;Max-Age=21600;HttpOnly;Expires=23/10/25, 3:54 pm;SameSite=Lax
2025-10-23 15:25:09 [main] INFO  Log:33 - Current cookies being sent: auth_token=eyJhbGciOiJIUzI1NiIsInR5cCI6IkpXVCJ9.eyJzaWQiOiIyMGVhNTAyNGM4MjA0OTdmYmY0ZjRlYjBjOGM4MTk0MSIsImF0ayI6IjE0ODQ2YjIxMWNjZjQ4N2Y5ZWU0NGI4MTI1MTYwYmY4IiwidWlkIjoiMjk2Yjg3MjQtODM5Zi00MjY3LWIyYTQtNGYzYTg0ZWQ5MDFjIiwiZXhwIjoxNzYxMjM0ODc1LCJpYXQiOjE3NjEyMTMyNzV9.WeYMHBb-Z-2by7FMMnVHj1f76azfGPGV-fiKZZ-A4Y8;Path=/;Max-Age=21600;HttpOnly;Expires=23/10/25, 3:54 pm;SameSite=Lax
2025-10-23 15:25:09 [main] INFO  Log:33 - Current cookies being sent: auth_token=eyJhbGciOiJIUzI1NiIsInR5cCI6IkpXVCJ9.eyJzaWQiOiIyMGVhNTAyNGM4MjA0OTdmYmY0ZjRlYjBjOGM4MTk0MSIsImF0ayI6IjE0ODQ2YjIxMWNjZjQ4N2Y5ZWU0NGI4MTI1MTYwYmY4IiwidWlkIjoiMjk2Yjg3MjQtODM5Zi00MjY3LWIyYTQtNGYzYTg0ZWQ5MDFjIiwiZXhwIjoxNzYxMjM0ODc1LCJpYXQiOjE3NjEyMTMyNzV9.WeYMHBb-Z-2by7FMMnVHj1f76azfGPGV-fiKZZ-A4Y8;Path=/;Max-Age=21600;HttpOnly;Expires=23/10/25, 3:54 pm;SameSite=Lax
2025-10-23 15:25:10 [main] INFO  Log:33 - Current cookies being sent: auth_token=eyJhbGciOiJIUzI1NiIsInR5cCI6IkpXVCJ9.eyJzaWQiOiIyMGVhNTAyNGM4MjA0OTdmYmY0ZjRlYjBjOGM4MTk0MSIsImF0ayI6IjE0ODQ2YjIxMWNjZjQ4N2Y5ZWU0NGI4MTI1MTYwYmY4IiwidWlkIjoiMjk2Yjg3MjQtODM5Zi00MjY3LWIyYTQtNGYzYTg0ZWQ5MDFjIiwiZXhwIjoxNzYxMjM0ODc1LCJpYXQiOjE3NjEyMTMyNzV9.WeYMHBb-Z-2by7FMMnVHj1f76azfGPGV-fiKZZ-A4Y8;Path=/;Max-Age=21600;HttpOnly;Expires=23/10/25, 3:54 pm;SameSite=Lax
2025-10-23 15:25:10 [main] INFO  Log:33 - Current cookies being sent: auth_token=eyJhbGciOiJIUzI1NiIsInR5cCI6IkpXVCJ9.eyJzaWQiOiIyMGVhNTAyNGM4MjA0OTdmYmY0ZjRlYjBjOGM4MTk0MSIsImF0ayI6IjE0ODQ2YjIxMWNjZjQ4N2Y5ZWU0NGI4MTI1MTYwYmY4IiwidWlkIjoiMjk2Yjg3MjQtODM5Zi00MjY3LWIyYTQtNGYzYTg0ZWQ5MDFjIiwiZXhwIjoxNzYxMjM0ODc1LCJpYXQiOjE3NjEyMTMyNzV9.WeYMHBb-Z-2by7FMMnVHj1f76azfGPGV-fiKZZ-A4Y8;Path=/;Max-Age=21600;HttpOnly;Expires=23/10/25, 3:54 pm;SameSite=Lax
2025-10-23 15:25:10 [main] INFO  Log:33 - Current cookies being sent: auth_token=eyJhbGciOiJIUzI1NiIsInR5cCI6IkpXVCJ9.eyJzaWQiOiIyMGVhNTAyNGM4MjA0OTdmYmY0ZjRlYjBjOGM4MTk0MSIsImF0ayI6IjE0ODQ2YjIxMWNjZjQ4N2Y5ZWU0NGI4MTI1MTYwYmY4IiwidWlkIjoiMjk2Yjg3MjQtODM5Zi00MjY3LWIyYTQtNGYzYTg0ZWQ5MDFjIiwiZXhwIjoxNzYxMjM0ODc1LCJpYXQiOjE3NjEyMTMyNzV9.WeYMHBb-Z-2by7FMMnVHj1f76azfGPGV-fiKZZ-A4Y8;Path=/;Max-Age=21600;HttpOnly;Expires=23/10/25, 3:54 pm;SameSite=Lax
2025-10-23 15:25:11 [main] INFO  Log:33 - Current cookies being sent: auth_token=eyJhbGciOiJIUzI1NiIsInR5cCI6IkpXVCJ9.eyJzaWQiOiIyMGVhNTAyNGM4MjA0OTdmYmY0ZjRlYjBjOGM4MTk0MSIsImF0ayI6IjE0ODQ2YjIxMWNjZjQ4N2Y5ZWU0NGI4MTI1MTYwYmY4IiwidWlkIjoiMjk2Yjg3MjQtODM5Zi00MjY3LWIyYTQtNGYzYTg0ZWQ5MDFjIiwiZXhwIjoxNzYxMjM0ODc1LCJpYXQiOjE3NjEyMTMyNzV9.WeYMHBb-Z-2by7FMMnVHj1f76azfGPGV-fiKZZ-A4Y8;Path=/;Max-Age=21600;HttpOnly;Expires=23/10/25, 3:54 pm;SameSite=Lax
2025-10-23 15:25:11 [main] INFO  Log:33 - Current cookies being sent: auth_token=eyJhbGciOiJIUzI1NiIsInR5cCI6IkpXVCJ9.eyJzaWQiOiIyMGVhNTAyNGM4MjA0OTdmYmY0ZjRlYjBjOGM4MTk0MSIsImF0ayI6IjE0ODQ2YjIxMWNjZjQ4N2Y5ZWU0NGI4MTI1MTYwYmY4IiwidWlkIjoiMjk2Yjg3MjQtODM5Zi00MjY3LWIyYTQtNGYzYTg0ZWQ5MDFjIiwiZXhwIjoxNzYxMjM0ODc1LCJpYXQiOjE3NjEyMTMyNzV9.WeYMHBb-Z-2by7FMMnVHj1f76azfGPGV-fiKZZ-A4Y8;Path=/;Max-Age=21600;HttpOnly;Expires=23/10/25, 3:54 pm;SameSite=Lax
2025-10-23 15:25:12 [main] INFO  Log:33 - Current cookies being sent: auth_token=eyJhbGciOiJIUzI1NiIsInR5cCI6IkpXVCJ9.eyJzaWQiOiIyMGVhNTAyNGM4MjA0OTdmYmY0ZjRlYjBjOGM4MTk0MSIsImF0ayI6IjE0ODQ2YjIxMWNjZjQ4N2Y5ZWU0NGI4MTI1MTYwYmY4IiwidWlkIjoiMjk2Yjg3MjQtODM5Zi00MjY3LWIyYTQtNGYzYTg0ZWQ5MDFjIiwiZXhwIjoxNzYxMjM0ODc1LCJpYXQiOjE3NjEyMTMyNzV9.WeYMHBb-Z-2by7FMMnVHj1f76azfGPGV-fiKZZ-A4Y8;Path=/;Max-Age=21600;HttpOnly;Expires=23/10/25, 3:54 pm;SameSite=Lax
2025-10-23 15:25:12 [main] INFO  Log:33 - Current cookies being sent: auth_token=eyJhbGciOiJIUzI1NiIsInR5cCI6IkpXVCJ9.eyJzaWQiOiIyMGVhNTAyNGM4MjA0OTdmYmY0ZjRlYjBjOGM4MTk0MSIsImF0ayI6IjE0ODQ2YjIxMWNjZjQ4N2Y5ZWU0NGI4MTI1MTYwYmY4IiwidWlkIjoiMjk2Yjg3MjQtODM5Zi00MjY3LWIyYTQtNGYzYTg0ZWQ5MDFjIiwiZXhwIjoxNzYxMjM0ODc1LCJpYXQiOjE3NjEyMTMyNzV9.WeYMHBb-Z-2by7FMMnVHj1f76azfGPGV-fiKZZ-A4Y8;Path=/;Max-Age=21600;HttpOnly;Expires=23/10/25, 3:54 pm;SameSite=Lax
2025-10-23 15:25:12 [main] INFO  Log:33 - Current cookies being sent: auth_token=eyJhbGciOiJIUzI1NiIsInR5cCI6IkpXVCJ9.eyJzaWQiOiIyMGVhNTAyNGM4MjA0OTdmYmY0ZjRlYjBjOGM4MTk0MSIsImF0ayI6IjE0ODQ2YjIxMWNjZjQ4N2Y5ZWU0NGI4MTI1MTYwYmY4IiwidWlkIjoiMjk2Yjg3MjQtODM5Zi00MjY3LWIyYTQtNGYzYTg0ZWQ5MDFjIiwiZXhwIjoxNzYxMjM0ODc1LCJpYXQiOjE3NjEyMTMyNzV9.WeYMHBb-Z-2by7FMMnVHj1f76azfGPGV-fiKZZ-A4Y8;Path=/;Max-Age=21600;HttpOnly;Expires=23/10/25, 3:54 pm;SameSite=Lax
2025-10-23 15:25:13 [main] INFO  Log:33 - Current cookies being sent: auth_token=eyJhbGciOiJIUzI1NiIsInR5cCI6IkpXVCJ9.eyJzaWQiOiIyMGVhNTAyNGM4MjA0OTdmYmY0ZjRlYjBjOGM4MTk0MSIsImF0ayI6IjE0ODQ2YjIxMWNjZjQ4N2Y5ZWU0NGI4MTI1MTYwYmY4IiwidWlkIjoiMjk2Yjg3MjQtODM5Zi00MjY3LWIyYTQtNGYzYTg0ZWQ5MDFjIiwiZXhwIjoxNzYxMjM0ODc1LCJpYXQiOjE3NjEyMTMyNzV9.WeYMHBb-Z-2by7FMMnVHj1f76azfGPGV-fiKZZ-A4Y8;Path=/;Max-Age=21600;HttpOnly;Expires=23/10/25, 3:54 pm;SameSite=Lax
2025-10-23 15:25:13 [main] INFO  Log:33 - Current cookies being sent: auth_token=eyJhbGciOiJIUzI1NiIsInR5cCI6IkpXVCJ9.eyJzaWQiOiIyMGVhNTAyNGM4MjA0OTdmYmY0ZjRlYjBjOGM4MTk0MSIsImF0ayI6IjE0ODQ2YjIxMWNjZjQ4N2Y5ZWU0NGI4MTI1MTYwYmY4IiwidWlkIjoiMjk2Yjg3MjQtODM5Zi00MjY3LWIyYTQtNGYzYTg0ZWQ5MDFjIiwiZXhwIjoxNzYxMjM0ODc1LCJpYXQiOjE3NjEyMTMyNzV9.WeYMHBb-Z-2by7FMMnVHj1f76azfGPGV-fiKZZ-A4Y8;Path=/;Max-Age=21600;HttpOnly;Expires=23/10/25, 3:54 pm;SameSite=Lax
2025-10-23 15:25:13 [main] INFO  Log:33 - Current cookies being sent: auth_token=eyJhbGciOiJIUzI1NiIsInR5cCI6IkpXVCJ9.eyJzaWQiOiIyMGVhNTAyNGM4MjA0OTdmYmY0ZjRlYjBjOGM4MTk0MSIsImF0ayI6IjE0ODQ2YjIxMWNjZjQ4N2Y5ZWU0NGI4MTI1MTYwYmY4IiwidWlkIjoiMjk2Yjg3MjQtODM5Zi00MjY3LWIyYTQtNGYzYTg0ZWQ5MDFjIiwiZXhwIjoxNzYxMjM0ODc1LCJpYXQiOjE3NjEyMTMyNzV9.WeYMHBb-Z-2by7FMMnVHj1f76azfGPGV-fiKZZ-A4Y8;Path=/;Max-Age=21600;HttpOnly;Expires=23/10/25, 3:54 pm;SameSite=Lax
2025-10-23 15:25:14 [main] INFO  Log:33 - Current cookies being sent: auth_token=eyJhbGciOiJIUzI1NiIsInR5cCI6IkpXVCJ9.eyJzaWQiOiIyMGVhNTAyNGM4MjA0OTdmYmY0ZjRlYjBjOGM4MTk0MSIsImF0ayI6IjE0ODQ2YjIxMWNjZjQ4N2Y5ZWU0NGI4MTI1MTYwYmY4IiwidWlkIjoiMjk2Yjg3MjQtODM5Zi00MjY3LWIyYTQtNGYzYTg0ZWQ5MDFjIiwiZXhwIjoxNzYxMjM0ODc1LCJpYXQiOjE3NjEyMTMyNzV9.WeYMHBb-Z-2by7FMMnVHj1f76azfGPGV-fiKZZ-A4Y8;Path=/;Max-Age=21600;HttpOnly;Expires=23/10/25, 3:54 pm;SameSite=Lax
2025-10-23 15:25:14 [main] INFO  Log:33 - Cookies:auth_token=eyJhbGciOiJIUzI1NiIsInR5cCI6IkpXVCJ9.eyJzaWQiOiIyMGVhNTAyNGM4MjA0OTdmYmY0ZjRlYjBjOGM4MTk0MSIsImF0ayI6IjE0ODQ2YjIxMWNjZjQ4N2Y5ZWU0NGI4MTI1MTYwYmY4IiwidWlkIjoiMjk2Yjg3MjQtODM5Zi00MjY3LWIyYTQtNGYzYTg0ZWQ5MDFjIiwiZXhwIjoxNzYxMjM0ODc1LCJpYXQiOjE3NjEyMTMyNzV9.WeYMHBb-Z-2by7FMMnVHj1f76azfGPGV-fiKZZ-A4Y8;Path=/;Max-Age=21600;HttpOnly;Expires=23/10/25, 3:54 pm;SameSite=Lax
2025-10-23 16:34:14 [main] INFO  Log:33 - Current cookies being sent: 
2025-10-23 16:34:16 [main] INFO  Log:33 - Current cookies being sent: 
2025-10-23 16:34:17 [main] INFO  Log:33 - Current cookies being sent: 
2025-10-23 16:34:18 [main] INFO  Log:33 - Current cookies being sent: 
2025-10-23 16:34:18 [main] INFO  Log:33 - Current cookies being sent: 
2025-10-23 16:34:18 [main] INFO  Log:33 - Current cookies being sent: 
2025-10-23 16:34:19 [main] INFO  Log:33 - Current cookies being sent: 
2025-10-23 16:34:19 [main] INFO  Log:33 - Current cookies being sent: 
2025-10-23 16:34:19 [main] INFO  Log:33 - Current cookies being sent: 
2025-10-23 16:34:19 [main] INFO  Log:33 - Current cookies being sent: 
2025-10-23 16:34:20 [main] INFO  Log:33 - Current cookies being sent: 
2025-10-23 16:34:24 [main] INFO  Log:33 - Current cookies being sent: 
2025-10-23 16:34:28 [main] INFO  Log:33 - Current cookies being sent: 
2025-10-23 16:34:35 [main] INFO  Log:33 - Current cookies being sent: 
2025-10-23 16:34:39 [main] INFO  Log:33 - Current cookies being sent: 
2025-10-23 16:34:39 [main] INFO  Log:33 - Current cookies being sent: 
2025-10-23 16:34:40 [main] INFO  Log:33 - Current cookies being sent: 
2025-10-23 16:34:41 [main] INFO  Log:33 - Current cookies being sent: 
2025-10-23 16:34:42 [main] INFO  Log:33 - Current cookies being sent: 
2025-10-23 16:34:43 [main] INFO  Log:33 - Current cookies being sent: 
2025-10-23 16:34:44 [main] INFO  Log:33 - Current cookies being sent: 
2025-10-23 16:34:44 [main] INFO  Log:33 - Current cookies being sent: 
2025-10-23 16:34:45 [main] INFO  Log:33 - Current cookies being sent: 
2025-10-23 16:34:46 [main] INFO  Log:33 - Current cookies being sent: 
2025-10-23 16:34:51 [main] INFO  Log:33 - mail:azcqdbzt@mybizz.com
2025-10-23 16:34:51 [main] INFO  Log:33 - password:04yt8#01nHXP
2025-10-23 16:34:51 [main] INFO  Log:33 - Current cookies being sent: 
2025-10-23 16:34:51 [main] INFO  Log:33 - Current cookies being sent: 
2025-10-23 16:34:56 [main] INFO  Log:33 - Current cookies being sent: 
2025-10-23 16:34:57 [main] INFO  Log:33 - Current cookies being sent: 
2025-10-23 16:34:58 [main] INFO  Log:33 - Current cookies being sent: 
2025-10-23 16:34:58 [main] INFO  Log:33 - Current cookies being sent: 
2025-10-23 16:34:58 [main] INFO  Log:33 - Current cookies being sent: 
2025-10-23 16:34:58 [main] INFO  Log:33 - Current cookies being sent: 
2025-10-23 16:34:59 [main] INFO  Log:33 - Current cookies being sent: 
2025-10-23 16:34:59 [main] INFO  Log:33 - Current cookies being sent: 
2025-10-23 16:34:59 [main] INFO  Log:33 - Current cookies being sent: 
2025-10-23 16:34:59 [main] INFO  Log:33 - Current cookies being sent: 
2025-10-23 16:35:00 [main] INFO  Log:33 - Current cookies being sent: 
2025-10-23 16:35:00 [main] INFO  Log:33 - Current cookies being sent: 
2025-10-23 16:35:00 [main] INFO  Log:33 - Current cookies being sent: 
2025-10-23 16:35:00 [main] INFO  Log:33 - Current cookies being sent: 
2025-10-23 16:35:00 [main] INFO  Log:33 - Current cookies being sent: 
2025-10-23 16:35:01 [main] INFO  Log:33 - Current cookies being sent: 
2025-10-23 16:35:01 [main] INFO  Log:33 - Current cookies being sent: 
2025-10-23 16:35:01 [main] INFO  Log:33 - Current cookies being sent: 
2025-10-23 16:35:01 [main] INFO  Log:33 - Current cookies being sent: 
2025-10-23 16:35:01 [main] INFO  Log:33 - Current cookies being sent: 
2025-10-23 16:35:02 [main] INFO  Log:33 - Current cookies being sent: 
2025-10-23 16:35:03 [main] INFO  Log:33 - Current cookies being sent: 
2025-10-23 16:35:04 [main] INFO  Log:33 - authorization_token: null
2025-10-23 16:35:04 [main] INFO  Log:33 - Current cookies being sent: 
2025-10-23 16:35:05 [main] INFO  Log:33 - Current cookies being sent: 
2025-10-23 16:35:10 [main] INFO  Log:33 - authorization_token: eyJhbGciOiJIUzI1NiIsInR5cCI6IkpXVCJ9.eyJzaWQiOiI5YzgyNDNjMmI3ZWQ0NmE5ODQ5YTJkMzg0NDQwYjFkOSIsImF0ayI6IjZkODA3OTY1ZjMzYjRkZmM4NTRhYTgzYWE3NzljM2U5IiwiZXhwIjoxNzYxMjE4MTA2LCJpYXQiOjE3NjEyMTc1MDZ9.7znzTh3dUT6wlzaLFDI6WtzABWCu8FN-8ZcyAiWu0ds
2025-10-23 16:35:10 [main] INFO  Log:33 - Current cookies being sent: 
2025-10-23 16:35:10 [main] INFO  Log:33 - stored cookie: auth_token=eyJhbGciOiJIUzI1NiIsInR5cCI6IkpXVCJ9.eyJzaWQiOiI5YzgyNDNjMmI3ZWQ0NmE5ODQ5YTJkMzg0NDQwYjFkOSIsImF0ayI6IjU2YmNjY2Q2Y2UzNDRjNTZhYTQyMjY1MWU5MjdiNDU5IiwidWlkIjoiMjk2Yjg3MjQtODM5Zi00MjY3LWIyYTQtNGYzYTg0ZWQ5MDFjIiwiZXhwIjoxNzYxMjM5MTEwLCJpYXQiOjE3NjEyMTc1MTB9.xElaBaXntwAb2rQcrwkbENB1CQCG1wZoTimgRmNzsRk;Path=/;Max-Age=21600;HttpOnly;Expires=23/10/25, 5:05 pm;SameSite=Lax
2025-10-23 16:35:10 [main] INFO  Log:33 - Current cookies being sent: auth_token=eyJhbGciOiJIUzI1NiIsInR5cCI6IkpXVCJ9.eyJzaWQiOiI5YzgyNDNjMmI3ZWQ0NmE5ODQ5YTJkMzg0NDQwYjFkOSIsImF0ayI6IjU2YmNjY2Q2Y2UzNDRjNTZhYTQyMjY1MWU5MjdiNDU5IiwidWlkIjoiMjk2Yjg3MjQtODM5Zi00MjY3LWIyYTQtNGYzYTg0ZWQ5MDFjIiwiZXhwIjoxNzYxMjM5MTEwLCJpYXQiOjE3NjEyMTc1MTB9.xElaBaXntwAb2rQcrwkbENB1CQCG1wZoTimgRmNzsRk;Path=/;Max-Age=21600;HttpOnly;Expires=23/10/25, 5:05 pm;SameSite=Lax
2025-10-23 16:35:11 [main] INFO  Log:33 - Current cookies being sent: auth_token=eyJhbGciOiJIUzI1NiIsInR5cCI6IkpXVCJ9.eyJzaWQiOiI5YzgyNDNjMmI3ZWQ0NmE5ODQ5YTJkMzg0NDQwYjFkOSIsImF0ayI6IjU2YmNjY2Q2Y2UzNDRjNTZhYTQyMjY1MWU5MjdiNDU5IiwidWlkIjoiMjk2Yjg3MjQtODM5Zi00MjY3LWIyYTQtNGYzYTg0ZWQ5MDFjIiwiZXhwIjoxNzYxMjM5MTEwLCJpYXQiOjE3NjEyMTc1MTB9.xElaBaXntwAb2rQcrwkbENB1CQCG1wZoTimgRmNzsRk;Path=/;Max-Age=21600;HttpOnly;Expires=23/10/25, 5:05 pm;SameSite=Lax
2025-10-23 16:35:11 [main] INFO  Log:33 - Current cookies being sent: auth_token=eyJhbGciOiJIUzI1NiIsInR5cCI6IkpXVCJ9.eyJzaWQiOiI5YzgyNDNjMmI3ZWQ0NmE5ODQ5YTJkMzg0NDQwYjFkOSIsImF0ayI6IjU2YmNjY2Q2Y2UzNDRjNTZhYTQyMjY1MWU5MjdiNDU5IiwidWlkIjoiMjk2Yjg3MjQtODM5Zi00MjY3LWIyYTQtNGYzYTg0ZWQ5MDFjIiwiZXhwIjoxNzYxMjM5MTEwLCJpYXQiOjE3NjEyMTc1MTB9.xElaBaXntwAb2rQcrwkbENB1CQCG1wZoTimgRmNzsRk;Path=/;Max-Age=21600;HttpOnly;Expires=23/10/25, 5:05 pm;SameSite=Lax
2025-10-23 16:35:12 [main] INFO  Log:33 - Current cookies being sent: auth_token=eyJhbGciOiJIUzI1NiIsInR5cCI6IkpXVCJ9.eyJzaWQiOiI5YzgyNDNjMmI3ZWQ0NmE5ODQ5YTJkMzg0NDQwYjFkOSIsImF0ayI6IjU2YmNjY2Q2Y2UzNDRjNTZhYTQyMjY1MWU5MjdiNDU5IiwidWlkIjoiMjk2Yjg3MjQtODM5Zi00MjY3LWIyYTQtNGYzYTg0ZWQ5MDFjIiwiZXhwIjoxNzYxMjM5MTEwLCJpYXQiOjE3NjEyMTc1MTB9.xElaBaXntwAb2rQcrwkbENB1CQCG1wZoTimgRmNzsRk;Path=/;Max-Age=21600;HttpOnly;Expires=23/10/25, 5:05 pm;SameSite=Lax
2025-10-23 16:35:12 [main] INFO  Log:33 - Current cookies being sent: auth_token=eyJhbGciOiJIUzI1NiIsInR5cCI6IkpXVCJ9.eyJzaWQiOiI5YzgyNDNjMmI3ZWQ0NmE5ODQ5YTJkMzg0NDQwYjFkOSIsImF0ayI6IjU2YmNjY2Q2Y2UzNDRjNTZhYTQyMjY1MWU5MjdiNDU5IiwidWlkIjoiMjk2Yjg3MjQtODM5Zi00MjY3LWIyYTQtNGYzYTg0ZWQ5MDFjIiwiZXhwIjoxNzYxMjM5MTEwLCJpYXQiOjE3NjEyMTc1MTB9.xElaBaXntwAb2rQcrwkbENB1CQCG1wZoTimgRmNzsRk;Path=/;Max-Age=21600;HttpOnly;Expires=23/10/25, 5:05 pm;SameSite=Lax
2025-10-23 16:35:13 [main] INFO  Log:33 - Current cookies being sent: auth_token=eyJhbGciOiJIUzI1NiIsInR5cCI6IkpXVCJ9.eyJzaWQiOiI5YzgyNDNjMmI3ZWQ0NmE5ODQ5YTJkMzg0NDQwYjFkOSIsImF0ayI6IjU2YmNjY2Q2Y2UzNDRjNTZhYTQyMjY1MWU5MjdiNDU5IiwidWlkIjoiMjk2Yjg3MjQtODM5Zi00MjY3LWIyYTQtNGYzYTg0ZWQ5MDFjIiwiZXhwIjoxNzYxMjM5MTEwLCJpYXQiOjE3NjEyMTc1MTB9.xElaBaXntwAb2rQcrwkbENB1CQCG1wZoTimgRmNzsRk;Path=/;Max-Age=21600;HttpOnly;Expires=23/10/25, 5:05 pm;SameSite=Lax
2025-10-23 16:35:13 [main] INFO  Log:33 - Current cookies being sent: auth_token=eyJhbGciOiJIUzI1NiIsInR5cCI6IkpXVCJ9.eyJzaWQiOiI5YzgyNDNjMmI3ZWQ0NmE5ODQ5YTJkMzg0NDQwYjFkOSIsImF0ayI6IjU2YmNjY2Q2Y2UzNDRjNTZhYTQyMjY1MWU5MjdiNDU5IiwidWlkIjoiMjk2Yjg3MjQtODM5Zi00MjY3LWIyYTQtNGYzYTg0ZWQ5MDFjIiwiZXhwIjoxNzYxMjM5MTEwLCJpYXQiOjE3NjEyMTc1MTB9.xElaBaXntwAb2rQcrwkbENB1CQCG1wZoTimgRmNzsRk;Path=/;Max-Age=21600;HttpOnly;Expires=23/10/25, 5:05 pm;SameSite=Lax
2025-10-23 16:35:14 [main] INFO  Log:33 - Current cookies being sent: auth_token=eyJhbGciOiJIUzI1NiIsInR5cCI6IkpXVCJ9.eyJzaWQiOiI5YzgyNDNjMmI3ZWQ0NmE5ODQ5YTJkMzg0NDQwYjFkOSIsImF0ayI6IjU2YmNjY2Q2Y2UzNDRjNTZhYTQyMjY1MWU5MjdiNDU5IiwidWlkIjoiMjk2Yjg3MjQtODM5Zi00MjY3LWIyYTQtNGYzYTg0ZWQ5MDFjIiwiZXhwIjoxNzYxMjM5MTEwLCJpYXQiOjE3NjEyMTc1MTB9.xElaBaXntwAb2rQcrwkbENB1CQCG1wZoTimgRmNzsRk;Path=/;Max-Age=21600;HttpOnly;Expires=23/10/25, 5:05 pm;SameSite=Lax
2025-10-23 16:35:14 [main] INFO  Log:33 - Current cookies being sent: auth_token=eyJhbGciOiJIUzI1NiIsInR5cCI6IkpXVCJ9.eyJzaWQiOiI5YzgyNDNjMmI3ZWQ0NmE5ODQ5YTJkMzg0NDQwYjFkOSIsImF0ayI6IjU2YmNjY2Q2Y2UzNDRjNTZhYTQyMjY1MWU5MjdiNDU5IiwidWlkIjoiMjk2Yjg3MjQtODM5Zi00MjY3LWIyYTQtNGYzYTg0ZWQ5MDFjIiwiZXhwIjoxNzYxMjM5MTEwLCJpYXQiOjE3NjEyMTc1MTB9.xElaBaXntwAb2rQcrwkbENB1CQCG1wZoTimgRmNzsRk;Path=/;Max-Age=21600;HttpOnly;Expires=23/10/25, 5:05 pm;SameSite=Lax
2025-10-23 16:35:14 [main] INFO  Log:33 - Current cookies being sent: auth_token=eyJhbGciOiJIUzI1NiIsInR5cCI6IkpXVCJ9.eyJzaWQiOiI5YzgyNDNjMmI3ZWQ0NmE5ODQ5YTJkMzg0NDQwYjFkOSIsImF0ayI6IjU2YmNjY2Q2Y2UzNDRjNTZhYTQyMjY1MWU5MjdiNDU5IiwidWlkIjoiMjk2Yjg3MjQtODM5Zi00MjY3LWIyYTQtNGYzYTg0ZWQ5MDFjIiwiZXhwIjoxNzYxMjM5MTEwLCJpYXQiOjE3NjEyMTc1MTB9.xElaBaXntwAb2rQcrwkbENB1CQCG1wZoTimgRmNzsRk;Path=/;Max-Age=21600;HttpOnly;Expires=23/10/25, 5:05 pm;SameSite=Lax
2025-10-23 16:35:15 [main] INFO  Log:33 - Current cookies being sent: auth_token=eyJhbGciOiJIUzI1NiIsInR5cCI6IkpXVCJ9.eyJzaWQiOiI5YzgyNDNjMmI3ZWQ0NmE5ODQ5YTJkMzg0NDQwYjFkOSIsImF0ayI6IjU2YmNjY2Q2Y2UzNDRjNTZhYTQyMjY1MWU5MjdiNDU5IiwidWlkIjoiMjk2Yjg3MjQtODM5Zi00MjY3LWIyYTQtNGYzYTg0ZWQ5MDFjIiwiZXhwIjoxNzYxMjM5MTEwLCJpYXQiOjE3NjEyMTc1MTB9.xElaBaXntwAb2rQcrwkbENB1CQCG1wZoTimgRmNzsRk;Path=/;Max-Age=21600;HttpOnly;Expires=23/10/25, 5:05 pm;SameSite=Lax
2025-10-23 16:35:15 [main] INFO  Log:33 - Current cookies being sent: auth_token=eyJhbGciOiJIUzI1NiIsInR5cCI6IkpXVCJ9.eyJzaWQiOiI5YzgyNDNjMmI3ZWQ0NmE5ODQ5YTJkMzg0NDQwYjFkOSIsImF0ayI6IjU2YmNjY2Q2Y2UzNDRjNTZhYTQyMjY1MWU5MjdiNDU5IiwidWlkIjoiMjk2Yjg3MjQtODM5Zi00MjY3LWIyYTQtNGYzYTg0ZWQ5MDFjIiwiZXhwIjoxNzYxMjM5MTEwLCJpYXQiOjE3NjEyMTc1MTB9.xElaBaXntwAb2rQcrwkbENB1CQCG1wZoTimgRmNzsRk;Path=/;Max-Age=21600;HttpOnly;Expires=23/10/25, 5:05 pm;SameSite=Lax
2025-10-23 16:35:16 [main] INFO  Log:33 - Current cookies being sent: auth_token=eyJhbGciOiJIUzI1NiIsInR5cCI6IkpXVCJ9.eyJzaWQiOiI5YzgyNDNjMmI3ZWQ0NmE5ODQ5YTJkMzg0NDQwYjFkOSIsImF0ayI6IjU2YmNjY2Q2Y2UzNDRjNTZhYTQyMjY1MWU5MjdiNDU5IiwidWlkIjoiMjk2Yjg3MjQtODM5Zi00MjY3LWIyYTQtNGYzYTg0ZWQ5MDFjIiwiZXhwIjoxNzYxMjM5MTEwLCJpYXQiOjE3NjEyMTc1MTB9.xElaBaXntwAb2rQcrwkbENB1CQCG1wZoTimgRmNzsRk;Path=/;Max-Age=21600;HttpOnly;Expires=23/10/25, 5:05 pm;SameSite=Lax
2025-10-23 16:35:16 [main] INFO  Log:33 - Current cookies being sent: auth_token=eyJhbGciOiJIUzI1NiIsInR5cCI6IkpXVCJ9.eyJzaWQiOiI5YzgyNDNjMmI3ZWQ0NmE5ODQ5YTJkMzg0NDQwYjFkOSIsImF0ayI6IjU2YmNjY2Q2Y2UzNDRjNTZhYTQyMjY1MWU5MjdiNDU5IiwidWlkIjoiMjk2Yjg3MjQtODM5Zi00MjY3LWIyYTQtNGYzYTg0ZWQ5MDFjIiwiZXhwIjoxNzYxMjM5MTEwLCJpYXQiOjE3NjEyMTc1MTB9.xElaBaXntwAb2rQcrwkbENB1CQCG1wZoTimgRmNzsRk;Path=/;Max-Age=21600;HttpOnly;Expires=23/10/25, 5:05 pm;SameSite=Lax
2025-10-23 16:35:16 [main] INFO  Log:33 - Current cookies being sent: auth_token=eyJhbGciOiJIUzI1NiIsInR5cCI6IkpXVCJ9.eyJzaWQiOiI5YzgyNDNjMmI3ZWQ0NmE5ODQ5YTJkMzg0NDQwYjFkOSIsImF0ayI6IjU2YmNjY2Q2Y2UzNDRjNTZhYTQyMjY1MWU5MjdiNDU5IiwidWlkIjoiMjk2Yjg3MjQtODM5Zi00MjY3LWIyYTQtNGYzYTg0ZWQ5MDFjIiwiZXhwIjoxNzYxMjM5MTEwLCJpYXQiOjE3NjEyMTc1MTB9.xElaBaXntwAb2rQcrwkbENB1CQCG1wZoTimgRmNzsRk;Path=/;Max-Age=21600;HttpOnly;Expires=23/10/25, 5:05 pm;SameSite=Lax
2025-10-23 16:35:17 [main] INFO  Log:33 - Current cookies being sent: auth_token=eyJhbGciOiJIUzI1NiIsInR5cCI6IkpXVCJ9.eyJzaWQiOiI5YzgyNDNjMmI3ZWQ0NmE5ODQ5YTJkMzg0NDQwYjFkOSIsImF0ayI6IjU2YmNjY2Q2Y2UzNDRjNTZhYTQyMjY1MWU5MjdiNDU5IiwidWlkIjoiMjk2Yjg3MjQtODM5Zi00MjY3LWIyYTQtNGYzYTg0ZWQ5MDFjIiwiZXhwIjoxNzYxMjM5MTEwLCJpYXQiOjE3NjEyMTc1MTB9.xElaBaXntwAb2rQcrwkbENB1CQCG1wZoTimgRmNzsRk;Path=/;Max-Age=21600;HttpOnly;Expires=23/10/25, 5:05 pm;SameSite=Lax
2025-10-23 16:35:17 [main] INFO  Log:33 - Current cookies being sent: auth_token=eyJhbGciOiJIUzI1NiIsInR5cCI6IkpXVCJ9.eyJzaWQiOiI5YzgyNDNjMmI3ZWQ0NmE5ODQ5YTJkMzg0NDQwYjFkOSIsImF0ayI6IjU2YmNjY2Q2Y2UzNDRjNTZhYTQyMjY1MWU5MjdiNDU5IiwidWlkIjoiMjk2Yjg3MjQtODM5Zi00MjY3LWIyYTQtNGYzYTg0ZWQ5MDFjIiwiZXhwIjoxNzYxMjM5MTEwLCJpYXQiOjE3NjEyMTc1MTB9.xElaBaXntwAb2rQcrwkbENB1CQCG1wZoTimgRmNzsRk;Path=/;Max-Age=21600;HttpOnly;Expires=23/10/25, 5:05 pm;SameSite=Lax
2025-10-23 16:35:17 [main] INFO  Log:33 - Current cookies being sent: auth_token=eyJhbGciOiJIUzI1NiIsInR5cCI6IkpXVCJ9.eyJzaWQiOiI5YzgyNDNjMmI3ZWQ0NmE5ODQ5YTJkMzg0NDQwYjFkOSIsImF0ayI6IjU2YmNjY2Q2Y2UzNDRjNTZhYTQyMjY1MWU5MjdiNDU5IiwidWlkIjoiMjk2Yjg3MjQtODM5Zi00MjY3LWIyYTQtNGYzYTg0ZWQ5MDFjIiwiZXhwIjoxNzYxMjM5MTEwLCJpYXQiOjE3NjEyMTc1MTB9.xElaBaXntwAb2rQcrwkbENB1CQCG1wZoTimgRmNzsRk;Path=/;Max-Age=21600;HttpOnly;Expires=23/10/25, 5:05 pm;SameSite=Lax
2025-10-23 16:35:18 [main] INFO  Log:33 - Current cookies being sent: auth_token=eyJhbGciOiJIUzI1NiIsInR5cCI6IkpXVCJ9.eyJzaWQiOiI5YzgyNDNjMmI3ZWQ0NmE5ODQ5YTJkMzg0NDQwYjFkOSIsImF0ayI6IjU2YmNjY2Q2Y2UzNDRjNTZhYTQyMjY1MWU5MjdiNDU5IiwidWlkIjoiMjk2Yjg3MjQtODM5Zi00MjY3LWIyYTQtNGYzYTg0ZWQ5MDFjIiwiZXhwIjoxNzYxMjM5MTEwLCJpYXQiOjE3NjEyMTc1MTB9.xElaBaXntwAb2rQcrwkbENB1CQCG1wZoTimgRmNzsRk;Path=/;Max-Age=21600;HttpOnly;Expires=23/10/25, 5:05 pm;SameSite=Lax
2025-10-23 16:35:18 [main] INFO  Log:33 - Current cookies being sent: auth_token=eyJhbGciOiJIUzI1NiIsInR5cCI6IkpXVCJ9.eyJzaWQiOiI5YzgyNDNjMmI3ZWQ0NmE5ODQ5YTJkMzg0NDQwYjFkOSIsImF0ayI6IjU2YmNjY2Q2Y2UzNDRjNTZhYTQyMjY1MWU5MjdiNDU5IiwidWlkIjoiMjk2Yjg3MjQtODM5Zi00MjY3LWIyYTQtNGYzYTg0ZWQ5MDFjIiwiZXhwIjoxNzYxMjM5MTEwLCJpYXQiOjE3NjEyMTc1MTB9.xElaBaXntwAb2rQcrwkbENB1CQCG1wZoTimgRmNzsRk;Path=/;Max-Age=21600;HttpOnly;Expires=23/10/25, 5:05 pm;SameSite=Lax
2025-10-23 16:35:18 [main] INFO  Log:33 - Current cookies being sent: auth_token=eyJhbGciOiJIUzI1NiIsInR5cCI6IkpXVCJ9.eyJzaWQiOiI5YzgyNDNjMmI3ZWQ0NmE5ODQ5YTJkMzg0NDQwYjFkOSIsImF0ayI6IjU2YmNjY2Q2Y2UzNDRjNTZhYTQyMjY1MWU5MjdiNDU5IiwidWlkIjoiMjk2Yjg3MjQtODM5Zi00MjY3LWIyYTQtNGYzYTg0ZWQ5MDFjIiwiZXhwIjoxNzYxMjM5MTEwLCJpYXQiOjE3NjEyMTc1MTB9.xElaBaXntwAb2rQcrwkbENB1CQCG1wZoTimgRmNzsRk;Path=/;Max-Age=21600;HttpOnly;Expires=23/10/25, 5:05 pm;SameSite=Lax
2025-10-23 16:35:19 [main] INFO  Log:33 - Current cookies being sent: auth_token=eyJhbGciOiJIUzI1NiIsInR5cCI6IkpXVCJ9.eyJzaWQiOiI5YzgyNDNjMmI3ZWQ0NmE5ODQ5YTJkMzg0NDQwYjFkOSIsImF0ayI6IjU2YmNjY2Q2Y2UzNDRjNTZhYTQyMjY1MWU5MjdiNDU5IiwidWlkIjoiMjk2Yjg3MjQtODM5Zi00MjY3LWIyYTQtNGYzYTg0ZWQ5MDFjIiwiZXhwIjoxNzYxMjM5MTEwLCJpYXQiOjE3NjEyMTc1MTB9.xElaBaXntwAb2rQcrwkbENB1CQCG1wZoTimgRmNzsRk;Path=/;Max-Age=21600;HttpOnly;Expires=23/10/25, 5:05 pm;SameSite=Lax
2025-10-23 16:35:19 [main] INFO  Log:33 - Current cookies being sent: auth_token=eyJhbGciOiJIUzI1NiIsInR5cCI6IkpXVCJ9.eyJzaWQiOiI5YzgyNDNjMmI3ZWQ0NmE5ODQ5YTJkMzg0NDQwYjFkOSIsImF0ayI6IjU2YmNjY2Q2Y2UzNDRjNTZhYTQyMjY1MWU5MjdiNDU5IiwidWlkIjoiMjk2Yjg3MjQtODM5Zi00MjY3LWIyYTQtNGYzYTg0ZWQ5MDFjIiwiZXhwIjoxNzYxMjM5MTEwLCJpYXQiOjE3NjEyMTc1MTB9.xElaBaXntwAb2rQcrwkbENB1CQCG1wZoTimgRmNzsRk;Path=/;Max-Age=21600;HttpOnly;Expires=23/10/25, 5:05 pm;SameSite=Lax
2025-10-23 16:35:19 [main] INFO  Log:33 - Current cookies being sent: auth_token=eyJhbGciOiJIUzI1NiIsInR5cCI6IkpXVCJ9.eyJzaWQiOiI5YzgyNDNjMmI3ZWQ0NmE5ODQ5YTJkMzg0NDQwYjFkOSIsImF0ayI6IjU2YmNjY2Q2Y2UzNDRjNTZhYTQyMjY1MWU5MjdiNDU5IiwidWlkIjoiMjk2Yjg3MjQtODM5Zi00MjY3LWIyYTQtNGYzYTg0ZWQ5MDFjIiwiZXhwIjoxNzYxMjM5MTEwLCJpYXQiOjE3NjEyMTc1MTB9.xElaBaXntwAb2rQcrwkbENB1CQCG1wZoTimgRmNzsRk;Path=/;Max-Age=21600;HttpOnly;Expires=23/10/25, 5:05 pm;SameSite=Lax
2025-10-23 16:35:19 [main] INFO  Log:33 - Current cookies being sent: auth_token=eyJhbGciOiJIUzI1NiIsInR5cCI6IkpXVCJ9.eyJzaWQiOiI5YzgyNDNjMmI3ZWQ0NmE5ODQ5YTJkMzg0NDQwYjFkOSIsImF0ayI6IjU2YmNjY2Q2Y2UzNDRjNTZhYTQyMjY1MWU5MjdiNDU5IiwidWlkIjoiMjk2Yjg3MjQtODM5Zi00MjY3LWIyYTQtNGYzYTg0ZWQ5MDFjIiwiZXhwIjoxNzYxMjM5MTEwLCJpYXQiOjE3NjEyMTc1MTB9.xElaBaXntwAb2rQcrwkbENB1CQCG1wZoTimgRmNzsRk;Path=/;Max-Age=21600;HttpOnly;Expires=23/10/25, 5:05 pm;SameSite=Lax
2025-10-23 16:35:20 [main] INFO  Log:33 - Current cookies being sent: auth_token=eyJhbGciOiJIUzI1NiIsInR5cCI6IkpXVCJ9.eyJzaWQiOiI5YzgyNDNjMmI3ZWQ0NmE5ODQ5YTJkMzg0NDQwYjFkOSIsImF0ayI6IjU2YmNjY2Q2Y2UzNDRjNTZhYTQyMjY1MWU5MjdiNDU5IiwidWlkIjoiMjk2Yjg3MjQtODM5Zi00MjY3LWIyYTQtNGYzYTg0ZWQ5MDFjIiwiZXhwIjoxNzYxMjM5MTEwLCJpYXQiOjE3NjEyMTc1MTB9.xElaBaXntwAb2rQcrwkbENB1CQCG1wZoTimgRmNzsRk;Path=/;Max-Age=21600;HttpOnly;Expires=23/10/25, 5:05 pm;SameSite=Lax
2025-10-23 16:35:20 [main] INFO  Log:33 - Current cookies being sent: auth_token=eyJhbGciOiJIUzI1NiIsInR5cCI6IkpXVCJ9.eyJzaWQiOiI5YzgyNDNjMmI3ZWQ0NmE5ODQ5YTJkMzg0NDQwYjFkOSIsImF0ayI6IjU2YmNjY2Q2Y2UzNDRjNTZhYTQyMjY1MWU5MjdiNDU5IiwidWlkIjoiMjk2Yjg3MjQtODM5Zi00MjY3LWIyYTQtNGYzYTg0ZWQ5MDFjIiwiZXhwIjoxNzYxMjM5MTEwLCJpYXQiOjE3NjEyMTc1MTB9.xElaBaXntwAb2rQcrwkbENB1CQCG1wZoTimgRmNzsRk;Path=/;Max-Age=21600;HttpOnly;Expires=23/10/25, 5:05 pm;SameSite=Lax
2025-10-23 16:35:20 [main] INFO  Log:33 - Current cookies being sent: auth_token=eyJhbGciOiJIUzI1NiIsInR5cCI6IkpXVCJ9.eyJzaWQiOiI5YzgyNDNjMmI3ZWQ0NmE5ODQ5YTJkMzg0NDQwYjFkOSIsImF0ayI6IjU2YmNjY2Q2Y2UzNDRjNTZhYTQyMjY1MWU5MjdiNDU5IiwidWlkIjoiMjk2Yjg3MjQtODM5Zi00MjY3LWIyYTQtNGYzYTg0ZWQ5MDFjIiwiZXhwIjoxNzYxMjM5MTEwLCJpYXQiOjE3NjEyMTc1MTB9.xElaBaXntwAb2rQcrwkbENB1CQCG1wZoTimgRmNzsRk;Path=/;Max-Age=21600;HttpOnly;Expires=23/10/25, 5:05 pm;SameSite=Lax
2025-10-23 16:35:21 [main] INFO  Log:33 - Current cookies being sent: auth_token=eyJhbGciOiJIUzI1NiIsInR5cCI6IkpXVCJ9.eyJzaWQiOiI5YzgyNDNjMmI3ZWQ0NmE5ODQ5YTJkMzg0NDQwYjFkOSIsImF0ayI6IjU2YmNjY2Q2Y2UzNDRjNTZhYTQyMjY1MWU5MjdiNDU5IiwidWlkIjoiMjk2Yjg3MjQtODM5Zi00MjY3LWIyYTQtNGYzYTg0ZWQ5MDFjIiwiZXhwIjoxNzYxMjM5MTEwLCJpYXQiOjE3NjEyMTc1MTB9.xElaBaXntwAb2rQcrwkbENB1CQCG1wZoTimgRmNzsRk;Path=/;Max-Age=21600;HttpOnly;Expires=23/10/25, 5:05 pm;SameSite=Lax
2025-10-23 16:35:21 [main] INFO  Log:33 - Current cookies being sent: auth_token=eyJhbGciOiJIUzI1NiIsInR5cCI6IkpXVCJ9.eyJzaWQiOiI5YzgyNDNjMmI3ZWQ0NmE5ODQ5YTJkMzg0NDQwYjFkOSIsImF0ayI6IjU2YmNjY2Q2Y2UzNDRjNTZhYTQyMjY1MWU5MjdiNDU5IiwidWlkIjoiMjk2Yjg3MjQtODM5Zi00MjY3LWIyYTQtNGYzYTg0ZWQ5MDFjIiwiZXhwIjoxNzYxMjM5MTEwLCJpYXQiOjE3NjEyMTc1MTB9.xElaBaXntwAb2rQcrwkbENB1CQCG1wZoTimgRmNzsRk;Path=/;Max-Age=21600;HttpOnly;Expires=23/10/25, 5:05 pm;SameSite=Lax
2025-10-23 16:35:22 [main] INFO  Log:33 - Current cookies being sent: auth_token=eyJhbGciOiJIUzI1NiIsInR5cCI6IkpXVCJ9.eyJzaWQiOiI5YzgyNDNjMmI3ZWQ0NmE5ODQ5YTJkMzg0NDQwYjFkOSIsImF0ayI6IjU2YmNjY2Q2Y2UzNDRjNTZhYTQyMjY1MWU5MjdiNDU5IiwidWlkIjoiMjk2Yjg3MjQtODM5Zi00MjY3LWIyYTQtNGYzYTg0ZWQ5MDFjIiwiZXhwIjoxNzYxMjM5MTEwLCJpYXQiOjE3NjEyMTc1MTB9.xElaBaXntwAb2rQcrwkbENB1CQCG1wZoTimgRmNzsRk;Path=/;Max-Age=21600;HttpOnly;Expires=23/10/25, 5:05 pm;SameSite=Lax
2025-10-23 16:35:22 [main] INFO  Log:33 - Current cookies being sent: auth_token=eyJhbGciOiJIUzI1NiIsInR5cCI6IkpXVCJ9.eyJzaWQiOiI5YzgyNDNjMmI3ZWQ0NmE5ODQ5YTJkMzg0NDQwYjFkOSIsImF0ayI6IjU2YmNjY2Q2Y2UzNDRjNTZhYTQyMjY1MWU5MjdiNDU5IiwidWlkIjoiMjk2Yjg3MjQtODM5Zi00MjY3LWIyYTQtNGYzYTg0ZWQ5MDFjIiwiZXhwIjoxNzYxMjM5MTEwLCJpYXQiOjE3NjEyMTc1MTB9.xElaBaXntwAb2rQcrwkbENB1CQCG1wZoTimgRmNzsRk;Path=/;Max-Age=21600;HttpOnly;Expires=23/10/25, 5:05 pm;SameSite=Lax
2025-10-23 16:35:23 [main] INFO  Log:33 - Current cookies being sent: auth_token=eyJhbGciOiJIUzI1NiIsInR5cCI6IkpXVCJ9.eyJzaWQiOiI5YzgyNDNjMmI3ZWQ0NmE5ODQ5YTJkMzg0NDQwYjFkOSIsImF0ayI6IjU2YmNjY2Q2Y2UzNDRjNTZhYTQyMjY1MWU5MjdiNDU5IiwidWlkIjoiMjk2Yjg3MjQtODM5Zi00MjY3LWIyYTQtNGYzYTg0ZWQ5MDFjIiwiZXhwIjoxNzYxMjM5MTEwLCJpYXQiOjE3NjEyMTc1MTB9.xElaBaXntwAb2rQcrwkbENB1CQCG1wZoTimgRmNzsRk;Path=/;Max-Age=21600;HttpOnly;Expires=23/10/25, 5:05 pm;SameSite=Lax
2025-10-23 16:35:23 [main] INFO  Log:33 - Current cookies being sent: auth_token=eyJhbGciOiJIUzI1NiIsInR5cCI6IkpXVCJ9.eyJzaWQiOiI5YzgyNDNjMmI3ZWQ0NmE5ODQ5YTJkMzg0NDQwYjFkOSIsImF0ayI6IjU2YmNjY2Q2Y2UzNDRjNTZhYTQyMjY1MWU5MjdiNDU5IiwidWlkIjoiMjk2Yjg3MjQtODM5Zi00MjY3LWIyYTQtNGYzYTg0ZWQ5MDFjIiwiZXhwIjoxNzYxMjM5MTEwLCJpYXQiOjE3NjEyMTc1MTB9.xElaBaXntwAb2rQcrwkbENB1CQCG1wZoTimgRmNzsRk;Path=/;Max-Age=21600;HttpOnly;Expires=23/10/25, 5:05 pm;SameSite=Lax
2025-10-23 16:35:23 [main] INFO  Log:33 - Current cookies being sent: auth_token=eyJhbGciOiJIUzI1NiIsInR5cCI6IkpXVCJ9.eyJzaWQiOiI5YzgyNDNjMmI3ZWQ0NmE5ODQ5YTJkMzg0NDQwYjFkOSIsImF0ayI6IjU2YmNjY2Q2Y2UzNDRjNTZhYTQyMjY1MWU5MjdiNDU5IiwidWlkIjoiMjk2Yjg3MjQtODM5Zi00MjY3LWIyYTQtNGYzYTg0ZWQ5MDFjIiwiZXhwIjoxNzYxMjM5MTEwLCJpYXQiOjE3NjEyMTc1MTB9.xElaBaXntwAb2rQcrwkbENB1CQCG1wZoTimgRmNzsRk;Path=/;Max-Age=21600;HttpOnly;Expires=23/10/25, 5:05 pm;SameSite=Lax
2025-10-23 16:35:24 [main] INFO  Log:33 - Current cookies being sent: auth_token=eyJhbGciOiJIUzI1NiIsInR5cCI6IkpXVCJ9.eyJzaWQiOiI5YzgyNDNjMmI3ZWQ0NmE5ODQ5YTJkMzg0NDQwYjFkOSIsImF0ayI6IjU2YmNjY2Q2Y2UzNDRjNTZhYTQyMjY1MWU5MjdiNDU5IiwidWlkIjoiMjk2Yjg3MjQtODM5Zi00MjY3LWIyYTQtNGYzYTg0ZWQ5MDFjIiwiZXhwIjoxNzYxMjM5MTEwLCJpYXQiOjE3NjEyMTc1MTB9.xElaBaXntwAb2rQcrwkbENB1CQCG1wZoTimgRmNzsRk;Path=/;Max-Age=21600;HttpOnly;Expires=23/10/25, 5:05 pm;SameSite=Lax
2025-10-23 16:35:24 [main] INFO  Log:33 - Current cookies being sent: auth_token=eyJhbGciOiJIUzI1NiIsInR5cCI6IkpXVCJ9.eyJzaWQiOiI5YzgyNDNjMmI3ZWQ0NmE5ODQ5YTJkMzg0NDQwYjFkOSIsImF0ayI6IjU2YmNjY2Q2Y2UzNDRjNTZhYTQyMjY1MWU5MjdiNDU5IiwidWlkIjoiMjk2Yjg3MjQtODM5Zi00MjY3LWIyYTQtNGYzYTg0ZWQ5MDFjIiwiZXhwIjoxNzYxMjM5MTEwLCJpYXQiOjE3NjEyMTc1MTB9.xElaBaXntwAb2rQcrwkbENB1CQCG1wZoTimgRmNzsRk;Path=/;Max-Age=21600;HttpOnly;Expires=23/10/25, 5:05 pm;SameSite=Lax
2025-10-23 16:35:24 [main] INFO  Log:33 - Current cookies being sent: auth_token=eyJhbGciOiJIUzI1NiIsInR5cCI6IkpXVCJ9.eyJzaWQiOiI5YzgyNDNjMmI3ZWQ0NmE5ODQ5YTJkMzg0NDQwYjFkOSIsImF0ayI6IjU2YmNjY2Q2Y2UzNDRjNTZhYTQyMjY1MWU5MjdiNDU5IiwidWlkIjoiMjk2Yjg3MjQtODM5Zi00MjY3LWIyYTQtNGYzYTg0ZWQ5MDFjIiwiZXhwIjoxNzYxMjM5MTEwLCJpYXQiOjE3NjEyMTc1MTB9.xElaBaXntwAb2rQcrwkbENB1CQCG1wZoTimgRmNzsRk;Path=/;Max-Age=21600;HttpOnly;Expires=23/10/25, 5:05 pm;SameSite=Lax
2025-10-23 16:35:25 [main] INFO  Log:33 - Current cookies being sent: auth_token=eyJhbGciOiJIUzI1NiIsInR5cCI6IkpXVCJ9.eyJzaWQiOiI5YzgyNDNjMmI3ZWQ0NmE5ODQ5YTJkMzg0NDQwYjFkOSIsImF0ayI6IjU2YmNjY2Q2Y2UzNDRjNTZhYTQyMjY1MWU5MjdiNDU5IiwidWlkIjoiMjk2Yjg3MjQtODM5Zi00MjY3LWIyYTQtNGYzYTg0ZWQ5MDFjIiwiZXhwIjoxNzYxMjM5MTEwLCJpYXQiOjE3NjEyMTc1MTB9.xElaBaXntwAb2rQcrwkbENB1CQCG1wZoTimgRmNzsRk;Path=/;Max-Age=21600;HttpOnly;Expires=23/10/25, 5:05 pm;SameSite=Lax
2025-10-23 16:35:25 [main] INFO  Log:33 - Current cookies being sent: auth_token=eyJhbGciOiJIUzI1NiIsInR5cCI6IkpXVCJ9.eyJzaWQiOiI5YzgyNDNjMmI3ZWQ0NmE5ODQ5YTJkMzg0NDQwYjFkOSIsImF0ayI6IjU2YmNjY2Q2Y2UzNDRjNTZhYTQyMjY1MWU5MjdiNDU5IiwidWlkIjoiMjk2Yjg3MjQtODM5Zi00MjY3LWIyYTQtNGYzYTg0ZWQ5MDFjIiwiZXhwIjoxNzYxMjM5MTEwLCJpYXQiOjE3NjEyMTc1MTB9.xElaBaXntwAb2rQcrwkbENB1CQCG1wZoTimgRmNzsRk;Path=/;Max-Age=21600;HttpOnly;Expires=23/10/25, 5:05 pm;SameSite=Lax
2025-10-23 16:35:25 [main] INFO  Log:33 - Current cookies being sent: auth_token=eyJhbGciOiJIUzI1NiIsInR5cCI6IkpXVCJ9.eyJzaWQiOiI5YzgyNDNjMmI3ZWQ0NmE5ODQ5YTJkMzg0NDQwYjFkOSIsImF0ayI6IjU2YmNjY2Q2Y2UzNDRjNTZhYTQyMjY1MWU5MjdiNDU5IiwidWlkIjoiMjk2Yjg3MjQtODM5Zi00MjY3LWIyYTQtNGYzYTg0ZWQ5MDFjIiwiZXhwIjoxNzYxMjM5MTEwLCJpYXQiOjE3NjEyMTc1MTB9.xElaBaXntwAb2rQcrwkbENB1CQCG1wZoTimgRmNzsRk;Path=/;Max-Age=21600;HttpOnly;Expires=23/10/25, 5:05 pm;SameSite=Lax
2025-10-23 16:35:26 [main] INFO  Log:33 - Current cookies being sent: auth_token=eyJhbGciOiJIUzI1NiIsInR5cCI6IkpXVCJ9.eyJzaWQiOiI5YzgyNDNjMmI3ZWQ0NmE5ODQ5YTJkMzg0NDQwYjFkOSIsImF0ayI6IjU2YmNjY2Q2Y2UzNDRjNTZhYTQyMjY1MWU5MjdiNDU5IiwidWlkIjoiMjk2Yjg3MjQtODM5Zi00MjY3LWIyYTQtNGYzYTg0ZWQ5MDFjIiwiZXhwIjoxNzYxMjM5MTEwLCJpYXQiOjE3NjEyMTc1MTB9.xElaBaXntwAb2rQcrwkbENB1CQCG1wZoTimgRmNzsRk;Path=/;Max-Age=21600;HttpOnly;Expires=23/10/25, 5:05 pm;SameSite=Lax
2025-10-23 16:35:26 [main] INFO  Log:33 - Current cookies being sent: auth_token=eyJhbGciOiJIUzI1NiIsInR5cCI6IkpXVCJ9.eyJzaWQiOiI5YzgyNDNjMmI3ZWQ0NmE5ODQ5YTJkMzg0NDQwYjFkOSIsImF0ayI6IjU2YmNjY2Q2Y2UzNDRjNTZhYTQyMjY1MWU5MjdiNDU5IiwidWlkIjoiMjk2Yjg3MjQtODM5Zi00MjY3LWIyYTQtNGYzYTg0ZWQ5MDFjIiwiZXhwIjoxNzYxMjM5MTEwLCJpYXQiOjE3NjEyMTc1MTB9.xElaBaXntwAb2rQcrwkbENB1CQCG1wZoTimgRmNzsRk;Path=/;Max-Age=21600;HttpOnly;Expires=23/10/25, 5:05 pm;SameSite=Lax
2025-10-23 16:35:27 [main] INFO  Log:33 - Current cookies being sent: auth_token=eyJhbGciOiJIUzI1NiIsInR5cCI6IkpXVCJ9.eyJzaWQiOiI5YzgyNDNjMmI3ZWQ0NmE5ODQ5YTJkMzg0NDQwYjFkOSIsImF0ayI6IjU2YmNjY2Q2Y2UzNDRjNTZhYTQyMjY1MWU5MjdiNDU5IiwidWlkIjoiMjk2Yjg3MjQtODM5Zi00MjY3LWIyYTQtNGYzYTg0ZWQ5MDFjIiwiZXhwIjoxNzYxMjM5MTEwLCJpYXQiOjE3NjEyMTc1MTB9.xElaBaXntwAb2rQcrwkbENB1CQCG1wZoTimgRmNzsRk;Path=/;Max-Age=21600;HttpOnly;Expires=23/10/25, 5:05 pm;SameSite=Lax
2025-10-23 16:35:27 [main] INFO  Log:33 - Current cookies being sent: auth_token=eyJhbGciOiJIUzI1NiIsInR5cCI6IkpXVCJ9.eyJzaWQiOiI5YzgyNDNjMmI3ZWQ0NmE5ODQ5YTJkMzg0NDQwYjFkOSIsImF0ayI6IjU2YmNjY2Q2Y2UzNDRjNTZhYTQyMjY1MWU5MjdiNDU5IiwidWlkIjoiMjk2Yjg3MjQtODM5Zi00MjY3LWIyYTQtNGYzYTg0ZWQ5MDFjIiwiZXhwIjoxNzYxMjM5MTEwLCJpYXQiOjE3NjEyMTc1MTB9.xElaBaXntwAb2rQcrwkbENB1CQCG1wZoTimgRmNzsRk;Path=/;Max-Age=21600;HttpOnly;Expires=23/10/25, 5:05 pm;SameSite=Lax
2025-10-23 16:35:28 [main] INFO  Log:33 - Current cookies being sent: auth_token=eyJhbGciOiJIUzI1NiIsInR5cCI6IkpXVCJ9.eyJzaWQiOiI5YzgyNDNjMmI3ZWQ0NmE5ODQ5YTJkMzg0NDQwYjFkOSIsImF0ayI6IjU2YmNjY2Q2Y2UzNDRjNTZhYTQyMjY1MWU5MjdiNDU5IiwidWlkIjoiMjk2Yjg3MjQtODM5Zi00MjY3LWIyYTQtNGYzYTg0ZWQ5MDFjIiwiZXhwIjoxNzYxMjM5MTEwLCJpYXQiOjE3NjEyMTc1MTB9.xElaBaXntwAb2rQcrwkbENB1CQCG1wZoTimgRmNzsRk;Path=/;Max-Age=21600;HttpOnly;Expires=23/10/25, 5:05 pm;SameSite=Lax
2025-10-23 16:35:28 [main] INFO  Log:33 - Current cookies being sent: auth_token=eyJhbGciOiJIUzI1NiIsInR5cCI6IkpXVCJ9.eyJzaWQiOiI5YzgyNDNjMmI3ZWQ0NmE5ODQ5YTJkMzg0NDQwYjFkOSIsImF0ayI6IjU2YmNjY2Q2Y2UzNDRjNTZhYTQyMjY1MWU5MjdiNDU5IiwidWlkIjoiMjk2Yjg3MjQtODM5Zi00MjY3LWIyYTQtNGYzYTg0ZWQ5MDFjIiwiZXhwIjoxNzYxMjM5MTEwLCJpYXQiOjE3NjEyMTc1MTB9.xElaBaXntwAb2rQcrwkbENB1CQCG1wZoTimgRmNzsRk;Path=/;Max-Age=21600;HttpOnly;Expires=23/10/25, 5:05 pm;SameSite=Lax
2025-10-23 16:35:29 [main] INFO  Log:33 - Current cookies being sent: auth_token=eyJhbGciOiJIUzI1NiIsInR5cCI6IkpXVCJ9.eyJzaWQiOiI5YzgyNDNjMmI3ZWQ0NmE5ODQ5YTJkMzg0NDQwYjFkOSIsImF0ayI6IjU2YmNjY2Q2Y2UzNDRjNTZhYTQyMjY1MWU5MjdiNDU5IiwidWlkIjoiMjk2Yjg3MjQtODM5Zi00MjY3LWIyYTQtNGYzYTg0ZWQ5MDFjIiwiZXhwIjoxNzYxMjM5MTEwLCJpYXQiOjE3NjEyMTc1MTB9.xElaBaXntwAb2rQcrwkbENB1CQCG1wZoTimgRmNzsRk;Path=/;Max-Age=21600;HttpOnly;Expires=23/10/25, 5:05 pm;SameSite=Lax
2025-10-23 16:35:29 [main] INFO  Log:33 - Current cookies being sent: auth_token=eyJhbGciOiJIUzI1NiIsInR5cCI6IkpXVCJ9.eyJzaWQiOiI5YzgyNDNjMmI3ZWQ0NmE5ODQ5YTJkMzg0NDQwYjFkOSIsImF0ayI6IjU2YmNjY2Q2Y2UzNDRjNTZhYTQyMjY1MWU5MjdiNDU5IiwidWlkIjoiMjk2Yjg3MjQtODM5Zi00MjY3LWIyYTQtNGYzYTg0ZWQ5MDFjIiwiZXhwIjoxNzYxMjM5MTEwLCJpYXQiOjE3NjEyMTc1MTB9.xElaBaXntwAb2rQcrwkbENB1CQCG1wZoTimgRmNzsRk;Path=/;Max-Age=21600;HttpOnly;Expires=23/10/25, 5:05 pm;SameSite=Lax
2025-10-23 16:35:29 [main] INFO  Log:33 - Current cookies being sent: auth_token=eyJhbGciOiJIUzI1NiIsInR5cCI6IkpXVCJ9.eyJzaWQiOiI5YzgyNDNjMmI3ZWQ0NmE5ODQ5YTJkMzg0NDQwYjFkOSIsImF0ayI6IjU2YmNjY2Q2Y2UzNDRjNTZhYTQyMjY1MWU5MjdiNDU5IiwidWlkIjoiMjk2Yjg3MjQtODM5Zi00MjY3LWIyYTQtNGYzYTg0ZWQ5MDFjIiwiZXhwIjoxNzYxMjM5MTEwLCJpYXQiOjE3NjEyMTc1MTB9.xElaBaXntwAb2rQcrwkbENB1CQCG1wZoTimgRmNzsRk;Path=/;Max-Age=21600;HttpOnly;Expires=23/10/25, 5:05 pm;SameSite=Lax
2025-10-23 16:35:30 [main] INFO  Log:33 - Current cookies being sent: auth_token=eyJhbGciOiJIUzI1NiIsInR5cCI6IkpXVCJ9.eyJzaWQiOiI5YzgyNDNjMmI3ZWQ0NmE5ODQ5YTJkMzg0NDQwYjFkOSIsImF0ayI6IjU2YmNjY2Q2Y2UzNDRjNTZhYTQyMjY1MWU5MjdiNDU5IiwidWlkIjoiMjk2Yjg3MjQtODM5Zi00MjY3LWIyYTQtNGYzYTg0ZWQ5MDFjIiwiZXhwIjoxNzYxMjM5MTEwLCJpYXQiOjE3NjEyMTc1MTB9.xElaBaXntwAb2rQcrwkbENB1CQCG1wZoTimgRmNzsRk;Path=/;Max-Age=21600;HttpOnly;Expires=23/10/25, 5:05 pm;SameSite=Lax
2025-10-23 16:35:30 [main] INFO  Log:33 - Current cookies being sent: auth_token=eyJhbGciOiJIUzI1NiIsInR5cCI6IkpXVCJ9.eyJzaWQiOiI5YzgyNDNjMmI3ZWQ0NmE5ODQ5YTJkMzg0NDQwYjFkOSIsImF0ayI6IjU2YmNjY2Q2Y2UzNDRjNTZhYTQyMjY1MWU5MjdiNDU5IiwidWlkIjoiMjk2Yjg3MjQtODM5Zi00MjY3LWIyYTQtNGYzYTg0ZWQ5MDFjIiwiZXhwIjoxNzYxMjM5MTEwLCJpYXQiOjE3NjEyMTc1MTB9.xElaBaXntwAb2rQcrwkbENB1CQCG1wZoTimgRmNzsRk;Path=/;Max-Age=21600;HttpOnly;Expires=23/10/25, 5:05 pm;SameSite=Lax
2025-10-23 16:35:30 [main] INFO  Log:33 - Current cookies being sent: auth_token=eyJhbGciOiJIUzI1NiIsInR5cCI6IkpXVCJ9.eyJzaWQiOiI5YzgyNDNjMmI3ZWQ0NmE5ODQ5YTJkMzg0NDQwYjFkOSIsImF0ayI6IjU2YmNjY2Q2Y2UzNDRjNTZhYTQyMjY1MWU5MjdiNDU5IiwidWlkIjoiMjk2Yjg3MjQtODM5Zi00MjY3LWIyYTQtNGYzYTg0ZWQ5MDFjIiwiZXhwIjoxNzYxMjM5MTEwLCJpYXQiOjE3NjEyMTc1MTB9.xElaBaXntwAb2rQcrwkbENB1CQCG1wZoTimgRmNzsRk;Path=/;Max-Age=21600;HttpOnly;Expires=23/10/25, 5:05 pm;SameSite=Lax
2025-10-23 16:35:30 [main] INFO  Log:33 - Current cookies being sent: auth_token=eyJhbGciOiJIUzI1NiIsInR5cCI6IkpXVCJ9.eyJzaWQiOiI5YzgyNDNjMmI3ZWQ0NmE5ODQ5YTJkMzg0NDQwYjFkOSIsImF0ayI6IjU2YmNjY2Q2Y2UzNDRjNTZhYTQyMjY1MWU5MjdiNDU5IiwidWlkIjoiMjk2Yjg3MjQtODM5Zi00MjY3LWIyYTQtNGYzYTg0ZWQ5MDFjIiwiZXhwIjoxNzYxMjM5MTEwLCJpYXQiOjE3NjEyMTc1MTB9.xElaBaXntwAb2rQcrwkbENB1CQCG1wZoTimgRmNzsRk;Path=/;Max-Age=21600;HttpOnly;Expires=23/10/25, 5:05 pm;SameSite=Lax
2025-10-23 16:35:31 [main] INFO  Log:33 - Current cookies being sent: auth_token=eyJhbGciOiJIUzI1NiIsInR5cCI6IkpXVCJ9.eyJzaWQiOiI5YzgyNDNjMmI3ZWQ0NmE5ODQ5YTJkMzg0NDQwYjFkOSIsImF0ayI6IjU2YmNjY2Q2Y2UzNDRjNTZhYTQyMjY1MWU5MjdiNDU5IiwidWlkIjoiMjk2Yjg3MjQtODM5Zi00MjY3LWIyYTQtNGYzYTg0ZWQ5MDFjIiwiZXhwIjoxNzYxMjM5MTEwLCJpYXQiOjE3NjEyMTc1MTB9.xElaBaXntwAb2rQcrwkbENB1CQCG1wZoTimgRmNzsRk;Path=/;Max-Age=21600;HttpOnly;Expires=23/10/25, 5:05 pm;SameSite=Lax
2025-10-23 16:35:31 [main] INFO  Log:33 - Current cookies being sent: auth_token=eyJhbGciOiJIUzI1NiIsInR5cCI6IkpXVCJ9.eyJzaWQiOiI5YzgyNDNjMmI3ZWQ0NmE5ODQ5YTJkMzg0NDQwYjFkOSIsImF0ayI6IjU2YmNjY2Q2Y2UzNDRjNTZhYTQyMjY1MWU5MjdiNDU5IiwidWlkIjoiMjk2Yjg3MjQtODM5Zi00MjY3LWIyYTQtNGYzYTg0ZWQ5MDFjIiwiZXhwIjoxNzYxMjM5MTEwLCJpYXQiOjE3NjEyMTc1MTB9.xElaBaXntwAb2rQcrwkbENB1CQCG1wZoTimgRmNzsRk;Path=/;Max-Age=21600;HttpOnly;Expires=23/10/25, 5:05 pm;SameSite=Lax
2025-10-23 16:35:32 [main] INFO  Log:33 - Current cookies being sent: auth_token=eyJhbGciOiJIUzI1NiIsInR5cCI6IkpXVCJ9.eyJzaWQiOiI5YzgyNDNjMmI3ZWQ0NmE5ODQ5YTJkMzg0NDQwYjFkOSIsImF0ayI6IjU2YmNjY2Q2Y2UzNDRjNTZhYTQyMjY1MWU5MjdiNDU5IiwidWlkIjoiMjk2Yjg3MjQtODM5Zi00MjY3LWIyYTQtNGYzYTg0ZWQ5MDFjIiwiZXhwIjoxNzYxMjM5MTEwLCJpYXQiOjE3NjEyMTc1MTB9.xElaBaXntwAb2rQcrwkbENB1CQCG1wZoTimgRmNzsRk;Path=/;Max-Age=21600;HttpOnly;Expires=23/10/25, 5:05 pm;SameSite=Lax
2025-10-23 16:35:32 [main] INFO  Log:33 - Current cookies being sent: auth_token=eyJhbGciOiJIUzI1NiIsInR5cCI6IkpXVCJ9.eyJzaWQiOiI5YzgyNDNjMmI3ZWQ0NmE5ODQ5YTJkMzg0NDQwYjFkOSIsImF0ayI6IjU2YmNjY2Q2Y2UzNDRjNTZhYTQyMjY1MWU5MjdiNDU5IiwidWlkIjoiMjk2Yjg3MjQtODM5Zi00MjY3LWIyYTQtNGYzYTg0ZWQ5MDFjIiwiZXhwIjoxNzYxMjM5MTEwLCJpYXQiOjE3NjEyMTc1MTB9.xElaBaXntwAb2rQcrwkbENB1CQCG1wZoTimgRmNzsRk;Path=/;Max-Age=21600;HttpOnly;Expires=23/10/25, 5:05 pm;SameSite=Lax
2025-10-23 16:35:32 [main] INFO  Log:33 - Current cookies being sent: auth_token=eyJhbGciOiJIUzI1NiIsInR5cCI6IkpXVCJ9.eyJzaWQiOiI5YzgyNDNjMmI3ZWQ0NmE5ODQ5YTJkMzg0NDQwYjFkOSIsImF0ayI6IjU2YmNjY2Q2Y2UzNDRjNTZhYTQyMjY1MWU5MjdiNDU5IiwidWlkIjoiMjk2Yjg3MjQtODM5Zi00MjY3LWIyYTQtNGYzYTg0ZWQ5MDFjIiwiZXhwIjoxNzYxMjM5MTEwLCJpYXQiOjE3NjEyMTc1MTB9.xElaBaXntwAb2rQcrwkbENB1CQCG1wZoTimgRmNzsRk;Path=/;Max-Age=21600;HttpOnly;Expires=23/10/25, 5:05 pm;SameSite=Lax
2025-10-23 16:35:33 [main] INFO  Log:33 - Current cookies being sent: auth_token=eyJhbGciOiJIUzI1NiIsInR5cCI6IkpXVCJ9.eyJzaWQiOiI5YzgyNDNjMmI3ZWQ0NmE5ODQ5YTJkMzg0NDQwYjFkOSIsImF0ayI6IjU2YmNjY2Q2Y2UzNDRjNTZhYTQyMjY1MWU5MjdiNDU5IiwidWlkIjoiMjk2Yjg3MjQtODM5Zi00MjY3LWIyYTQtNGYzYTg0ZWQ5MDFjIiwiZXhwIjoxNzYxMjM5MTEwLCJpYXQiOjE3NjEyMTc1MTB9.xElaBaXntwAb2rQcrwkbENB1CQCG1wZoTimgRmNzsRk;Path=/;Max-Age=21600;HttpOnly;Expires=23/10/25, 5:05 pm;SameSite=Lax
2025-10-23 16:35:33 [main] INFO  Log:33 - Current cookies being sent: auth_token=eyJhbGciOiJIUzI1NiIsInR5cCI6IkpXVCJ9.eyJzaWQiOiI5YzgyNDNjMmI3ZWQ0NmE5ODQ5YTJkMzg0NDQwYjFkOSIsImF0ayI6IjU2YmNjY2Q2Y2UzNDRjNTZhYTQyMjY1MWU5MjdiNDU5IiwidWlkIjoiMjk2Yjg3MjQtODM5Zi00MjY3LWIyYTQtNGYzYTg0ZWQ5MDFjIiwiZXhwIjoxNzYxMjM5MTEwLCJpYXQiOjE3NjEyMTc1MTB9.xElaBaXntwAb2rQcrwkbENB1CQCG1wZoTimgRmNzsRk;Path=/;Max-Age=21600;HttpOnly;Expires=23/10/25, 5:05 pm;SameSite=Lax
2025-10-23 16:35:34 [main] INFO  Log:33 - Current cookies being sent: auth_token=eyJhbGciOiJIUzI1NiIsInR5cCI6IkpXVCJ9.eyJzaWQiOiI5YzgyNDNjMmI3ZWQ0NmE5ODQ5YTJkMzg0NDQwYjFkOSIsImF0ayI6IjU2YmNjY2Q2Y2UzNDRjNTZhYTQyMjY1MWU5MjdiNDU5IiwidWlkIjoiMjk2Yjg3MjQtODM5Zi00MjY3LWIyYTQtNGYzYTg0ZWQ5MDFjIiwiZXhwIjoxNzYxMjM5MTEwLCJpYXQiOjE3NjEyMTc1MTB9.xElaBaXntwAb2rQcrwkbENB1CQCG1wZoTimgRmNzsRk;Path=/;Max-Age=21600;HttpOnly;Expires=23/10/25, 5:05 pm;SameSite=Lax
2025-10-23 16:35:34 [main] INFO  Log:33 - Current cookies being sent: auth_token=eyJhbGciOiJIUzI1NiIsInR5cCI6IkpXVCJ9.eyJzaWQiOiI5YzgyNDNjMmI3ZWQ0NmE5ODQ5YTJkMzg0NDQwYjFkOSIsImF0ayI6IjU2YmNjY2Q2Y2UzNDRjNTZhYTQyMjY1MWU5MjdiNDU5IiwidWlkIjoiMjk2Yjg3MjQtODM5Zi00MjY3LWIyYTQtNGYzYTg0ZWQ5MDFjIiwiZXhwIjoxNzYxMjM5MTEwLCJpYXQiOjE3NjEyMTc1MTB9.xElaBaXntwAb2rQcrwkbENB1CQCG1wZoTimgRmNzsRk;Path=/;Max-Age=21600;HttpOnly;Expires=23/10/25, 5:05 pm;SameSite=Lax
2025-10-23 16:35:34 [main] INFO  Log:33 - Current cookies being sent: auth_token=eyJhbGciOiJIUzI1NiIsInR5cCI6IkpXVCJ9.eyJzaWQiOiI5YzgyNDNjMmI3ZWQ0NmE5ODQ5YTJkMzg0NDQwYjFkOSIsImF0ayI6IjU2YmNjY2Q2Y2UzNDRjNTZhYTQyMjY1MWU5MjdiNDU5IiwidWlkIjoiMjk2Yjg3MjQtODM5Zi00MjY3LWIyYTQtNGYzYTg0ZWQ5MDFjIiwiZXhwIjoxNzYxMjM5MTEwLCJpYXQiOjE3NjEyMTc1MTB9.xElaBaXntwAb2rQcrwkbENB1CQCG1wZoTimgRmNzsRk;Path=/;Max-Age=21600;HttpOnly;Expires=23/10/25, 5:05 pm;SameSite=Lax
2025-10-23 16:35:35 [main] INFO  Log:33 - Current cookies being sent: auth_token=eyJhbGciOiJIUzI1NiIsInR5cCI6IkpXVCJ9.eyJzaWQiOiI5YzgyNDNjMmI3ZWQ0NmE5ODQ5YTJkMzg0NDQwYjFkOSIsImF0ayI6IjU2YmNjY2Q2Y2UzNDRjNTZhYTQyMjY1MWU5MjdiNDU5IiwidWlkIjoiMjk2Yjg3MjQtODM5Zi00MjY3LWIyYTQtNGYzYTg0ZWQ5MDFjIiwiZXhwIjoxNzYxMjM5MTEwLCJpYXQiOjE3NjEyMTc1MTB9.xElaBaXntwAb2rQcrwkbENB1CQCG1wZoTimgRmNzsRk;Path=/;Max-Age=21600;HttpOnly;Expires=23/10/25, 5:05 pm;SameSite=Lax
2025-10-23 16:35:35 [main] INFO  Log:33 - Current cookies being sent: auth_token=eyJhbGciOiJIUzI1NiIsInR5cCI6IkpXVCJ9.eyJzaWQiOiI5YzgyNDNjMmI3ZWQ0NmE5ODQ5YTJkMzg0NDQwYjFkOSIsImF0ayI6IjU2YmNjY2Q2Y2UzNDRjNTZhYTQyMjY1MWU5MjdiNDU5IiwidWlkIjoiMjk2Yjg3MjQtODM5Zi00MjY3LWIyYTQtNGYzYTg0ZWQ5MDFjIiwiZXhwIjoxNzYxMjM5MTEwLCJpYXQiOjE3NjEyMTc1MTB9.xElaBaXntwAb2rQcrwkbENB1CQCG1wZoTimgRmNzsRk;Path=/;Max-Age=21600;HttpOnly;Expires=23/10/25, 5:05 pm;SameSite=Lax
2025-10-23 16:35:36 [main] INFO  Log:33 - Current cookies being sent: auth_token=eyJhbGciOiJIUzI1NiIsInR5cCI6IkpXVCJ9.eyJzaWQiOiI5YzgyNDNjMmI3ZWQ0NmE5ODQ5YTJkMzg0NDQwYjFkOSIsImF0ayI6IjU2YmNjY2Q2Y2UzNDRjNTZhYTQyMjY1MWU5MjdiNDU5IiwidWlkIjoiMjk2Yjg3MjQtODM5Zi00MjY3LWIyYTQtNGYzYTg0ZWQ5MDFjIiwiZXhwIjoxNzYxMjM5MTEwLCJpYXQiOjE3NjEyMTc1MTB9.xElaBaXntwAb2rQcrwkbENB1CQCG1wZoTimgRmNzsRk;Path=/;Max-Age=21600;HttpOnly;Expires=23/10/25, 5:05 pm;SameSite=Lax
2025-10-23 16:35:36 [main] INFO  Log:33 - Current cookies being sent: auth_token=eyJhbGciOiJIUzI1NiIsInR5cCI6IkpXVCJ9.eyJzaWQiOiI5YzgyNDNjMmI3ZWQ0NmE5ODQ5YTJkMzg0NDQwYjFkOSIsImF0ayI6IjU2YmNjY2Q2Y2UzNDRjNTZhYTQyMjY1MWU5MjdiNDU5IiwidWlkIjoiMjk2Yjg3MjQtODM5Zi00MjY3LWIyYTQtNGYzYTg0ZWQ5MDFjIiwiZXhwIjoxNzYxMjM5MTEwLCJpYXQiOjE3NjEyMTc1MTB9.xElaBaXntwAb2rQcrwkbENB1CQCG1wZoTimgRmNzsRk;Path=/;Max-Age=21600;HttpOnly;Expires=23/10/25, 5:05 pm;SameSite=Lax
2025-10-23 16:35:36 [main] INFO  Log:33 - Current cookies being sent: auth_token=eyJhbGciOiJIUzI1NiIsInR5cCI6IkpXVCJ9.eyJzaWQiOiI5YzgyNDNjMmI3ZWQ0NmE5ODQ5YTJkMzg0NDQwYjFkOSIsImF0ayI6IjU2YmNjY2Q2Y2UzNDRjNTZhYTQyMjY1MWU5MjdiNDU5IiwidWlkIjoiMjk2Yjg3MjQtODM5Zi00MjY3LWIyYTQtNGYzYTg0ZWQ5MDFjIiwiZXhwIjoxNzYxMjM5MTEwLCJpYXQiOjE3NjEyMTc1MTB9.xElaBaXntwAb2rQcrwkbENB1CQCG1wZoTimgRmNzsRk;Path=/;Max-Age=21600;HttpOnly;Expires=23/10/25, 5:05 pm;SameSite=Lax
2025-10-23 16:35:36 [main] INFO  Log:33 - Current cookies being sent: auth_token=eyJhbGciOiJIUzI1NiIsInR5cCI6IkpXVCJ9.eyJzaWQiOiI5YzgyNDNjMmI3ZWQ0NmE5ODQ5YTJkMzg0NDQwYjFkOSIsImF0ayI6IjU2YmNjY2Q2Y2UzNDRjNTZhYTQyMjY1MWU5MjdiNDU5IiwidWlkIjoiMjk2Yjg3MjQtODM5Zi00MjY3LWIyYTQtNGYzYTg0ZWQ5MDFjIiwiZXhwIjoxNzYxMjM5MTEwLCJpYXQiOjE3NjEyMTc1MTB9.xElaBaXntwAb2rQcrwkbENB1CQCG1wZoTimgRmNzsRk;Path=/;Max-Age=21600;HttpOnly;Expires=23/10/25, 5:05 pm;SameSite=Lax
2025-10-23 16:35:37 [main] INFO  Log:33 - Cookies:auth_token=eyJhbGciOiJIUzI1NiIsInR5cCI6IkpXVCJ9.eyJzaWQiOiI5YzgyNDNjMmI3ZWQ0NmE5ODQ5YTJkMzg0NDQwYjFkOSIsImF0ayI6IjU2YmNjY2Q2Y2UzNDRjNTZhYTQyMjY1MWU5MjdiNDU5IiwidWlkIjoiMjk2Yjg3MjQtODM5Zi00MjY3LWIyYTQtNGYzYTg0ZWQ5MDFjIiwiZXhwIjoxNzYxMjM5MTEwLCJpYXQiOjE3NjEyMTc1MTB9.xElaBaXntwAb2rQcrwkbENB1CQCG1wZoTimgRmNzsRk;Path=/;Max-Age=21600;HttpOnly;Expires=23/10/25, 5:05 pm;SameSite=Lax
2025-10-23 16:35:37 [main] INFO  Log:33 - Current cookies being sent: auth_token=eyJhbGciOiJIUzI1NiIsInR5cCI6IkpXVCJ9.eyJzaWQiOiI5YzgyNDNjMmI3ZWQ0NmE5ODQ5YTJkMzg0NDQwYjFkOSIsImF0ayI6IjU2YmNjY2Q2Y2UzNDRjNTZhYTQyMjY1MWU5MjdiNDU5IiwidWlkIjoiMjk2Yjg3MjQtODM5Zi00MjY3LWIyYTQtNGYzYTg0ZWQ5MDFjIiwiZXhwIjoxNzYxMjM5MTEwLCJpYXQiOjE3NjEyMTc1MTB9.xElaBaXntwAb2rQcrwkbENB1CQCG1wZoTimgRmNzsRk;Path=/;Max-Age=21600;HttpOnly;Expires=23/10/25, 5:05 pm;SameSite=Lax
2025-10-23 16:35:38 [main] INFO  Log:33 - Cookies:auth_token=eyJhbGciOiJIUzI1NiIsInR5cCI6IkpXVCJ9.eyJzaWQiOiI5YzgyNDNjMmI3ZWQ0NmE5ODQ5YTJkMzg0NDQwYjFkOSIsImF0ayI6IjU2YmNjY2Q2Y2UzNDRjNTZhYTQyMjY1MWU5MjdiNDU5IiwidWlkIjoiMjk2Yjg3MjQtODM5Zi00MjY3LWIyYTQtNGYzYTg0ZWQ5MDFjIiwiZXhwIjoxNzYxMjM5MTEwLCJpYXQiOjE3NjEyMTc1MTB9.xElaBaXntwAb2rQcrwkbENB1CQCG1wZoTimgRmNzsRk;Path=/;Max-Age=21600;HttpOnly;Expires=23/10/25, 5:05 pm;SameSite=Lax
2025-10-23 16:35:38 [main] INFO  Log:33 - Current cookies being sent: auth_token=eyJhbGciOiJIUzI1NiIsInR5cCI6IkpXVCJ9.eyJzaWQiOiI5YzgyNDNjMmI3ZWQ0NmE5ODQ5YTJkMzg0NDQwYjFkOSIsImF0ayI6IjU2YmNjY2Q2Y2UzNDRjNTZhYTQyMjY1MWU5MjdiNDU5IiwidWlkIjoiMjk2Yjg3MjQtODM5Zi00MjY3LWIyYTQtNGYzYTg0ZWQ5MDFjIiwiZXhwIjoxNzYxMjM5MTEwLCJpYXQiOjE3NjEyMTc1MTB9.xElaBaXntwAb2rQcrwkbENB1CQCG1wZoTimgRmNzsRk;Path=/;Max-Age=21600;HttpOnly;Expires=23/10/25, 5:05 pm;SameSite=Lax
2025-10-23 16:35:38 [main] INFO  Log:33 - Cookies:auth_token=eyJhbGciOiJIUzI1NiIsInR5cCI6IkpXVCJ9.eyJzaWQiOiI5YzgyNDNjMmI3ZWQ0NmE5ODQ5YTJkMzg0NDQwYjFkOSIsImF0ayI6IjU2YmNjY2Q2Y2UzNDRjNTZhYTQyMjY1MWU5MjdiNDU5IiwidWlkIjoiMjk2Yjg3MjQtODM5Zi00MjY3LWIyYTQtNGYzYTg0ZWQ5MDFjIiwiZXhwIjoxNzYxMjM5MTEwLCJpYXQiOjE3NjEyMTc1MTB9.xElaBaXntwAb2rQcrwkbENB1CQCG1wZoTimgRmNzsRk;Path=/;Max-Age=21600;HttpOnly;Expires=23/10/25, 5:05 pm;SameSite=Lax
2025-10-23 16:35:38 [main] INFO  Log:33 - Current cookies being sent: auth_token=eyJhbGciOiJIUzI1NiIsInR5cCI6IkpXVCJ9.eyJzaWQiOiI5YzgyNDNjMmI3ZWQ0NmE5ODQ5YTJkMzg0NDQwYjFkOSIsImF0ayI6IjU2YmNjY2Q2Y2UzNDRjNTZhYTQyMjY1MWU5MjdiNDU5IiwidWlkIjoiMjk2Yjg3MjQtODM5Zi00MjY3LWIyYTQtNGYzYTg0ZWQ5MDFjIiwiZXhwIjoxNzYxMjM5MTEwLCJpYXQiOjE3NjEyMTc1MTB9.xElaBaXntwAb2rQcrwkbENB1CQCG1wZoTimgRmNzsRk;Path=/;Max-Age=21600;HttpOnly;Expires=23/10/25, 5:05 pm;SameSite=Lax
2025-10-23 16:35:38 [main] INFO  Log:33 - Cookies:auth_token=eyJhbGciOiJIUzI1NiIsInR5cCI6IkpXVCJ9.eyJzaWQiOiI5YzgyNDNjMmI3ZWQ0NmE5ODQ5YTJkMzg0NDQwYjFkOSIsImF0ayI6IjU2YmNjY2Q2Y2UzNDRjNTZhYTQyMjY1MWU5MjdiNDU5IiwidWlkIjoiMjk2Yjg3MjQtODM5Zi00MjY3LWIyYTQtNGYzYTg0ZWQ5MDFjIiwiZXhwIjoxNzYxMjM5MTEwLCJpYXQiOjE3NjEyMTc1MTB9.xElaBaXntwAb2rQcrwkbENB1CQCG1wZoTimgRmNzsRk;Path=/;Max-Age=21600;HttpOnly;Expires=23/10/25, 5:05 pm;SameSite=Lax
2025-10-23 16:35:38 [main] INFO  Log:33 - Current cookies being sent: auth_token=eyJhbGciOiJIUzI1NiIsInR5cCI6IkpXVCJ9.eyJzaWQiOiI5YzgyNDNjMmI3ZWQ0NmE5ODQ5YTJkMzg0NDQwYjFkOSIsImF0ayI6IjU2YmNjY2Q2Y2UzNDRjNTZhYTQyMjY1MWU5MjdiNDU5IiwidWlkIjoiMjk2Yjg3MjQtODM5Zi00MjY3LWIyYTQtNGYzYTg0ZWQ5MDFjIiwiZXhwIjoxNzYxMjM5MTEwLCJpYXQiOjE3NjEyMTc1MTB9.xElaBaXntwAb2rQcrwkbENB1CQCG1wZoTimgRmNzsRk;Path=/;Max-Age=21600;HttpOnly;Expires=23/10/25, 5:05 pm;SameSite=Lax
2025-10-23 16:35:39 [main] INFO  Log:33 - Current cookies being sent: auth_token=eyJhbGciOiJIUzI1NiIsInR5cCI6IkpXVCJ9.eyJzaWQiOiI5YzgyNDNjMmI3ZWQ0NmE5ODQ5YTJkMzg0NDQwYjFkOSIsImF0ayI6IjU2YmNjY2Q2Y2UzNDRjNTZhYTQyMjY1MWU5MjdiNDU5IiwidWlkIjoiMjk2Yjg3MjQtODM5Zi00MjY3LWIyYTQtNGYzYTg0ZWQ5MDFjIiwiZXhwIjoxNzYxMjM5MTEwLCJpYXQiOjE3NjEyMTc1MTB9.xElaBaXntwAb2rQcrwkbENB1CQCG1wZoTimgRmNzsRk;Path=/;Max-Age=21600;HttpOnly;Expires=23/10/25, 5:05 pm;SameSite=Lax
2025-10-23 16:35:39 [main] INFO  Log:33 - Current cookies being sent: auth_token=eyJhbGciOiJIUzI1NiIsInR5cCI6IkpXVCJ9.eyJzaWQiOiI5YzgyNDNjMmI3ZWQ0NmE5ODQ5YTJkMzg0NDQwYjFkOSIsImF0ayI6IjU2YmNjY2Q2Y2UzNDRjNTZhYTQyMjY1MWU5MjdiNDU5IiwidWlkIjoiMjk2Yjg3MjQtODM5Zi00MjY3LWIyYTQtNGYzYTg0ZWQ5MDFjIiwiZXhwIjoxNzYxMjM5MTEwLCJpYXQiOjE3NjEyMTc1MTB9.xElaBaXntwAb2rQcrwkbENB1CQCG1wZoTimgRmNzsRk;Path=/;Max-Age=21600;HttpOnly;Expires=23/10/25, 5:05 pm;SameSite=Lax
2025-10-23 16:35:39 [main] INFO  Log:33 - Current cookies being sent: auth_token=eyJhbGciOiJIUzI1NiIsInR5cCI6IkpXVCJ9.eyJzaWQiOiI5YzgyNDNjMmI3ZWQ0NmE5ODQ5YTJkMzg0NDQwYjFkOSIsImF0ayI6IjU2YmNjY2Q2Y2UzNDRjNTZhYTQyMjY1MWU5MjdiNDU5IiwidWlkIjoiMjk2Yjg3MjQtODM5Zi00MjY3LWIyYTQtNGYzYTg0ZWQ5MDFjIiwiZXhwIjoxNzYxMjM5MTEwLCJpYXQiOjE3NjEyMTc1MTB9.xElaBaXntwAb2rQcrwkbENB1CQCG1wZoTimgRmNzsRk;Path=/;Max-Age=21600;HttpOnly;Expires=23/10/25, 5:05 pm;SameSite=Lax
2025-10-23 16:35:40 [main] INFO  Log:33 - Current cookies being sent: auth_token=eyJhbGciOiJIUzI1NiIsInR5cCI6IkpXVCJ9.eyJzaWQiOiI5YzgyNDNjMmI3ZWQ0NmE5ODQ5YTJkMzg0NDQwYjFkOSIsImF0ayI6IjU2YmNjY2Q2Y2UzNDRjNTZhYTQyMjY1MWU5MjdiNDU5IiwidWlkIjoiMjk2Yjg3MjQtODM5Zi00MjY3LWIyYTQtNGYzYTg0ZWQ5MDFjIiwiZXhwIjoxNzYxMjM5MTEwLCJpYXQiOjE3NjEyMTc1MTB9.xElaBaXntwAb2rQcrwkbENB1CQCG1wZoTimgRmNzsRk;Path=/;Max-Age=21600;HttpOnly;Expires=23/10/25, 5:05 pm;SameSite=Lax
2025-10-23 16:35:40 [main] INFO  Log:33 - Current cookies being sent: auth_token=eyJhbGciOiJIUzI1NiIsInR5cCI6IkpXVCJ9.eyJzaWQiOiI5YzgyNDNjMmI3ZWQ0NmE5ODQ5YTJkMzg0NDQwYjFkOSIsImF0ayI6IjU2YmNjY2Q2Y2UzNDRjNTZhYTQyMjY1MWU5MjdiNDU5IiwidWlkIjoiMjk2Yjg3MjQtODM5Zi00MjY3LWIyYTQtNGYzYTg0ZWQ5MDFjIiwiZXhwIjoxNzYxMjM5MTEwLCJpYXQiOjE3NjEyMTc1MTB9.xElaBaXntwAb2rQcrwkbENB1CQCG1wZoTimgRmNzsRk;Path=/;Max-Age=21600;HttpOnly;Expires=23/10/25, 5:05 pm;SameSite=Lax
2025-10-23 16:35:40 [main] INFO  Log:33 - Current cookies being sent: auth_token=eyJhbGciOiJIUzI1NiIsInR5cCI6IkpXVCJ9.eyJzaWQiOiI5YzgyNDNjMmI3ZWQ0NmE5ODQ5YTJkMzg0NDQwYjFkOSIsImF0ayI6IjU2YmNjY2Q2Y2UzNDRjNTZhYTQyMjY1MWU5MjdiNDU5IiwidWlkIjoiMjk2Yjg3MjQtODM5Zi00MjY3LWIyYTQtNGYzYTg0ZWQ5MDFjIiwiZXhwIjoxNzYxMjM5MTEwLCJpYXQiOjE3NjEyMTc1MTB9.xElaBaXntwAb2rQcrwkbENB1CQCG1wZoTimgRmNzsRk;Path=/;Max-Age=21600;HttpOnly;Expires=23/10/25, 5:05 pm;SameSite=Lax
2025-10-23 16:35:40 [main] INFO  Log:33 - Current cookies being sent: auth_token=eyJhbGciOiJIUzI1NiIsInR5cCI6IkpXVCJ9.eyJzaWQiOiI5YzgyNDNjMmI3ZWQ0NmE5ODQ5YTJkMzg0NDQwYjFkOSIsImF0ayI6IjU2YmNjY2Q2Y2UzNDRjNTZhYTQyMjY1MWU5MjdiNDU5IiwidWlkIjoiMjk2Yjg3MjQtODM5Zi00MjY3LWIyYTQtNGYzYTg0ZWQ5MDFjIiwiZXhwIjoxNzYxMjM5MTEwLCJpYXQiOjE3NjEyMTc1MTB9.xElaBaXntwAb2rQcrwkbENB1CQCG1wZoTimgRmNzsRk;Path=/;Max-Age=21600;HttpOnly;Expires=23/10/25, 5:05 pm;SameSite=Lax
2025-10-23 16:35:41 [main] INFO  Log:33 - Current cookies being sent: auth_token=eyJhbGciOiJIUzI1NiIsInR5cCI6IkpXVCJ9.eyJzaWQiOiI5YzgyNDNjMmI3ZWQ0NmE5ODQ5YTJkMzg0NDQwYjFkOSIsImF0ayI6IjU2YmNjY2Q2Y2UzNDRjNTZhYTQyMjY1MWU5MjdiNDU5IiwidWlkIjoiMjk2Yjg3MjQtODM5Zi00MjY3LWIyYTQtNGYzYTg0ZWQ5MDFjIiwiZXhwIjoxNzYxMjM5MTEwLCJpYXQiOjE3NjEyMTc1MTB9.xElaBaXntwAb2rQcrwkbENB1CQCG1wZoTimgRmNzsRk;Path=/;Max-Age=21600;HttpOnly;Expires=23/10/25, 5:05 pm;SameSite=Lax
2025-10-23 16:35:41 [main] INFO  Log:33 - Current cookies being sent: auth_token=eyJhbGciOiJIUzI1NiIsInR5cCI6IkpXVCJ9.eyJzaWQiOiI5YzgyNDNjMmI3ZWQ0NmE5ODQ5YTJkMzg0NDQwYjFkOSIsImF0ayI6IjU2YmNjY2Q2Y2UzNDRjNTZhYTQyMjY1MWU5MjdiNDU5IiwidWlkIjoiMjk2Yjg3MjQtODM5Zi00MjY3LWIyYTQtNGYzYTg0ZWQ5MDFjIiwiZXhwIjoxNzYxMjM5MTEwLCJpYXQiOjE3NjEyMTc1MTB9.xElaBaXntwAb2rQcrwkbENB1CQCG1wZoTimgRmNzsRk;Path=/;Max-Age=21600;HttpOnly;Expires=23/10/25, 5:05 pm;SameSite=Lax
2025-10-23 16:35:41 [main] INFO  Log:33 - Current cookies being sent: auth_token=eyJhbGciOiJIUzI1NiIsInR5cCI6IkpXVCJ9.eyJzaWQiOiI5YzgyNDNjMmI3ZWQ0NmE5ODQ5YTJkMzg0NDQwYjFkOSIsImF0ayI6IjU2YmNjY2Q2Y2UzNDRjNTZhYTQyMjY1MWU5MjdiNDU5IiwidWlkIjoiMjk2Yjg3MjQtODM5Zi00MjY3LWIyYTQtNGYzYTg0ZWQ5MDFjIiwiZXhwIjoxNzYxMjM5MTEwLCJpYXQiOjE3NjEyMTc1MTB9.xElaBaXntwAb2rQcrwkbENB1CQCG1wZoTimgRmNzsRk;Path=/;Max-Age=21600;HttpOnly;Expires=23/10/25, 5:05 pm;SameSite=Lax
2025-10-23 16:35:42 [main] INFO  Log:33 - Current cookies being sent: auth_token=eyJhbGciOiJIUzI1NiIsInR5cCI6IkpXVCJ9.eyJzaWQiOiI5YzgyNDNjMmI3ZWQ0NmE5ODQ5YTJkMzg0NDQwYjFkOSIsImF0ayI6IjU2YmNjY2Q2Y2UzNDRjNTZhYTQyMjY1MWU5MjdiNDU5IiwidWlkIjoiMjk2Yjg3MjQtODM5Zi00MjY3LWIyYTQtNGYzYTg0ZWQ5MDFjIiwiZXhwIjoxNzYxMjM5MTEwLCJpYXQiOjE3NjEyMTc1MTB9.xElaBaXntwAb2rQcrwkbENB1CQCG1wZoTimgRmNzsRk;Path=/;Max-Age=21600;HttpOnly;Expires=23/10/25, 5:05 pm;SameSite=Lax
2025-10-23 16:35:42 [main] INFO  Log:33 - Current cookies being sent: auth_token=eyJhbGciOiJIUzI1NiIsInR5cCI6IkpXVCJ9.eyJzaWQiOiI5YzgyNDNjMmI3ZWQ0NmE5ODQ5YTJkMzg0NDQwYjFkOSIsImF0ayI6IjU2YmNjY2Q2Y2UzNDRjNTZhYTQyMjY1MWU5MjdiNDU5IiwidWlkIjoiMjk2Yjg3MjQtODM5Zi00MjY3LWIyYTQtNGYzYTg0ZWQ5MDFjIiwiZXhwIjoxNzYxMjM5MTEwLCJpYXQiOjE3NjEyMTc1MTB9.xElaBaXntwAb2rQcrwkbENB1CQCG1wZoTimgRmNzsRk;Path=/;Max-Age=21600;HttpOnly;Expires=23/10/25, 5:05 pm;SameSite=Lax
2025-10-23 16:35:43 [main] INFO  Log:33 - Current cookies being sent: auth_token=eyJhbGciOiJIUzI1NiIsInR5cCI6IkpXVCJ9.eyJzaWQiOiI5YzgyNDNjMmI3ZWQ0NmE5ODQ5YTJkMzg0NDQwYjFkOSIsImF0ayI6IjU2YmNjY2Q2Y2UzNDRjNTZhYTQyMjY1MWU5MjdiNDU5IiwidWlkIjoiMjk2Yjg3MjQtODM5Zi00MjY3LWIyYTQtNGYzYTg0ZWQ5MDFjIiwiZXhwIjoxNzYxMjM5MTEwLCJpYXQiOjE3NjEyMTc1MTB9.xElaBaXntwAb2rQcrwkbENB1CQCG1wZoTimgRmNzsRk;Path=/;Max-Age=21600;HttpOnly;Expires=23/10/25, 5:05 pm;SameSite=Lax
2025-10-23 16:35:43 [main] INFO  Log:33 - Current cookies being sent: auth_token=eyJhbGciOiJIUzI1NiIsInR5cCI6IkpXVCJ9.eyJzaWQiOiI5YzgyNDNjMmI3ZWQ0NmE5ODQ5YTJkMzg0NDQwYjFkOSIsImF0ayI6IjU2YmNjY2Q2Y2UzNDRjNTZhYTQyMjY1MWU5MjdiNDU5IiwidWlkIjoiMjk2Yjg3MjQtODM5Zi00MjY3LWIyYTQtNGYzYTg0ZWQ5MDFjIiwiZXhwIjoxNzYxMjM5MTEwLCJpYXQiOjE3NjEyMTc1MTB9.xElaBaXntwAb2rQcrwkbENB1CQCG1wZoTimgRmNzsRk;Path=/;Max-Age=21600;HttpOnly;Expires=23/10/25, 5:05 pm;SameSite=Lax
2025-10-23 16:35:43 [main] INFO  Log:33 - Current cookies being sent: auth_token=eyJhbGciOiJIUzI1NiIsInR5cCI6IkpXVCJ9.eyJzaWQiOiI5YzgyNDNjMmI3ZWQ0NmE5ODQ5YTJkMzg0NDQwYjFkOSIsImF0ayI6IjU2YmNjY2Q2Y2UzNDRjNTZhYTQyMjY1MWU5MjdiNDU5IiwidWlkIjoiMjk2Yjg3MjQtODM5Zi00MjY3LWIyYTQtNGYzYTg0ZWQ5MDFjIiwiZXhwIjoxNzYxMjM5MTEwLCJpYXQiOjE3NjEyMTc1MTB9.xElaBaXntwAb2rQcrwkbENB1CQCG1wZoTimgRmNzsRk;Path=/;Max-Age=21600;HttpOnly;Expires=23/10/25, 5:05 pm;SameSite=Lax
2025-10-23 16:35:43 [main] INFO  Log:33 - Current cookies being sent: auth_token=eyJhbGciOiJIUzI1NiIsInR5cCI6IkpXVCJ9.eyJzaWQiOiI5YzgyNDNjMmI3ZWQ0NmE5ODQ5YTJkMzg0NDQwYjFkOSIsImF0ayI6IjU2YmNjY2Q2Y2UzNDRjNTZhYTQyMjY1MWU5MjdiNDU5IiwidWlkIjoiMjk2Yjg3MjQtODM5Zi00MjY3LWIyYTQtNGYzYTg0ZWQ5MDFjIiwiZXhwIjoxNzYxMjM5MTEwLCJpYXQiOjE3NjEyMTc1MTB9.xElaBaXntwAb2rQcrwkbENB1CQCG1wZoTimgRmNzsRk;Path=/;Max-Age=21600;HttpOnly;Expires=23/10/25, 5:05 pm;SameSite=Lax
2025-10-23 16:35:44 [main] INFO  Log:33 - Current cookies being sent: auth_token=eyJhbGciOiJIUzI1NiIsInR5cCI6IkpXVCJ9.eyJzaWQiOiI5YzgyNDNjMmI3ZWQ0NmE5ODQ5YTJkMzg0NDQwYjFkOSIsImF0ayI6IjU2YmNjY2Q2Y2UzNDRjNTZhYTQyMjY1MWU5MjdiNDU5IiwidWlkIjoiMjk2Yjg3MjQtODM5Zi00MjY3LWIyYTQtNGYzYTg0ZWQ5MDFjIiwiZXhwIjoxNzYxMjM5MTEwLCJpYXQiOjE3NjEyMTc1MTB9.xElaBaXntwAb2rQcrwkbENB1CQCG1wZoTimgRmNzsRk;Path=/;Max-Age=21600;HttpOnly;Expires=23/10/25, 5:05 pm;SameSite=Lax
2025-10-23 16:35:44 [main] INFO  Log:33 - Current cookies being sent: auth_token=eyJhbGciOiJIUzI1NiIsInR5cCI6IkpXVCJ9.eyJzaWQiOiI5YzgyNDNjMmI3ZWQ0NmE5ODQ5YTJkMzg0NDQwYjFkOSIsImF0ayI6IjU2YmNjY2Q2Y2UzNDRjNTZhYTQyMjY1MWU5MjdiNDU5IiwidWlkIjoiMjk2Yjg3MjQtODM5Zi00MjY3LWIyYTQtNGYzYTg0ZWQ5MDFjIiwiZXhwIjoxNzYxMjM5MTEwLCJpYXQiOjE3NjEyMTc1MTB9.xElaBaXntwAb2rQcrwkbENB1CQCG1wZoTimgRmNzsRk;Path=/;Max-Age=21600;HttpOnly;Expires=23/10/25, 5:05 pm;SameSite=Lax
2025-10-23 16:35:44 [main] INFO  Log:33 - Current cookies being sent: auth_token=eyJhbGciOiJIUzI1NiIsInR5cCI6IkpXVCJ9.eyJzaWQiOiI5YzgyNDNjMmI3ZWQ0NmE5ODQ5YTJkMzg0NDQwYjFkOSIsImF0ayI6IjU2YmNjY2Q2Y2UzNDRjNTZhYTQyMjY1MWU5MjdiNDU5IiwidWlkIjoiMjk2Yjg3MjQtODM5Zi00MjY3LWIyYTQtNGYzYTg0ZWQ5MDFjIiwiZXhwIjoxNzYxMjM5MTEwLCJpYXQiOjE3NjEyMTc1MTB9.xElaBaXntwAb2rQcrwkbENB1CQCG1wZoTimgRmNzsRk;Path=/;Max-Age=21600;HttpOnly;Expires=23/10/25, 5:05 pm;SameSite=Lax
2025-10-23 16:35:45 [main] INFO  Log:33 - Current cookies being sent: auth_token=eyJhbGciOiJIUzI1NiIsInR5cCI6IkpXVCJ9.eyJzaWQiOiI5YzgyNDNjMmI3ZWQ0NmE5ODQ5YTJkMzg0NDQwYjFkOSIsImF0ayI6IjU2YmNjY2Q2Y2UzNDRjNTZhYTQyMjY1MWU5MjdiNDU5IiwidWlkIjoiMjk2Yjg3MjQtODM5Zi00MjY3LWIyYTQtNGYzYTg0ZWQ5MDFjIiwiZXhwIjoxNzYxMjM5MTEwLCJpYXQiOjE3NjEyMTc1MTB9.xElaBaXntwAb2rQcrwkbENB1CQCG1wZoTimgRmNzsRk;Path=/;Max-Age=21600;HttpOnly;Expires=23/10/25, 5:05 pm;SameSite=Lax
2025-10-23 16:35:46 [main] INFO  Log:33 - Current cookies being sent: auth_token=eyJhbGciOiJIUzI1NiIsInR5cCI6IkpXVCJ9.eyJzaWQiOiI5YzgyNDNjMmI3ZWQ0NmE5ODQ5YTJkMzg0NDQwYjFkOSIsImF0ayI6IjU2YmNjY2Q2Y2UzNDRjNTZhYTQyMjY1MWU5MjdiNDU5IiwidWlkIjoiMjk2Yjg3MjQtODM5Zi00MjY3LWIyYTQtNGYzYTg0ZWQ5MDFjIiwiZXhwIjoxNzYxMjM5MTEwLCJpYXQiOjE3NjEyMTc1MTB9.xElaBaXntwAb2rQcrwkbENB1CQCG1wZoTimgRmNzsRk;Path=/;Max-Age=21600;HttpOnly;Expires=23/10/25, 5:05 pm;SameSite=Lax
2025-10-23 16:35:46 [main] INFO  Log:33 - Current cookies being sent: auth_token=eyJhbGciOiJIUzI1NiIsInR5cCI6IkpXVCJ9.eyJzaWQiOiI5YzgyNDNjMmI3ZWQ0NmE5ODQ5YTJkMzg0NDQwYjFkOSIsImF0ayI6IjU2YmNjY2Q2Y2UzNDRjNTZhYTQyMjY1MWU5MjdiNDU5IiwidWlkIjoiMjk2Yjg3MjQtODM5Zi00MjY3LWIyYTQtNGYzYTg0ZWQ5MDFjIiwiZXhwIjoxNzYxMjM5MTEwLCJpYXQiOjE3NjEyMTc1MTB9.xElaBaXntwAb2rQcrwkbENB1CQCG1wZoTimgRmNzsRk;Path=/;Max-Age=21600;HttpOnly;Expires=23/10/25, 5:05 pm;SameSite=Lax
2025-10-23 16:35:47 [main] INFO  Log:33 - Current cookies being sent: auth_token=eyJhbGciOiJIUzI1NiIsInR5cCI6IkpXVCJ9.eyJzaWQiOiI5YzgyNDNjMmI3ZWQ0NmE5ODQ5YTJkMzg0NDQwYjFkOSIsImF0ayI6IjU2YmNjY2Q2Y2UzNDRjNTZhYTQyMjY1MWU5MjdiNDU5IiwidWlkIjoiMjk2Yjg3MjQtODM5Zi00MjY3LWIyYTQtNGYzYTg0ZWQ5MDFjIiwiZXhwIjoxNzYxMjM5MTEwLCJpYXQiOjE3NjEyMTc1MTB9.xElaBaXntwAb2rQcrwkbENB1CQCG1wZoTimgRmNzsRk;Path=/;Max-Age=21600;HttpOnly;Expires=23/10/25, 5:05 pm;SameSite=Lax
2025-10-23 16:35:47 [main] INFO  Log:33 - Current cookies being sent: auth_token=eyJhbGciOiJIUzI1NiIsInR5cCI6IkpXVCJ9.eyJzaWQiOiI5YzgyNDNjMmI3ZWQ0NmE5ODQ5YTJkMzg0NDQwYjFkOSIsImF0ayI6IjU2YmNjY2Q2Y2UzNDRjNTZhYTQyMjY1MWU5MjdiNDU5IiwidWlkIjoiMjk2Yjg3MjQtODM5Zi00MjY3LWIyYTQtNGYzYTg0ZWQ5MDFjIiwiZXhwIjoxNzYxMjM5MTEwLCJpYXQiOjE3NjEyMTc1MTB9.xElaBaXntwAb2rQcrwkbENB1CQCG1wZoTimgRmNzsRk;Path=/;Max-Age=21600;HttpOnly;Expires=23/10/25, 5:05 pm;SameSite=Lax
2025-10-23 16:35:47 [main] INFO  Log:33 - Current cookies being sent: auth_token=eyJhbGciOiJIUzI1NiIsInR5cCI6IkpXVCJ9.eyJzaWQiOiI5YzgyNDNjMmI3ZWQ0NmE5ODQ5YTJkMzg0NDQwYjFkOSIsImF0ayI6IjU2YmNjY2Q2Y2UzNDRjNTZhYTQyMjY1MWU5MjdiNDU5IiwidWlkIjoiMjk2Yjg3MjQtODM5Zi00MjY3LWIyYTQtNGYzYTg0ZWQ5MDFjIiwiZXhwIjoxNzYxMjM5MTEwLCJpYXQiOjE3NjEyMTc1MTB9.xElaBaXntwAb2rQcrwkbENB1CQCG1wZoTimgRmNzsRk;Path=/;Max-Age=21600;HttpOnly;Expires=23/10/25, 5:05 pm;SameSite=Lax
2025-10-23 16:35:48 [main] INFO  Log:33 - Current cookies being sent: auth_token=eyJhbGciOiJIUzI1NiIsInR5cCI6IkpXVCJ9.eyJzaWQiOiI5YzgyNDNjMmI3ZWQ0NmE5ODQ5YTJkMzg0NDQwYjFkOSIsImF0ayI6IjU2YmNjY2Q2Y2UzNDRjNTZhYTQyMjY1MWU5MjdiNDU5IiwidWlkIjoiMjk2Yjg3MjQtODM5Zi00MjY3LWIyYTQtNGYzYTg0ZWQ5MDFjIiwiZXhwIjoxNzYxMjM5MTEwLCJpYXQiOjE3NjEyMTc1MTB9.xElaBaXntwAb2rQcrwkbENB1CQCG1wZoTimgRmNzsRk;Path=/;Max-Age=21600;HttpOnly;Expires=23/10/25, 5:05 pm;SameSite=Lax
2025-10-23 16:35:48 [main] INFO  Log:33 - Current cookies being sent: auth_token=eyJhbGciOiJIUzI1NiIsInR5cCI6IkpXVCJ9.eyJzaWQiOiI5YzgyNDNjMmI3ZWQ0NmE5ODQ5YTJkMzg0NDQwYjFkOSIsImF0ayI6IjU2YmNjY2Q2Y2UzNDRjNTZhYTQyMjY1MWU5MjdiNDU5IiwidWlkIjoiMjk2Yjg3MjQtODM5Zi00MjY3LWIyYTQtNGYzYTg0ZWQ5MDFjIiwiZXhwIjoxNzYxMjM5MTEwLCJpYXQiOjE3NjEyMTc1MTB9.xElaBaXntwAb2rQcrwkbENB1CQCG1wZoTimgRmNzsRk;Path=/;Max-Age=21600;HttpOnly;Expires=23/10/25, 5:05 pm;SameSite=Lax
2025-10-23 16:35:48 [main] INFO  Log:33 - Cookies:auth_token=eyJhbGciOiJIUzI1NiIsInR5cCI6IkpXVCJ9.eyJzaWQiOiI5YzgyNDNjMmI3ZWQ0NmE5ODQ5YTJkMzg0NDQwYjFkOSIsImF0ayI6IjU2YmNjY2Q2Y2UzNDRjNTZhYTQyMjY1MWU5MjdiNDU5IiwidWlkIjoiMjk2Yjg3MjQtODM5Zi00MjY3LWIyYTQtNGYzYTg0ZWQ5MDFjIiwiZXhwIjoxNzYxMjM5MTEwLCJpYXQiOjE3NjEyMTc1MTB9.xElaBaXntwAb2rQcrwkbENB1CQCG1wZoTimgRmNzsRk;Path=/;Max-Age=21600;HttpOnly;Expires=23/10/25, 5:05 pm;SameSite=Lax
2025-10-23 16:35:48 [main] INFO  Log:33 - Current cookies being sent: auth_token=eyJhbGciOiJIUzI1NiIsInR5cCI6IkpXVCJ9.eyJzaWQiOiI5YzgyNDNjMmI3ZWQ0NmE5ODQ5YTJkMzg0NDQwYjFkOSIsImF0ayI6IjU2YmNjY2Q2Y2UzNDRjNTZhYTQyMjY1MWU5MjdiNDU5IiwidWlkIjoiMjk2Yjg3MjQtODM5Zi00MjY3LWIyYTQtNGYzYTg0ZWQ5MDFjIiwiZXhwIjoxNzYxMjM5MTEwLCJpYXQiOjE3NjEyMTc1MTB9.xElaBaXntwAb2rQcrwkbENB1CQCG1wZoTimgRmNzsRk;Path=/;Max-Age=21600;HttpOnly;Expires=23/10/25, 5:05 pm;SameSite=Lax
2025-10-23 16:35:49 [main] INFO  Log:33 - Cookies:auth_token=eyJhbGciOiJIUzI1NiIsInR5cCI6IkpXVCJ9.eyJzaWQiOiI5YzgyNDNjMmI3ZWQ0NmE5ODQ5YTJkMzg0NDQwYjFkOSIsImF0ayI6IjU2YmNjY2Q2Y2UzNDRjNTZhYTQyMjY1MWU5MjdiNDU5IiwidWlkIjoiMjk2Yjg3MjQtODM5Zi00MjY3LWIyYTQtNGYzYTg0ZWQ5MDFjIiwiZXhwIjoxNzYxMjM5MTEwLCJpYXQiOjE3NjEyMTc1MTB9.xElaBaXntwAb2rQcrwkbENB1CQCG1wZoTimgRmNzsRk;Path=/;Max-Age=21600;HttpOnly;Expires=23/10/25, 5:05 pm;SameSite=Lax
2025-10-23 16:35:49 [main] INFO  Log:33 - Current cookies being sent: auth_token=eyJhbGciOiJIUzI1NiIsInR5cCI6IkpXVCJ9.eyJzaWQiOiI5YzgyNDNjMmI3ZWQ0NmE5ODQ5YTJkMzg0NDQwYjFkOSIsImF0ayI6IjU2YmNjY2Q2Y2UzNDRjNTZhYTQyMjY1MWU5MjdiNDU5IiwidWlkIjoiMjk2Yjg3MjQtODM5Zi00MjY3LWIyYTQtNGYzYTg0ZWQ5MDFjIiwiZXhwIjoxNzYxMjM5MTEwLCJpYXQiOjE3NjEyMTc1MTB9.xElaBaXntwAb2rQcrwkbENB1CQCG1wZoTimgRmNzsRk;Path=/;Max-Age=21600;HttpOnly;Expires=23/10/25, 5:05 pm;SameSite=Lax
2025-10-23 16:35:49 [main] INFO  Log:33 - Cookies:auth_token=eyJhbGciOiJIUzI1NiIsInR5cCI6IkpXVCJ9.eyJzaWQiOiI5YzgyNDNjMmI3ZWQ0NmE5ODQ5YTJkMzg0NDQwYjFkOSIsImF0ayI6IjU2YmNjY2Q2Y2UzNDRjNTZhYTQyMjY1MWU5MjdiNDU5IiwidWlkIjoiMjk2Yjg3MjQtODM5Zi00MjY3LWIyYTQtNGYzYTg0ZWQ5MDFjIiwiZXhwIjoxNzYxMjM5MTEwLCJpYXQiOjE3NjEyMTc1MTB9.xElaBaXntwAb2rQcrwkbENB1CQCG1wZoTimgRmNzsRk;Path=/;Max-Age=21600;HttpOnly;Expires=23/10/25, 5:05 pm;SameSite=Lax
2025-10-23 16:35:49 [main] INFO  Log:33 - Current cookies being sent: auth_token=eyJhbGciOiJIUzI1NiIsInR5cCI6IkpXVCJ9.eyJzaWQiOiI5YzgyNDNjMmI3ZWQ0NmE5ODQ5YTJkMzg0NDQwYjFkOSIsImF0ayI6IjU2YmNjY2Q2Y2UzNDRjNTZhYTQyMjY1MWU5MjdiNDU5IiwidWlkIjoiMjk2Yjg3MjQtODM5Zi00MjY3LWIyYTQtNGYzYTg0ZWQ5MDFjIiwiZXhwIjoxNzYxMjM5MTEwLCJpYXQiOjE3NjEyMTc1MTB9.xElaBaXntwAb2rQcrwkbENB1CQCG1wZoTimgRmNzsRk;Path=/;Max-Age=21600;HttpOnly;Expires=23/10/25, 5:05 pm;SameSite=Lax
2025-10-23 16:35:49 [main] INFO  Log:33 - Cookies:auth_token=eyJhbGciOiJIUzI1NiIsInR5cCI6IkpXVCJ9.eyJzaWQiOiI5YzgyNDNjMmI3ZWQ0NmE5ODQ5YTJkMzg0NDQwYjFkOSIsImF0ayI6IjU2YmNjY2Q2Y2UzNDRjNTZhYTQyMjY1MWU5MjdiNDU5IiwidWlkIjoiMjk2Yjg3MjQtODM5Zi00MjY3LWIyYTQtNGYzYTg0ZWQ5MDFjIiwiZXhwIjoxNzYxMjM5MTEwLCJpYXQiOjE3NjEyMTc1MTB9.xElaBaXntwAb2rQcrwkbENB1CQCG1wZoTimgRmNzsRk;Path=/;Max-Age=21600;HttpOnly;Expires=23/10/25, 5:05 pm;SameSite=Lax
2025-10-23 17:07:33 [main] INFO  Log:33 - Current cookies being sent: 
2025-10-23 17:07:36 [main] INFO  Log:33 - Current cookies being sent: 
2025-10-23 17:07:36 [main] INFO  Log:33 - Current cookies being sent: 
2025-10-23 17:07:36 [main] INFO  Log:33 - Current cookies being sent: 
2025-10-23 17:07:36 [main] INFO  Log:33 - Current cookies being sent: 
2025-10-23 17:07:37 [main] INFO  Log:33 - Current cookies being sent: 
2025-10-23 17:07:37 [main] INFO  Log:33 - Current cookies being sent: 
2025-10-23 17:07:37 [main] INFO  Log:33 - Current cookies being sent: 
2025-10-23 17:07:37 [main] INFO  Log:33 - Current cookies being sent: 
2025-10-23 17:07:37 [main] INFO  Log:33 - Current cookies being sent: 
2025-10-23 17:07:38 [main] INFO  Log:33 - Current cookies being sent: 
2025-10-23 17:07:42 [main] INFO  Log:33 - Current cookies being sent: 
2025-10-23 17:07:46 [main] INFO  Log:33 - Current cookies being sent: 
2025-10-23 17:07:52 [main] INFO  Log:33 - Current cookies being sent: 
2025-10-23 17:07:56 [main] INFO  Log:33 - Current cookies being sent: 
2025-10-23 17:07:56 [main] INFO  Log:33 - Current cookies being sent: 
2025-10-23 17:07:57 [main] INFO  Log:33 - Current cookies being sent: 
2025-10-23 17:07:58 [main] INFO  Log:33 - Current cookies being sent: 
2025-10-23 17:07:59 [main] INFO  Log:33 - Current cookies being sent: 
2025-10-23 17:08:00 [main] INFO  Log:33 - Current cookies being sent: 
2025-10-23 17:08:01 [main] INFO  Log:33 - Current cookies being sent: 
2025-10-23 17:08:01 [main] INFO  Log:33 - Current cookies being sent: 
2025-10-23 17:08:01 [main] INFO  Log:33 - Current cookies being sent: 
2025-10-23 17:08:02 [main] INFO  Log:33 - Current cookies being sent: 
2025-10-23 17:08:07 [main] INFO  Log:33 - mail:aykejhiq@mybizz.com
2025-10-23 17:08:07 [main] INFO  Log:33 - password:b27z@y8UbQc0
2025-10-23 17:08:07 [main] INFO  Log:33 - Current cookies being sent: 
2025-10-23 17:08:08 [main] INFO  Log:33 - Current cookies being sent: 
2025-10-23 17:08:13 [main] INFO  Log:33 - Current cookies being sent: 
2025-10-23 17:08:14 [main] INFO  Log:33 - Current cookies being sent: 
2025-10-23 17:08:14 [main] INFO  Log:33 - Current cookies being sent: 
2025-10-23 17:08:14 [main] INFO  Log:33 - Current cookies being sent: 
2025-10-23 17:08:14 [main] INFO  Log:33 - Current cookies being sent: 
2025-10-23 17:08:14 [main] INFO  Log:33 - Current cookies being sent: 
2025-10-23 17:08:15 [main] INFO  Log:33 - Current cookies being sent: 
2025-10-23 17:08:15 [main] INFO  Log:33 - Current cookies being sent: 
2025-10-23 17:08:15 [main] INFO  Log:33 - Current cookies being sent: 
2025-10-23 17:08:15 [main] INFO  Log:33 - Current cookies being sent: 
2025-10-23 17:08:15 [main] INFO  Log:33 - Current cookies being sent: 
2025-10-23 17:08:16 [main] INFO  Log:33 - Current cookies being sent: 
2025-10-23 17:08:16 [main] INFO  Log:33 - Current cookies being sent: 
2025-10-23 17:08:16 [main] INFO  Log:33 - Current cookies being sent: 
2025-10-23 17:08:16 [main] INFO  Log:33 - Current cookies being sent: 
2025-10-23 17:08:16 [main] INFO  Log:33 - Current cookies being sent: 
2025-10-23 17:08:17 [main] INFO  Log:33 - Current cookies being sent: 
2025-10-23 17:08:17 [main] INFO  Log:33 - Current cookies being sent: 
2025-10-23 17:08:17 [main] INFO  Log:33 - Current cookies being sent: 
2025-10-23 17:08:17 [main] INFO  Log:33 - Current cookies being sent: 
2025-10-23 17:08:18 [main] INFO  Log:33 - Current cookies being sent: 
2025-10-23 17:08:19 [main] INFO  Log:33 - Current cookies being sent: 
2025-10-23 17:08:20 [main] INFO  Log:33 - Current cookies being sent: 
2025-10-23 17:08:20 [main] INFO  Log:33 - authorization_token: eyJhbGciOiJIUzI1NiIsInR5cCI6IkpXVCJ9.eyJzaWQiOiI1MTZiZWY1NGZhNjM0Y2UzODVjOWU1YzYyMTVjNTAwMyIsImF0ayI6IjJkMGMwMWVjODVlYzQ2ZDA5MTk2ZTBhOTRiZDBkZTk5IiwiZXhwIjoxNzYxMjIwMTAxLCJpYXQiOjE3NjEyMTk1MDF9.xWPD_sCg67a99dFO_d_H2_dHuGneBR7rrZk1b3Uk45U
2025-10-23 17:08:20 [main] INFO  Log:33 - Current cookies being sent: 
2025-10-23 17:08:21 [main] INFO  Log:33 - stored cookie: auth_token=eyJhbGciOiJIUzI1NiIsInR5cCI6IkpXVCJ9.eyJzaWQiOiI1MTZiZWY1NGZhNjM0Y2UzODVjOWU1YzYyMTVjNTAwMyIsImF0ayI6IjcxMzBmMjhlM2Y3NTRjMjM5NGNiNjllMDliOTU4NTUxIiwidWlkIjoiMjk2Yjg3MjQtODM5Zi00MjY3LWIyYTQtNGYzYTg0ZWQ5MDFjIiwiZXhwIjoxNzYxMjQxMTAxLCJpYXQiOjE3NjEyMTk1MDF9.KMTgIdubpTirq2iCPBT2gEdjfakHrq2zcIW0XbrUxk0;Path=/;Max-Age=21600;HttpOnly;Expires=23/10/25, 5:38 pm;SameSite=Lax
2025-10-23 17:08:21 [main] INFO  Log:33 - authorization_token: null
2025-10-23 17:08:21 [main] INFO  Log:33 - Current cookies being sent: auth_token=eyJhbGciOiJIUzI1NiIsInR5cCI6IkpXVCJ9.eyJzaWQiOiI1MTZiZWY1NGZhNjM0Y2UzODVjOWU1YzYyMTVjNTAwMyIsImF0ayI6IjcxMzBmMjhlM2Y3NTRjMjM5NGNiNjllMDliOTU4NTUxIiwidWlkIjoiMjk2Yjg3MjQtODM5Zi00MjY3LWIyYTQtNGYzYTg0ZWQ5MDFjIiwiZXhwIjoxNzYxMjQxMTAxLCJpYXQiOjE3NjEyMTk1MDF9.KMTgIdubpTirq2iCPBT2gEdjfakHrq2zcIW0XbrUxk0;Path=/;Max-Age=21600;HttpOnly;Expires=23/10/25, 5:38 pm;SameSite=Lax
2025-10-23 17:08:22 [main] INFO  Log:33 - Current cookies being sent: auth_token=eyJhbGciOiJIUzI1NiIsInR5cCI6IkpXVCJ9.eyJzaWQiOiI1MTZiZWY1NGZhNjM0Y2UzODVjOWU1YzYyMTVjNTAwMyIsImF0ayI6IjcxMzBmMjhlM2Y3NTRjMjM5NGNiNjllMDliOTU4NTUxIiwidWlkIjoiMjk2Yjg3MjQtODM5Zi00MjY3LWIyYTQtNGYzYTg0ZWQ5MDFjIiwiZXhwIjoxNzYxMjQxMTAxLCJpYXQiOjE3NjEyMTk1MDF9.KMTgIdubpTirq2iCPBT2gEdjfakHrq2zcIW0XbrUxk0;Path=/;Max-Age=21600;HttpOnly;Expires=23/10/25, 5:38 pm;SameSite=Lax
2025-10-23 17:08:26 [main] INFO  Log:33 - authorization_token: eyJhbGciOiJIUzI1NiIsInR5cCI6IkpXVCJ9.eyJzaWQiOiIzZDE1MDYwZmNlYzc0NzhmOWQzMzQzMDc5YjAxN2EzOCIsImF0ayI6IjU3N2VhZjBkNWEwNjRjZTg4ZjkwZmRiM2RjZTk5ZmNlIiwiZXhwIjoxNzYxMjIwMTAzLCJpYXQiOjE3NjEyMTk1MDN9.YM2JAGLAOm1tBTlAiGZ-8wl2sTfxmOjZ1dpck2r6lHY
2025-10-23 17:08:26 [main] INFO  Log:33 - Current cookies being sent: auth_token=eyJhbGciOiJIUzI1NiIsInR5cCI6IkpXVCJ9.eyJzaWQiOiI1MTZiZWY1NGZhNjM0Y2UzODVjOWU1YzYyMTVjNTAwMyIsImF0ayI6IjcxMzBmMjhlM2Y3NTRjMjM5NGNiNjllMDliOTU4NTUxIiwidWlkIjoiMjk2Yjg3MjQtODM5Zi00MjY3LWIyYTQtNGYzYTg0ZWQ5MDFjIiwiZXhwIjoxNzYxMjQxMTAxLCJpYXQiOjE3NjEyMTk1MDF9.KMTgIdubpTirq2iCPBT2gEdjfakHrq2zcIW0XbrUxk0;Path=/;Max-Age=21600;HttpOnly;Expires=23/10/25, 5:38 pm;SameSite=Lax
2025-10-23 17:08:27 [main] INFO  Log:33 - stored cookie: auth_token=eyJhbGciOiJIUzI1NiIsInR5cCI6IkpXVCJ9.eyJzaWQiOiIzZDE1MDYwZmNlYzc0NzhmOWQzMzQzMDc5YjAxN2EzOCIsImF0ayI6Ijc1NTYwNGI3YzQxMjQ3NGE5NzFlYWZhNjEzZjJlZmQ1IiwidWlkIjoiMjk2Yjg3MjQtODM5Zi00MjY3LWIyYTQtNGYzYTg0ZWQ5MDFjIiwiZXhwIjoxNzYxMjQxMTA3LCJpYXQiOjE3NjEyMTk1MDd9.vYqyfHMQFRvJCoTBetZVI9aAeNRf_Z9cnw4_iSkkKrg;Path=/;Max-Age=21600;HttpOnly;Expires=23/10/25, 5:38 pm;SameSite=Lax
2025-10-23 17:08:27 [main] INFO  Log:33 - Current cookies being sent: auth_token=eyJhbGciOiJIUzI1NiIsInR5cCI6IkpXVCJ9.eyJzaWQiOiIzZDE1MDYwZmNlYzc0NzhmOWQzMzQzMDc5YjAxN2EzOCIsImF0ayI6Ijc1NTYwNGI3YzQxMjQ3NGE5NzFlYWZhNjEzZjJlZmQ1IiwidWlkIjoiMjk2Yjg3MjQtODM5Zi00MjY3LWIyYTQtNGYzYTg0ZWQ5MDFjIiwiZXhwIjoxNzYxMjQxMTA3LCJpYXQiOjE3NjEyMTk1MDd9.vYqyfHMQFRvJCoTBetZVI9aAeNRf_Z9cnw4_iSkkKrg;Path=/;Max-Age=21600;HttpOnly;Expires=23/10/25, 5:38 pm;SameSite=Lax
2025-10-23 17:08:27 [main] INFO  Log:33 - Current cookies being sent: auth_token=eyJhbGciOiJIUzI1NiIsInR5cCI6IkpXVCJ9.eyJzaWQiOiIzZDE1MDYwZmNlYzc0NzhmOWQzMzQzMDc5YjAxN2EzOCIsImF0ayI6Ijc1NTYwNGI3YzQxMjQ3NGE5NzFlYWZhNjEzZjJlZmQ1IiwidWlkIjoiMjk2Yjg3MjQtODM5Zi00MjY3LWIyYTQtNGYzYTg0ZWQ5MDFjIiwiZXhwIjoxNzYxMjQxMTA3LCJpYXQiOjE3NjEyMTk1MDd9.vYqyfHMQFRvJCoTBetZVI9aAeNRf_Z9cnw4_iSkkKrg;Path=/;Max-Age=21600;HttpOnly;Expires=23/10/25, 5:38 pm;SameSite=Lax
2025-10-23 17:08:28 [main] INFO  Log:33 - Current cookies being sent: auth_token=eyJhbGciOiJIUzI1NiIsInR5cCI6IkpXVCJ9.eyJzaWQiOiIzZDE1MDYwZmNlYzc0NzhmOWQzMzQzMDc5YjAxN2EzOCIsImF0ayI6Ijc1NTYwNGI3YzQxMjQ3NGE5NzFlYWZhNjEzZjJlZmQ1IiwidWlkIjoiMjk2Yjg3MjQtODM5Zi00MjY3LWIyYTQtNGYzYTg0ZWQ5MDFjIiwiZXhwIjoxNzYxMjQxMTA3LCJpYXQiOjE3NjEyMTk1MDd9.vYqyfHMQFRvJCoTBetZVI9aAeNRf_Z9cnw4_iSkkKrg;Path=/;Max-Age=21600;HttpOnly;Expires=23/10/25, 5:38 pm;SameSite=Lax
2025-10-23 17:08:28 [main] INFO  Log:33 - Current cookies being sent: auth_token=eyJhbGciOiJIUzI1NiIsInR5cCI6IkpXVCJ9.eyJzaWQiOiIzZDE1MDYwZmNlYzc0NzhmOWQzMzQzMDc5YjAxN2EzOCIsImF0ayI6Ijc1NTYwNGI3YzQxMjQ3NGE5NzFlYWZhNjEzZjJlZmQ1IiwidWlkIjoiMjk2Yjg3MjQtODM5Zi00MjY3LWIyYTQtNGYzYTg0ZWQ5MDFjIiwiZXhwIjoxNzYxMjQxMTA3LCJpYXQiOjE3NjEyMTk1MDd9.vYqyfHMQFRvJCoTBetZVI9aAeNRf_Z9cnw4_iSkkKrg;Path=/;Max-Age=21600;HttpOnly;Expires=23/10/25, 5:38 pm;SameSite=Lax
2025-10-23 17:08:28 [main] INFO  Log:33 - Current cookies being sent: auth_token=eyJhbGciOiJIUzI1NiIsInR5cCI6IkpXVCJ9.eyJzaWQiOiIzZDE1MDYwZmNlYzc0NzhmOWQzMzQzMDc5YjAxN2EzOCIsImF0ayI6Ijc1NTYwNGI3YzQxMjQ3NGE5NzFlYWZhNjEzZjJlZmQ1IiwidWlkIjoiMjk2Yjg3MjQtODM5Zi00MjY3LWIyYTQtNGYzYTg0ZWQ5MDFjIiwiZXhwIjoxNzYxMjQxMTA3LCJpYXQiOjE3NjEyMTk1MDd9.vYqyfHMQFRvJCoTBetZVI9aAeNRf_Z9cnw4_iSkkKrg;Path=/;Max-Age=21600;HttpOnly;Expires=23/10/25, 5:38 pm;SameSite=Lax
2025-10-23 17:08:29 [main] INFO  Log:33 - Current cookies being sent: auth_token=eyJhbGciOiJIUzI1NiIsInR5cCI6IkpXVCJ9.eyJzaWQiOiIzZDE1MDYwZmNlYzc0NzhmOWQzMzQzMDc5YjAxN2EzOCIsImF0ayI6Ijc1NTYwNGI3YzQxMjQ3NGE5NzFlYWZhNjEzZjJlZmQ1IiwidWlkIjoiMjk2Yjg3MjQtODM5Zi00MjY3LWIyYTQtNGYzYTg0ZWQ5MDFjIiwiZXhwIjoxNzYxMjQxMTA3LCJpYXQiOjE3NjEyMTk1MDd9.vYqyfHMQFRvJCoTBetZVI9aAeNRf_Z9cnw4_iSkkKrg;Path=/;Max-Age=21600;HttpOnly;Expires=23/10/25, 5:38 pm;SameSite=Lax
2025-10-23 17:08:29 [main] INFO  Log:33 - Current cookies being sent: auth_token=eyJhbGciOiJIUzI1NiIsInR5cCI6IkpXVCJ9.eyJzaWQiOiIzZDE1MDYwZmNlYzc0NzhmOWQzMzQzMDc5YjAxN2EzOCIsImF0ayI6Ijc1NTYwNGI3YzQxMjQ3NGE5NzFlYWZhNjEzZjJlZmQ1IiwidWlkIjoiMjk2Yjg3MjQtODM5Zi00MjY3LWIyYTQtNGYzYTg0ZWQ5MDFjIiwiZXhwIjoxNzYxMjQxMTA3LCJpYXQiOjE3NjEyMTk1MDd9.vYqyfHMQFRvJCoTBetZVI9aAeNRf_Z9cnw4_iSkkKrg;Path=/;Max-Age=21600;HttpOnly;Expires=23/10/25, 5:38 pm;SameSite=Lax
2025-10-23 17:08:29 [main] INFO  Log:33 - Current cookies being sent: auth_token=eyJhbGciOiJIUzI1NiIsInR5cCI6IkpXVCJ9.eyJzaWQiOiIzZDE1MDYwZmNlYzc0NzhmOWQzMzQzMDc5YjAxN2EzOCIsImF0ayI6Ijc1NTYwNGI3YzQxMjQ3NGE5NzFlYWZhNjEzZjJlZmQ1IiwidWlkIjoiMjk2Yjg3MjQtODM5Zi00MjY3LWIyYTQtNGYzYTg0ZWQ5MDFjIiwiZXhwIjoxNzYxMjQxMTA3LCJpYXQiOjE3NjEyMTk1MDd9.vYqyfHMQFRvJCoTBetZVI9aAeNRf_Z9cnw4_iSkkKrg;Path=/;Max-Age=21600;HttpOnly;Expires=23/10/25, 5:38 pm;SameSite=Lax
2025-10-23 17:08:30 [main] INFO  Log:33 - Current cookies being sent: auth_token=eyJhbGciOiJIUzI1NiIsInR5cCI6IkpXVCJ9.eyJzaWQiOiIzZDE1MDYwZmNlYzc0NzhmOWQzMzQzMDc5YjAxN2EzOCIsImF0ayI6Ijc1NTYwNGI3YzQxMjQ3NGE5NzFlYWZhNjEzZjJlZmQ1IiwidWlkIjoiMjk2Yjg3MjQtODM5Zi00MjY3LWIyYTQtNGYzYTg0ZWQ5MDFjIiwiZXhwIjoxNzYxMjQxMTA3LCJpYXQiOjE3NjEyMTk1MDd9.vYqyfHMQFRvJCoTBetZVI9aAeNRf_Z9cnw4_iSkkKrg;Path=/;Max-Age=21600;HttpOnly;Expires=23/10/25, 5:38 pm;SameSite=Lax
2025-10-23 17:08:30 [main] INFO  Log:33 - Current cookies being sent: auth_token=eyJhbGciOiJIUzI1NiIsInR5cCI6IkpXVCJ9.eyJzaWQiOiIzZDE1MDYwZmNlYzc0NzhmOWQzMzQzMDc5YjAxN2EzOCIsImF0ayI6Ijc1NTYwNGI3YzQxMjQ3NGE5NzFlYWZhNjEzZjJlZmQ1IiwidWlkIjoiMjk2Yjg3MjQtODM5Zi00MjY3LWIyYTQtNGYzYTg0ZWQ5MDFjIiwiZXhwIjoxNzYxMjQxMTA3LCJpYXQiOjE3NjEyMTk1MDd9.vYqyfHMQFRvJCoTBetZVI9aAeNRf_Z9cnw4_iSkkKrg;Path=/;Max-Age=21600;HttpOnly;Expires=23/10/25, 5:38 pm;SameSite=Lax
2025-10-23 17:08:30 [main] INFO  Log:33 - Current cookies being sent: auth_token=eyJhbGciOiJIUzI1NiIsInR5cCI6IkpXVCJ9.eyJzaWQiOiIzZDE1MDYwZmNlYzc0NzhmOWQzMzQzMDc5YjAxN2EzOCIsImF0ayI6Ijc1NTYwNGI3YzQxMjQ3NGE5NzFlYWZhNjEzZjJlZmQ1IiwidWlkIjoiMjk2Yjg3MjQtODM5Zi00MjY3LWIyYTQtNGYzYTg0ZWQ5MDFjIiwiZXhwIjoxNzYxMjQxMTA3LCJpYXQiOjE3NjEyMTk1MDd9.vYqyfHMQFRvJCoTBetZVI9aAeNRf_Z9cnw4_iSkkKrg;Path=/;Max-Age=21600;HttpOnly;Expires=23/10/25, 5:38 pm;SameSite=Lax
2025-10-23 17:08:31 [main] INFO  Log:33 - Current cookies being sent: auth_token=eyJhbGciOiJIUzI1NiIsInR5cCI6IkpXVCJ9.eyJzaWQiOiIzZDE1MDYwZmNlYzc0NzhmOWQzMzQzMDc5YjAxN2EzOCIsImF0ayI6Ijc1NTYwNGI3YzQxMjQ3NGE5NzFlYWZhNjEzZjJlZmQ1IiwidWlkIjoiMjk2Yjg3MjQtODM5Zi00MjY3LWIyYTQtNGYzYTg0ZWQ5MDFjIiwiZXhwIjoxNzYxMjQxMTA3LCJpYXQiOjE3NjEyMTk1MDd9.vYqyfHMQFRvJCoTBetZVI9aAeNRf_Z9cnw4_iSkkKrg;Path=/;Max-Age=21600;HttpOnly;Expires=23/10/25, 5:38 pm;SameSite=Lax
2025-10-23 17:08:31 [main] INFO  Log:33 - Current cookies being sent: auth_token=eyJhbGciOiJIUzI1NiIsInR5cCI6IkpXVCJ9.eyJzaWQiOiIzZDE1MDYwZmNlYzc0NzhmOWQzMzQzMDc5YjAxN2EzOCIsImF0ayI6Ijc1NTYwNGI3YzQxMjQ3NGE5NzFlYWZhNjEzZjJlZmQ1IiwidWlkIjoiMjk2Yjg3MjQtODM5Zi00MjY3LWIyYTQtNGYzYTg0ZWQ5MDFjIiwiZXhwIjoxNzYxMjQxMTA3LCJpYXQiOjE3NjEyMTk1MDd9.vYqyfHMQFRvJCoTBetZVI9aAeNRf_Z9cnw4_iSkkKrg;Path=/;Max-Age=21600;HttpOnly;Expires=23/10/25, 5:38 pm;SameSite=Lax
2025-10-23 17:08:31 [main] INFO  Log:33 - Current cookies being sent: auth_token=eyJhbGciOiJIUzI1NiIsInR5cCI6IkpXVCJ9.eyJzaWQiOiIzZDE1MDYwZmNlYzc0NzhmOWQzMzQzMDc5YjAxN2EzOCIsImF0ayI6Ijc1NTYwNGI3YzQxMjQ3NGE5NzFlYWZhNjEzZjJlZmQ1IiwidWlkIjoiMjk2Yjg3MjQtODM5Zi00MjY3LWIyYTQtNGYzYTg0ZWQ5MDFjIiwiZXhwIjoxNzYxMjQxMTA3LCJpYXQiOjE3NjEyMTk1MDd9.vYqyfHMQFRvJCoTBetZVI9aAeNRf_Z9cnw4_iSkkKrg;Path=/;Max-Age=21600;HttpOnly;Expires=23/10/25, 5:38 pm;SameSite=Lax
2025-10-23 17:08:32 [main] INFO  Log:33 - Current cookies being sent: auth_token=eyJhbGciOiJIUzI1NiIsInR5cCI6IkpXVCJ9.eyJzaWQiOiIzZDE1MDYwZmNlYzc0NzhmOWQzMzQzMDc5YjAxN2EzOCIsImF0ayI6Ijc1NTYwNGI3YzQxMjQ3NGE5NzFlYWZhNjEzZjJlZmQ1IiwidWlkIjoiMjk2Yjg3MjQtODM5Zi00MjY3LWIyYTQtNGYzYTg0ZWQ5MDFjIiwiZXhwIjoxNzYxMjQxMTA3LCJpYXQiOjE3NjEyMTk1MDd9.vYqyfHMQFRvJCoTBetZVI9aAeNRf_Z9cnw4_iSkkKrg;Path=/;Max-Age=21600;HttpOnly;Expires=23/10/25, 5:38 pm;SameSite=Lax
2025-10-23 17:08:32 [main] INFO  Log:33 - Current cookies being sent: auth_token=eyJhbGciOiJIUzI1NiIsInR5cCI6IkpXVCJ9.eyJzaWQiOiIzZDE1MDYwZmNlYzc0NzhmOWQzMzQzMDc5YjAxN2EzOCIsImF0ayI6Ijc1NTYwNGI3YzQxMjQ3NGE5NzFlYWZhNjEzZjJlZmQ1IiwidWlkIjoiMjk2Yjg3MjQtODM5Zi00MjY3LWIyYTQtNGYzYTg0ZWQ5MDFjIiwiZXhwIjoxNzYxMjQxMTA3LCJpYXQiOjE3NjEyMTk1MDd9.vYqyfHMQFRvJCoTBetZVI9aAeNRf_Z9cnw4_iSkkKrg;Path=/;Max-Age=21600;HttpOnly;Expires=23/10/25, 5:38 pm;SameSite=Lax
2025-10-23 17:08:32 [main] INFO  Log:33 - Current cookies being sent: auth_token=eyJhbGciOiJIUzI1NiIsInR5cCI6IkpXVCJ9.eyJzaWQiOiIzZDE1MDYwZmNlYzc0NzhmOWQzMzQzMDc5YjAxN2EzOCIsImF0ayI6Ijc1NTYwNGI3YzQxMjQ3NGE5NzFlYWZhNjEzZjJlZmQ1IiwidWlkIjoiMjk2Yjg3MjQtODM5Zi00MjY3LWIyYTQtNGYzYTg0ZWQ5MDFjIiwiZXhwIjoxNzYxMjQxMTA3LCJpYXQiOjE3NjEyMTk1MDd9.vYqyfHMQFRvJCoTBetZVI9aAeNRf_Z9cnw4_iSkkKrg;Path=/;Max-Age=21600;HttpOnly;Expires=23/10/25, 5:38 pm;SameSite=Lax
2025-10-23 17:08:32 [main] INFO  Log:33 - Current cookies being sent: auth_token=eyJhbGciOiJIUzI1NiIsInR5cCI6IkpXVCJ9.eyJzaWQiOiIzZDE1MDYwZmNlYzc0NzhmOWQzMzQzMDc5YjAxN2EzOCIsImF0ayI6Ijc1NTYwNGI3YzQxMjQ3NGE5NzFlYWZhNjEzZjJlZmQ1IiwidWlkIjoiMjk2Yjg3MjQtODM5Zi00MjY3LWIyYTQtNGYzYTg0ZWQ5MDFjIiwiZXhwIjoxNzYxMjQxMTA3LCJpYXQiOjE3NjEyMTk1MDd9.vYqyfHMQFRvJCoTBetZVI9aAeNRf_Z9cnw4_iSkkKrg;Path=/;Max-Age=21600;HttpOnly;Expires=23/10/25, 5:38 pm;SameSite=Lax
2025-10-23 17:08:33 [main] INFO  Log:33 - Current cookies being sent: auth_token=eyJhbGciOiJIUzI1NiIsInR5cCI6IkpXVCJ9.eyJzaWQiOiIzZDE1MDYwZmNlYzc0NzhmOWQzMzQzMDc5YjAxN2EzOCIsImF0ayI6Ijc1NTYwNGI3YzQxMjQ3NGE5NzFlYWZhNjEzZjJlZmQ1IiwidWlkIjoiMjk2Yjg3MjQtODM5Zi00MjY3LWIyYTQtNGYzYTg0ZWQ5MDFjIiwiZXhwIjoxNzYxMjQxMTA3LCJpYXQiOjE3NjEyMTk1MDd9.vYqyfHMQFRvJCoTBetZVI9aAeNRf_Z9cnw4_iSkkKrg;Path=/;Max-Age=21600;HttpOnly;Expires=23/10/25, 5:38 pm;SameSite=Lax
2025-10-23 17:08:33 [main] INFO  Log:33 - Current cookies being sent: auth_token=eyJhbGciOiJIUzI1NiIsInR5cCI6IkpXVCJ9.eyJzaWQiOiIzZDE1MDYwZmNlYzc0NzhmOWQzMzQzMDc5YjAxN2EzOCIsImF0ayI6Ijc1NTYwNGI3YzQxMjQ3NGE5NzFlYWZhNjEzZjJlZmQ1IiwidWlkIjoiMjk2Yjg3MjQtODM5Zi00MjY3LWIyYTQtNGYzYTg0ZWQ5MDFjIiwiZXhwIjoxNzYxMjQxMTA3LCJpYXQiOjE3NjEyMTk1MDd9.vYqyfHMQFRvJCoTBetZVI9aAeNRf_Z9cnw4_iSkkKrg;Path=/;Max-Age=21600;HttpOnly;Expires=23/10/25, 5:38 pm;SameSite=Lax
2025-10-23 17:08:33 [main] INFO  Log:33 - Current cookies being sent: auth_token=eyJhbGciOiJIUzI1NiIsInR5cCI6IkpXVCJ9.eyJzaWQiOiIzZDE1MDYwZmNlYzc0NzhmOWQzMzQzMDc5YjAxN2EzOCIsImF0ayI6Ijc1NTYwNGI3YzQxMjQ3NGE5NzFlYWZhNjEzZjJlZmQ1IiwidWlkIjoiMjk2Yjg3MjQtODM5Zi00MjY3LWIyYTQtNGYzYTg0ZWQ5MDFjIiwiZXhwIjoxNzYxMjQxMTA3LCJpYXQiOjE3NjEyMTk1MDd9.vYqyfHMQFRvJCoTBetZVI9aAeNRf_Z9cnw4_iSkkKrg;Path=/;Max-Age=21600;HttpOnly;Expires=23/10/25, 5:38 pm;SameSite=Lax
2025-10-23 17:08:34 [main] INFO  Log:33 - Current cookies being sent: auth_token=eyJhbGciOiJIUzI1NiIsInR5cCI6IkpXVCJ9.eyJzaWQiOiIzZDE1MDYwZmNlYzc0NzhmOWQzMzQzMDc5YjAxN2EzOCIsImF0ayI6Ijc1NTYwNGI3YzQxMjQ3NGE5NzFlYWZhNjEzZjJlZmQ1IiwidWlkIjoiMjk2Yjg3MjQtODM5Zi00MjY3LWIyYTQtNGYzYTg0ZWQ5MDFjIiwiZXhwIjoxNzYxMjQxMTA3LCJpYXQiOjE3NjEyMTk1MDd9.vYqyfHMQFRvJCoTBetZVI9aAeNRf_Z9cnw4_iSkkKrg;Path=/;Max-Age=21600;HttpOnly;Expires=23/10/25, 5:38 pm;SameSite=Lax
2025-10-23 17:08:34 [main] INFO  Log:33 - Current cookies being sent: auth_token=eyJhbGciOiJIUzI1NiIsInR5cCI6IkpXVCJ9.eyJzaWQiOiIzZDE1MDYwZmNlYzc0NzhmOWQzMzQzMDc5YjAxN2EzOCIsImF0ayI6Ijc1NTYwNGI3YzQxMjQ3NGE5NzFlYWZhNjEzZjJlZmQ1IiwidWlkIjoiMjk2Yjg3MjQtODM5Zi00MjY3LWIyYTQtNGYzYTg0ZWQ5MDFjIiwiZXhwIjoxNzYxMjQxMTA3LCJpYXQiOjE3NjEyMTk1MDd9.vYqyfHMQFRvJCoTBetZVI9aAeNRf_Z9cnw4_iSkkKrg;Path=/;Max-Age=21600;HttpOnly;Expires=23/10/25, 5:38 pm;SameSite=Lax
2025-10-23 17:08:34 [main] INFO  Log:33 - Current cookies being sent: auth_token=eyJhbGciOiJIUzI1NiIsInR5cCI6IkpXVCJ9.eyJzaWQiOiIzZDE1MDYwZmNlYzc0NzhmOWQzMzQzMDc5YjAxN2EzOCIsImF0ayI6Ijc1NTYwNGI3YzQxMjQ3NGE5NzFlYWZhNjEzZjJlZmQ1IiwidWlkIjoiMjk2Yjg3MjQtODM5Zi00MjY3LWIyYTQtNGYzYTg0ZWQ5MDFjIiwiZXhwIjoxNzYxMjQxMTA3LCJpYXQiOjE3NjEyMTk1MDd9.vYqyfHMQFRvJCoTBetZVI9aAeNRf_Z9cnw4_iSkkKrg;Path=/;Max-Age=21600;HttpOnly;Expires=23/10/25, 5:38 pm;SameSite=Lax
2025-10-23 17:08:34 [main] INFO  Log:33 - Current cookies being sent: auth_token=eyJhbGciOiJIUzI1NiIsInR5cCI6IkpXVCJ9.eyJzaWQiOiIzZDE1MDYwZmNlYzc0NzhmOWQzMzQzMDc5YjAxN2EzOCIsImF0ayI6Ijc1NTYwNGI3YzQxMjQ3NGE5NzFlYWZhNjEzZjJlZmQ1IiwidWlkIjoiMjk2Yjg3MjQtODM5Zi00MjY3LWIyYTQtNGYzYTg0ZWQ5MDFjIiwiZXhwIjoxNzYxMjQxMTA3LCJpYXQiOjE3NjEyMTk1MDd9.vYqyfHMQFRvJCoTBetZVI9aAeNRf_Z9cnw4_iSkkKrg;Path=/;Max-Age=21600;HttpOnly;Expires=23/10/25, 5:38 pm;SameSite=Lax
2025-10-23 17:08:35 [main] INFO  Log:33 - Current cookies being sent: auth_token=eyJhbGciOiJIUzI1NiIsInR5cCI6IkpXVCJ9.eyJzaWQiOiIzZDE1MDYwZmNlYzc0NzhmOWQzMzQzMDc5YjAxN2EzOCIsImF0ayI6Ijc1NTYwNGI3YzQxMjQ3NGE5NzFlYWZhNjEzZjJlZmQ1IiwidWlkIjoiMjk2Yjg3MjQtODM5Zi00MjY3LWIyYTQtNGYzYTg0ZWQ5MDFjIiwiZXhwIjoxNzYxMjQxMTA3LCJpYXQiOjE3NjEyMTk1MDd9.vYqyfHMQFRvJCoTBetZVI9aAeNRf_Z9cnw4_iSkkKrg;Path=/;Max-Age=21600;HttpOnly;Expires=23/10/25, 5:38 pm;SameSite=Lax
2025-10-23 17:08:35 [main] INFO  Log:33 - Current cookies being sent: auth_token=eyJhbGciOiJIUzI1NiIsInR5cCI6IkpXVCJ9.eyJzaWQiOiIzZDE1MDYwZmNlYzc0NzhmOWQzMzQzMDc5YjAxN2EzOCIsImF0ayI6Ijc1NTYwNGI3YzQxMjQ3NGE5NzFlYWZhNjEzZjJlZmQ1IiwidWlkIjoiMjk2Yjg3MjQtODM5Zi00MjY3LWIyYTQtNGYzYTg0ZWQ5MDFjIiwiZXhwIjoxNzYxMjQxMTA3LCJpYXQiOjE3NjEyMTk1MDd9.vYqyfHMQFRvJCoTBetZVI9aAeNRf_Z9cnw4_iSkkKrg;Path=/;Max-Age=21600;HttpOnly;Expires=23/10/25, 5:38 pm;SameSite=Lax
2025-10-23 17:08:35 [main] INFO  Log:33 - Current cookies being sent: auth_token=eyJhbGciOiJIUzI1NiIsInR5cCI6IkpXVCJ9.eyJzaWQiOiIzZDE1MDYwZmNlYzc0NzhmOWQzMzQzMDc5YjAxN2EzOCIsImF0ayI6Ijc1NTYwNGI3YzQxMjQ3NGE5NzFlYWZhNjEzZjJlZmQ1IiwidWlkIjoiMjk2Yjg3MjQtODM5Zi00MjY3LWIyYTQtNGYzYTg0ZWQ5MDFjIiwiZXhwIjoxNzYxMjQxMTA3LCJpYXQiOjE3NjEyMTk1MDd9.vYqyfHMQFRvJCoTBetZVI9aAeNRf_Z9cnw4_iSkkKrg;Path=/;Max-Age=21600;HttpOnly;Expires=23/10/25, 5:38 pm;SameSite=Lax
2025-10-23 17:08:36 [main] INFO  Log:33 - Current cookies being sent: auth_token=eyJhbGciOiJIUzI1NiIsInR5cCI6IkpXVCJ9.eyJzaWQiOiIzZDE1MDYwZmNlYzc0NzhmOWQzMzQzMDc5YjAxN2EzOCIsImF0ayI6Ijc1NTYwNGI3YzQxMjQ3NGE5NzFlYWZhNjEzZjJlZmQ1IiwidWlkIjoiMjk2Yjg3MjQtODM5Zi00MjY3LWIyYTQtNGYzYTg0ZWQ5MDFjIiwiZXhwIjoxNzYxMjQxMTA3LCJpYXQiOjE3NjEyMTk1MDd9.vYqyfHMQFRvJCoTBetZVI9aAeNRf_Z9cnw4_iSkkKrg;Path=/;Max-Age=21600;HttpOnly;Expires=23/10/25, 5:38 pm;SameSite=Lax
2025-10-23 17:08:36 [main] INFO  Log:33 - Current cookies being sent: auth_token=eyJhbGciOiJIUzI1NiIsInR5cCI6IkpXVCJ9.eyJzaWQiOiIzZDE1MDYwZmNlYzc0NzhmOWQzMzQzMDc5YjAxN2EzOCIsImF0ayI6Ijc1NTYwNGI3YzQxMjQ3NGE5NzFlYWZhNjEzZjJlZmQ1IiwidWlkIjoiMjk2Yjg3MjQtODM5Zi00MjY3LWIyYTQtNGYzYTg0ZWQ5MDFjIiwiZXhwIjoxNzYxMjQxMTA3LCJpYXQiOjE3NjEyMTk1MDd9.vYqyfHMQFRvJCoTBetZVI9aAeNRf_Z9cnw4_iSkkKrg;Path=/;Max-Age=21600;HttpOnly;Expires=23/10/25, 5:38 pm;SameSite=Lax
2025-10-23 17:08:36 [main] INFO  Log:33 - Current cookies being sent: auth_token=eyJhbGciOiJIUzI1NiIsInR5cCI6IkpXVCJ9.eyJzaWQiOiIzZDE1MDYwZmNlYzc0NzhmOWQzMzQzMDc5YjAxN2EzOCIsImF0ayI6Ijc1NTYwNGI3YzQxMjQ3NGE5NzFlYWZhNjEzZjJlZmQ1IiwidWlkIjoiMjk2Yjg3MjQtODM5Zi00MjY3LWIyYTQtNGYzYTg0ZWQ5MDFjIiwiZXhwIjoxNzYxMjQxMTA3LCJpYXQiOjE3NjEyMTk1MDd9.vYqyfHMQFRvJCoTBetZVI9aAeNRf_Z9cnw4_iSkkKrg;Path=/;Max-Age=21600;HttpOnly;Expires=23/10/25, 5:38 pm;SameSite=Lax
2025-10-23 17:08:37 [main] INFO  Log:33 - Current cookies being sent: auth_token=eyJhbGciOiJIUzI1NiIsInR5cCI6IkpXVCJ9.eyJzaWQiOiIzZDE1MDYwZmNlYzc0NzhmOWQzMzQzMDc5YjAxN2EzOCIsImF0ayI6Ijc1NTYwNGI3YzQxMjQ3NGE5NzFlYWZhNjEzZjJlZmQ1IiwidWlkIjoiMjk2Yjg3MjQtODM5Zi00MjY3LWIyYTQtNGYzYTg0ZWQ5MDFjIiwiZXhwIjoxNzYxMjQxMTA3LCJpYXQiOjE3NjEyMTk1MDd9.vYqyfHMQFRvJCoTBetZVI9aAeNRf_Z9cnw4_iSkkKrg;Path=/;Max-Age=21600;HttpOnly;Expires=23/10/25, 5:38 pm;SameSite=Lax
2025-10-23 17:08:37 [main] INFO  Log:33 - Current cookies being sent: auth_token=eyJhbGciOiJIUzI1NiIsInR5cCI6IkpXVCJ9.eyJzaWQiOiIzZDE1MDYwZmNlYzc0NzhmOWQzMzQzMDc5YjAxN2EzOCIsImF0ayI6Ijc1NTYwNGI3YzQxMjQ3NGE5NzFlYWZhNjEzZjJlZmQ1IiwidWlkIjoiMjk2Yjg3MjQtODM5Zi00MjY3LWIyYTQtNGYzYTg0ZWQ5MDFjIiwiZXhwIjoxNzYxMjQxMTA3LCJpYXQiOjE3NjEyMTk1MDd9.vYqyfHMQFRvJCoTBetZVI9aAeNRf_Z9cnw4_iSkkKrg;Path=/;Max-Age=21600;HttpOnly;Expires=23/10/25, 5:38 pm;SameSite=Lax
2025-10-23 17:08:37 [main] INFO  Log:33 - Current cookies being sent: auth_token=eyJhbGciOiJIUzI1NiIsInR5cCI6IkpXVCJ9.eyJzaWQiOiIzZDE1MDYwZmNlYzc0NzhmOWQzMzQzMDc5YjAxN2EzOCIsImF0ayI6Ijc1NTYwNGI3YzQxMjQ3NGE5NzFlYWZhNjEzZjJlZmQ1IiwidWlkIjoiMjk2Yjg3MjQtODM5Zi00MjY3LWIyYTQtNGYzYTg0ZWQ5MDFjIiwiZXhwIjoxNzYxMjQxMTA3LCJpYXQiOjE3NjEyMTk1MDd9.vYqyfHMQFRvJCoTBetZVI9aAeNRf_Z9cnw4_iSkkKrg;Path=/;Max-Age=21600;HttpOnly;Expires=23/10/25, 5:38 pm;SameSite=Lax
2025-10-23 17:08:38 [main] INFO  Log:33 - Current cookies being sent: auth_token=eyJhbGciOiJIUzI1NiIsInR5cCI6IkpXVCJ9.eyJzaWQiOiIzZDE1MDYwZmNlYzc0NzhmOWQzMzQzMDc5YjAxN2EzOCIsImF0ayI6Ijc1NTYwNGI3YzQxMjQ3NGE5NzFlYWZhNjEzZjJlZmQ1IiwidWlkIjoiMjk2Yjg3MjQtODM5Zi00MjY3LWIyYTQtNGYzYTg0ZWQ5MDFjIiwiZXhwIjoxNzYxMjQxMTA3LCJpYXQiOjE3NjEyMTk1MDd9.vYqyfHMQFRvJCoTBetZVI9aAeNRf_Z9cnw4_iSkkKrg;Path=/;Max-Age=21600;HttpOnly;Expires=23/10/25, 5:38 pm;SameSite=Lax
2025-10-23 17:08:38 [main] INFO  Log:33 - Current cookies being sent: auth_token=eyJhbGciOiJIUzI1NiIsInR5cCI6IkpXVCJ9.eyJzaWQiOiIzZDE1MDYwZmNlYzc0NzhmOWQzMzQzMDc5YjAxN2EzOCIsImF0ayI6Ijc1NTYwNGI3YzQxMjQ3NGE5NzFlYWZhNjEzZjJlZmQ1IiwidWlkIjoiMjk2Yjg3MjQtODM5Zi00MjY3LWIyYTQtNGYzYTg0ZWQ5MDFjIiwiZXhwIjoxNzYxMjQxMTA3LCJpYXQiOjE3NjEyMTk1MDd9.vYqyfHMQFRvJCoTBetZVI9aAeNRf_Z9cnw4_iSkkKrg;Path=/;Max-Age=21600;HttpOnly;Expires=23/10/25, 5:38 pm;SameSite=Lax
2025-10-23 17:08:38 [main] INFO  Log:33 - Current cookies being sent: auth_token=eyJhbGciOiJIUzI1NiIsInR5cCI6IkpXVCJ9.eyJzaWQiOiIzZDE1MDYwZmNlYzc0NzhmOWQzMzQzMDc5YjAxN2EzOCIsImF0ayI6Ijc1NTYwNGI3YzQxMjQ3NGE5NzFlYWZhNjEzZjJlZmQ1IiwidWlkIjoiMjk2Yjg3MjQtODM5Zi00MjY3LWIyYTQtNGYzYTg0ZWQ5MDFjIiwiZXhwIjoxNzYxMjQxMTA3LCJpYXQiOjE3NjEyMTk1MDd9.vYqyfHMQFRvJCoTBetZVI9aAeNRf_Z9cnw4_iSkkKrg;Path=/;Max-Age=21600;HttpOnly;Expires=23/10/25, 5:38 pm;SameSite=Lax
2025-10-23 17:08:39 [main] INFO  Log:33 - Current cookies being sent: auth_token=eyJhbGciOiJIUzI1NiIsInR5cCI6IkpXVCJ9.eyJzaWQiOiIzZDE1MDYwZmNlYzc0NzhmOWQzMzQzMDc5YjAxN2EzOCIsImF0ayI6Ijc1NTYwNGI3YzQxMjQ3NGE5NzFlYWZhNjEzZjJlZmQ1IiwidWlkIjoiMjk2Yjg3MjQtODM5Zi00MjY3LWIyYTQtNGYzYTg0ZWQ5MDFjIiwiZXhwIjoxNzYxMjQxMTA3LCJpYXQiOjE3NjEyMTk1MDd9.vYqyfHMQFRvJCoTBetZVI9aAeNRf_Z9cnw4_iSkkKrg;Path=/;Max-Age=21600;HttpOnly;Expires=23/10/25, 5:38 pm;SameSite=Lax
2025-10-23 17:08:39 [main] INFO  Log:33 - Current cookies being sent: auth_token=eyJhbGciOiJIUzI1NiIsInR5cCI6IkpXVCJ9.eyJzaWQiOiIzZDE1MDYwZmNlYzc0NzhmOWQzMzQzMDc5YjAxN2EzOCIsImF0ayI6Ijc1NTYwNGI3YzQxMjQ3NGE5NzFlYWZhNjEzZjJlZmQ1IiwidWlkIjoiMjk2Yjg3MjQtODM5Zi00MjY3LWIyYTQtNGYzYTg0ZWQ5MDFjIiwiZXhwIjoxNzYxMjQxMTA3LCJpYXQiOjE3NjEyMTk1MDd9.vYqyfHMQFRvJCoTBetZVI9aAeNRf_Z9cnw4_iSkkKrg;Path=/;Max-Age=21600;HttpOnly;Expires=23/10/25, 5:38 pm;SameSite=Lax
2025-10-23 17:08:40 [main] INFO  Log:33 - Current cookies being sent: auth_token=eyJhbGciOiJIUzI1NiIsInR5cCI6IkpXVCJ9.eyJzaWQiOiIzZDE1MDYwZmNlYzc0NzhmOWQzMzQzMDc5YjAxN2EzOCIsImF0ayI6Ijc1NTYwNGI3YzQxMjQ3NGE5NzFlYWZhNjEzZjJlZmQ1IiwidWlkIjoiMjk2Yjg3MjQtODM5Zi00MjY3LWIyYTQtNGYzYTg0ZWQ5MDFjIiwiZXhwIjoxNzYxMjQxMTA3LCJpYXQiOjE3NjEyMTk1MDd9.vYqyfHMQFRvJCoTBetZVI9aAeNRf_Z9cnw4_iSkkKrg;Path=/;Max-Age=21600;HttpOnly;Expires=23/10/25, 5:38 pm;SameSite=Lax
2025-10-23 17:08:40 [main] INFO  Log:33 - Current cookies being sent: auth_token=eyJhbGciOiJIUzI1NiIsInR5cCI6IkpXVCJ9.eyJzaWQiOiIzZDE1MDYwZmNlYzc0NzhmOWQzMzQzMDc5YjAxN2EzOCIsImF0ayI6Ijc1NTYwNGI3YzQxMjQ3NGE5NzFlYWZhNjEzZjJlZmQ1IiwidWlkIjoiMjk2Yjg3MjQtODM5Zi00MjY3LWIyYTQtNGYzYTg0ZWQ5MDFjIiwiZXhwIjoxNzYxMjQxMTA3LCJpYXQiOjE3NjEyMTk1MDd9.vYqyfHMQFRvJCoTBetZVI9aAeNRf_Z9cnw4_iSkkKrg;Path=/;Max-Age=21600;HttpOnly;Expires=23/10/25, 5:38 pm;SameSite=Lax
2025-10-23 17:08:40 [main] INFO  Log:33 - Current cookies being sent: auth_token=eyJhbGciOiJIUzI1NiIsInR5cCI6IkpXVCJ9.eyJzaWQiOiIzZDE1MDYwZmNlYzc0NzhmOWQzMzQzMDc5YjAxN2EzOCIsImF0ayI6Ijc1NTYwNGI3YzQxMjQ3NGE5NzFlYWZhNjEzZjJlZmQ1IiwidWlkIjoiMjk2Yjg3MjQtODM5Zi00MjY3LWIyYTQtNGYzYTg0ZWQ5MDFjIiwiZXhwIjoxNzYxMjQxMTA3LCJpYXQiOjE3NjEyMTk1MDd9.vYqyfHMQFRvJCoTBetZVI9aAeNRf_Z9cnw4_iSkkKrg;Path=/;Max-Age=21600;HttpOnly;Expires=23/10/25, 5:38 pm;SameSite=Lax
2025-10-23 17:08:41 [main] INFO  Log:33 - Current cookies being sent: auth_token=eyJhbGciOiJIUzI1NiIsInR5cCI6IkpXVCJ9.eyJzaWQiOiIzZDE1MDYwZmNlYzc0NzhmOWQzMzQzMDc5YjAxN2EzOCIsImF0ayI6Ijc1NTYwNGI3YzQxMjQ3NGE5NzFlYWZhNjEzZjJlZmQ1IiwidWlkIjoiMjk2Yjg3MjQtODM5Zi00MjY3LWIyYTQtNGYzYTg0ZWQ5MDFjIiwiZXhwIjoxNzYxMjQxMTA3LCJpYXQiOjE3NjEyMTk1MDd9.vYqyfHMQFRvJCoTBetZVI9aAeNRf_Z9cnw4_iSkkKrg;Path=/;Max-Age=21600;HttpOnly;Expires=23/10/25, 5:38 pm;SameSite=Lax
2025-10-23 17:08:41 [main] INFO  Log:33 - Current cookies being sent: auth_token=eyJhbGciOiJIUzI1NiIsInR5cCI6IkpXVCJ9.eyJzaWQiOiIzZDE1MDYwZmNlYzc0NzhmOWQzMzQzMDc5YjAxN2EzOCIsImF0ayI6Ijc1NTYwNGI3YzQxMjQ3NGE5NzFlYWZhNjEzZjJlZmQ1IiwidWlkIjoiMjk2Yjg3MjQtODM5Zi00MjY3LWIyYTQtNGYzYTg0ZWQ5MDFjIiwiZXhwIjoxNzYxMjQxMTA3LCJpYXQiOjE3NjEyMTk1MDd9.vYqyfHMQFRvJCoTBetZVI9aAeNRf_Z9cnw4_iSkkKrg;Path=/;Max-Age=21600;HttpOnly;Expires=23/10/25, 5:38 pm;SameSite=Lax
2025-10-23 17:08:41 [main] INFO  Log:33 - Current cookies being sent: auth_token=eyJhbGciOiJIUzI1NiIsInR5cCI6IkpXVCJ9.eyJzaWQiOiIzZDE1MDYwZmNlYzc0NzhmOWQzMzQzMDc5YjAxN2EzOCIsImF0ayI6Ijc1NTYwNGI3YzQxMjQ3NGE5NzFlYWZhNjEzZjJlZmQ1IiwidWlkIjoiMjk2Yjg3MjQtODM5Zi00MjY3LWIyYTQtNGYzYTg0ZWQ5MDFjIiwiZXhwIjoxNzYxMjQxMTA3LCJpYXQiOjE3NjEyMTk1MDd9.vYqyfHMQFRvJCoTBetZVI9aAeNRf_Z9cnw4_iSkkKrg;Path=/;Max-Age=21600;HttpOnly;Expires=23/10/25, 5:38 pm;SameSite=Lax
2025-10-23 17:08:42 [main] INFO  Log:33 - Current cookies being sent: auth_token=eyJhbGciOiJIUzI1NiIsInR5cCI6IkpXVCJ9.eyJzaWQiOiIzZDE1MDYwZmNlYzc0NzhmOWQzMzQzMDc5YjAxN2EzOCIsImF0ayI6Ijc1NTYwNGI3YzQxMjQ3NGE5NzFlYWZhNjEzZjJlZmQ1IiwidWlkIjoiMjk2Yjg3MjQtODM5Zi00MjY3LWIyYTQtNGYzYTg0ZWQ5MDFjIiwiZXhwIjoxNzYxMjQxMTA3LCJpYXQiOjE3NjEyMTk1MDd9.vYqyfHMQFRvJCoTBetZVI9aAeNRf_Z9cnw4_iSkkKrg;Path=/;Max-Age=21600;HttpOnly;Expires=23/10/25, 5:38 pm;SameSite=Lax
2025-10-23 17:08:42 [main] INFO  Log:33 - Current cookies being sent: auth_token=eyJhbGciOiJIUzI1NiIsInR5cCI6IkpXVCJ9.eyJzaWQiOiIzZDE1MDYwZmNlYzc0NzhmOWQzMzQzMDc5YjAxN2EzOCIsImF0ayI6Ijc1NTYwNGI3YzQxMjQ3NGE5NzFlYWZhNjEzZjJlZmQ1IiwidWlkIjoiMjk2Yjg3MjQtODM5Zi00MjY3LWIyYTQtNGYzYTg0ZWQ5MDFjIiwiZXhwIjoxNzYxMjQxMTA3LCJpYXQiOjE3NjEyMTk1MDd9.vYqyfHMQFRvJCoTBetZVI9aAeNRf_Z9cnw4_iSkkKrg;Path=/;Max-Age=21600;HttpOnly;Expires=23/10/25, 5:38 pm;SameSite=Lax
2025-10-23 17:08:42 [main] INFO  Log:33 - Current cookies being sent: auth_token=eyJhbGciOiJIUzI1NiIsInR5cCI6IkpXVCJ9.eyJzaWQiOiIzZDE1MDYwZmNlYzc0NzhmOWQzMzQzMDc5YjAxN2EzOCIsImF0ayI6Ijc1NTYwNGI3YzQxMjQ3NGE5NzFlYWZhNjEzZjJlZmQ1IiwidWlkIjoiMjk2Yjg3MjQtODM5Zi00MjY3LWIyYTQtNGYzYTg0ZWQ5MDFjIiwiZXhwIjoxNzYxMjQxMTA3LCJpYXQiOjE3NjEyMTk1MDd9.vYqyfHMQFRvJCoTBetZVI9aAeNRf_Z9cnw4_iSkkKrg;Path=/;Max-Age=21600;HttpOnly;Expires=23/10/25, 5:38 pm;SameSite=Lax
2025-10-23 17:08:42 [main] INFO  Log:33 - Current cookies being sent: auth_token=eyJhbGciOiJIUzI1NiIsInR5cCI6IkpXVCJ9.eyJzaWQiOiIzZDE1MDYwZmNlYzc0NzhmOWQzMzQzMDc5YjAxN2EzOCIsImF0ayI6Ijc1NTYwNGI3YzQxMjQ3NGE5NzFlYWZhNjEzZjJlZmQ1IiwidWlkIjoiMjk2Yjg3MjQtODM5Zi00MjY3LWIyYTQtNGYzYTg0ZWQ5MDFjIiwiZXhwIjoxNzYxMjQxMTA3LCJpYXQiOjE3NjEyMTk1MDd9.vYqyfHMQFRvJCoTBetZVI9aAeNRf_Z9cnw4_iSkkKrg;Path=/;Max-Age=21600;HttpOnly;Expires=23/10/25, 5:38 pm;SameSite=Lax
2025-10-23 17:08:43 [main] INFO  Log:33 - Current cookies being sent: auth_token=eyJhbGciOiJIUzI1NiIsInR5cCI6IkpXVCJ9.eyJzaWQiOiIzZDE1MDYwZmNlYzc0NzhmOWQzMzQzMDc5YjAxN2EzOCIsImF0ayI6Ijc1NTYwNGI3YzQxMjQ3NGE5NzFlYWZhNjEzZjJlZmQ1IiwidWlkIjoiMjk2Yjg3MjQtODM5Zi00MjY3LWIyYTQtNGYzYTg0ZWQ5MDFjIiwiZXhwIjoxNzYxMjQxMTA3LCJpYXQiOjE3NjEyMTk1MDd9.vYqyfHMQFRvJCoTBetZVI9aAeNRf_Z9cnw4_iSkkKrg;Path=/;Max-Age=21600;HttpOnly;Expires=23/10/25, 5:38 pm;SameSite=Lax
2025-10-23 17:08:43 [main] INFO  Log:33 - Current cookies being sent: auth_token=eyJhbGciOiJIUzI1NiIsInR5cCI6IkpXVCJ9.eyJzaWQiOiIzZDE1MDYwZmNlYzc0NzhmOWQzMzQzMDc5YjAxN2EzOCIsImF0ayI6Ijc1NTYwNGI3YzQxMjQ3NGE5NzFlYWZhNjEzZjJlZmQ1IiwidWlkIjoiMjk2Yjg3MjQtODM5Zi00MjY3LWIyYTQtNGYzYTg0ZWQ5MDFjIiwiZXhwIjoxNzYxMjQxMTA3LCJpYXQiOjE3NjEyMTk1MDd9.vYqyfHMQFRvJCoTBetZVI9aAeNRf_Z9cnw4_iSkkKrg;Path=/;Max-Age=21600;HttpOnly;Expires=23/10/25, 5:38 pm;SameSite=Lax
2025-10-23 17:08:44 [main] INFO  Log:33 - Current cookies being sent: auth_token=eyJhbGciOiJIUzI1NiIsInR5cCI6IkpXVCJ9.eyJzaWQiOiIzZDE1MDYwZmNlYzc0NzhmOWQzMzQzMDc5YjAxN2EzOCIsImF0ayI6Ijc1NTYwNGI3YzQxMjQ3NGE5NzFlYWZhNjEzZjJlZmQ1IiwidWlkIjoiMjk2Yjg3MjQtODM5Zi00MjY3LWIyYTQtNGYzYTg0ZWQ5MDFjIiwiZXhwIjoxNzYxMjQxMTA3LCJpYXQiOjE3NjEyMTk1MDd9.vYqyfHMQFRvJCoTBetZVI9aAeNRf_Z9cnw4_iSkkKrg;Path=/;Max-Age=21600;HttpOnly;Expires=23/10/25, 5:38 pm;SameSite=Lax
2025-10-23 17:08:44 [main] INFO  Log:33 - Current cookies being sent: auth_token=eyJhbGciOiJIUzI1NiIsInR5cCI6IkpXVCJ9.eyJzaWQiOiIzZDE1MDYwZmNlYzc0NzhmOWQzMzQzMDc5YjAxN2EzOCIsImF0ayI6Ijc1NTYwNGI3YzQxMjQ3NGE5NzFlYWZhNjEzZjJlZmQ1IiwidWlkIjoiMjk2Yjg3MjQtODM5Zi00MjY3LWIyYTQtNGYzYTg0ZWQ5MDFjIiwiZXhwIjoxNzYxMjQxMTA3LCJpYXQiOjE3NjEyMTk1MDd9.vYqyfHMQFRvJCoTBetZVI9aAeNRf_Z9cnw4_iSkkKrg;Path=/;Max-Age=21600;HttpOnly;Expires=23/10/25, 5:38 pm;SameSite=Lax
2025-10-23 17:08:44 [main] INFO  Log:33 - Current cookies being sent: auth_token=eyJhbGciOiJIUzI1NiIsInR5cCI6IkpXVCJ9.eyJzaWQiOiIzZDE1MDYwZmNlYzc0NzhmOWQzMzQzMDc5YjAxN2EzOCIsImF0ayI6Ijc1NTYwNGI3YzQxMjQ3NGE5NzFlYWZhNjEzZjJlZmQ1IiwidWlkIjoiMjk2Yjg3MjQtODM5Zi00MjY3LWIyYTQtNGYzYTg0ZWQ5MDFjIiwiZXhwIjoxNzYxMjQxMTA3LCJpYXQiOjE3NjEyMTk1MDd9.vYqyfHMQFRvJCoTBetZVI9aAeNRf_Z9cnw4_iSkkKrg;Path=/;Max-Age=21600;HttpOnly;Expires=23/10/25, 5:38 pm;SameSite=Lax
2025-10-23 17:08:45 [main] INFO  Log:33 - Current cookies being sent: auth_token=eyJhbGciOiJIUzI1NiIsInR5cCI6IkpXVCJ9.eyJzaWQiOiIzZDE1MDYwZmNlYzc0NzhmOWQzMzQzMDc5YjAxN2EzOCIsImF0ayI6Ijc1NTYwNGI3YzQxMjQ3NGE5NzFlYWZhNjEzZjJlZmQ1IiwidWlkIjoiMjk2Yjg3MjQtODM5Zi00MjY3LWIyYTQtNGYzYTg0ZWQ5MDFjIiwiZXhwIjoxNzYxMjQxMTA3LCJpYXQiOjE3NjEyMTk1MDd9.vYqyfHMQFRvJCoTBetZVI9aAeNRf_Z9cnw4_iSkkKrg;Path=/;Max-Age=21600;HttpOnly;Expires=23/10/25, 5:38 pm;SameSite=Lax
2025-10-23 17:08:45 [main] INFO  Log:33 - Current cookies being sent: auth_token=eyJhbGciOiJIUzI1NiIsInR5cCI6IkpXVCJ9.eyJzaWQiOiIzZDE1MDYwZmNlYzc0NzhmOWQzMzQzMDc5YjAxN2EzOCIsImF0ayI6Ijc1NTYwNGI3YzQxMjQ3NGE5NzFlYWZhNjEzZjJlZmQ1IiwidWlkIjoiMjk2Yjg3MjQtODM5Zi00MjY3LWIyYTQtNGYzYTg0ZWQ5MDFjIiwiZXhwIjoxNzYxMjQxMTA3LCJpYXQiOjE3NjEyMTk1MDd9.vYqyfHMQFRvJCoTBetZVI9aAeNRf_Z9cnw4_iSkkKrg;Path=/;Max-Age=21600;HttpOnly;Expires=23/10/25, 5:38 pm;SameSite=Lax
2025-10-23 17:08:45 [main] INFO  Log:33 - Current cookies being sent: auth_token=eyJhbGciOiJIUzI1NiIsInR5cCI6IkpXVCJ9.eyJzaWQiOiIzZDE1MDYwZmNlYzc0NzhmOWQzMzQzMDc5YjAxN2EzOCIsImF0ayI6Ijc1NTYwNGI3YzQxMjQ3NGE5NzFlYWZhNjEzZjJlZmQ1IiwidWlkIjoiMjk2Yjg3MjQtODM5Zi00MjY3LWIyYTQtNGYzYTg0ZWQ5MDFjIiwiZXhwIjoxNzYxMjQxMTA3LCJpYXQiOjE3NjEyMTk1MDd9.vYqyfHMQFRvJCoTBetZVI9aAeNRf_Z9cnw4_iSkkKrg;Path=/;Max-Age=21600;HttpOnly;Expires=23/10/25, 5:38 pm;SameSite=Lax
2025-10-23 17:08:46 [main] INFO  Log:33 - Current cookies being sent: auth_token=eyJhbGciOiJIUzI1NiIsInR5cCI6IkpXVCJ9.eyJzaWQiOiIzZDE1MDYwZmNlYzc0NzhmOWQzMzQzMDc5YjAxN2EzOCIsImF0ayI6Ijc1NTYwNGI3YzQxMjQ3NGE5NzFlYWZhNjEzZjJlZmQ1IiwidWlkIjoiMjk2Yjg3MjQtODM5Zi00MjY3LWIyYTQtNGYzYTg0ZWQ5MDFjIiwiZXhwIjoxNzYxMjQxMTA3LCJpYXQiOjE3NjEyMTk1MDd9.vYqyfHMQFRvJCoTBetZVI9aAeNRf_Z9cnw4_iSkkKrg;Path=/;Max-Age=21600;HttpOnly;Expires=23/10/25, 5:38 pm;SameSite=Lax
2025-10-23 17:08:46 [main] INFO  Log:33 - Current cookies being sent: auth_token=eyJhbGciOiJIUzI1NiIsInR5cCI6IkpXVCJ9.eyJzaWQiOiIzZDE1MDYwZmNlYzc0NzhmOWQzMzQzMDc5YjAxN2EzOCIsImF0ayI6Ijc1NTYwNGI3YzQxMjQ3NGE5NzFlYWZhNjEzZjJlZmQ1IiwidWlkIjoiMjk2Yjg3MjQtODM5Zi00MjY3LWIyYTQtNGYzYTg0ZWQ5MDFjIiwiZXhwIjoxNzYxMjQxMTA3LCJpYXQiOjE3NjEyMTk1MDd9.vYqyfHMQFRvJCoTBetZVI9aAeNRf_Z9cnw4_iSkkKrg;Path=/;Max-Age=21600;HttpOnly;Expires=23/10/25, 5:38 pm;SameSite=Lax
2025-10-23 17:08:46 [main] INFO  Log:33 - Current cookies being sent: auth_token=eyJhbGciOiJIUzI1NiIsInR5cCI6IkpXVCJ9.eyJzaWQiOiIzZDE1MDYwZmNlYzc0NzhmOWQzMzQzMDc5YjAxN2EzOCIsImF0ayI6Ijc1NTYwNGI3YzQxMjQ3NGE5NzFlYWZhNjEzZjJlZmQ1IiwidWlkIjoiMjk2Yjg3MjQtODM5Zi00MjY3LWIyYTQtNGYzYTg0ZWQ5MDFjIiwiZXhwIjoxNzYxMjQxMTA3LCJpYXQiOjE3NjEyMTk1MDd9.vYqyfHMQFRvJCoTBetZVI9aAeNRf_Z9cnw4_iSkkKrg;Path=/;Max-Age=21600;HttpOnly;Expires=23/10/25, 5:38 pm;SameSite=Lax
2025-10-23 17:08:47 [main] INFO  Log:33 - Current cookies being sent: auth_token=eyJhbGciOiJIUzI1NiIsInR5cCI6IkpXVCJ9.eyJzaWQiOiIzZDE1MDYwZmNlYzc0NzhmOWQzMzQzMDc5YjAxN2EzOCIsImF0ayI6Ijc1NTYwNGI3YzQxMjQ3NGE5NzFlYWZhNjEzZjJlZmQ1IiwidWlkIjoiMjk2Yjg3MjQtODM5Zi00MjY3LWIyYTQtNGYzYTg0ZWQ5MDFjIiwiZXhwIjoxNzYxMjQxMTA3LCJpYXQiOjE3NjEyMTk1MDd9.vYqyfHMQFRvJCoTBetZVI9aAeNRf_Z9cnw4_iSkkKrg;Path=/;Max-Age=21600;HttpOnly;Expires=23/10/25, 5:38 pm;SameSite=Lax
2025-10-23 17:08:47 [main] INFO  Log:33 - Current cookies being sent: auth_token=eyJhbGciOiJIUzI1NiIsInR5cCI6IkpXVCJ9.eyJzaWQiOiIzZDE1MDYwZmNlYzc0NzhmOWQzMzQzMDc5YjAxN2EzOCIsImF0ayI6Ijc1NTYwNGI3YzQxMjQ3NGE5NzFlYWZhNjEzZjJlZmQ1IiwidWlkIjoiMjk2Yjg3MjQtODM5Zi00MjY3LWIyYTQtNGYzYTg0ZWQ5MDFjIiwiZXhwIjoxNzYxMjQxMTA3LCJpYXQiOjE3NjEyMTk1MDd9.vYqyfHMQFRvJCoTBetZVI9aAeNRf_Z9cnw4_iSkkKrg;Path=/;Max-Age=21600;HttpOnly;Expires=23/10/25, 5:38 pm;SameSite=Lax
2025-10-23 17:08:47 [main] INFO  Log:33 - Current cookies being sent: auth_token=eyJhbGciOiJIUzI1NiIsInR5cCI6IkpXVCJ9.eyJzaWQiOiIzZDE1MDYwZmNlYzc0NzhmOWQzMzQzMDc5YjAxN2EzOCIsImF0ayI6Ijc1NTYwNGI3YzQxMjQ3NGE5NzFlYWZhNjEzZjJlZmQ1IiwidWlkIjoiMjk2Yjg3MjQtODM5Zi00MjY3LWIyYTQtNGYzYTg0ZWQ5MDFjIiwiZXhwIjoxNzYxMjQxMTA3LCJpYXQiOjE3NjEyMTk1MDd9.vYqyfHMQFRvJCoTBetZVI9aAeNRf_Z9cnw4_iSkkKrg;Path=/;Max-Age=21600;HttpOnly;Expires=23/10/25, 5:38 pm;SameSite=Lax
2025-10-23 17:08:48 [main] INFO  Log:33 - Current cookies being sent: auth_token=eyJhbGciOiJIUzI1NiIsInR5cCI6IkpXVCJ9.eyJzaWQiOiIzZDE1MDYwZmNlYzc0NzhmOWQzMzQzMDc5YjAxN2EzOCIsImF0ayI6Ijc1NTYwNGI3YzQxMjQ3NGE5NzFlYWZhNjEzZjJlZmQ1IiwidWlkIjoiMjk2Yjg3MjQtODM5Zi00MjY3LWIyYTQtNGYzYTg0ZWQ5MDFjIiwiZXhwIjoxNzYxMjQxMTA3LCJpYXQiOjE3NjEyMTk1MDd9.vYqyfHMQFRvJCoTBetZVI9aAeNRf_Z9cnw4_iSkkKrg;Path=/;Max-Age=21600;HttpOnly;Expires=23/10/25, 5:38 pm;SameSite=Lax
2025-10-23 17:08:48 [main] INFO  Log:33 - Current cookies being sent: auth_token=eyJhbGciOiJIUzI1NiIsInR5cCI6IkpXVCJ9.eyJzaWQiOiIzZDE1MDYwZmNlYzc0NzhmOWQzMzQzMDc5YjAxN2EzOCIsImF0ayI6Ijc1NTYwNGI3YzQxMjQ3NGE5NzFlYWZhNjEzZjJlZmQ1IiwidWlkIjoiMjk2Yjg3MjQtODM5Zi00MjY3LWIyYTQtNGYzYTg0ZWQ5MDFjIiwiZXhwIjoxNzYxMjQxMTA3LCJpYXQiOjE3NjEyMTk1MDd9.vYqyfHMQFRvJCoTBetZVI9aAeNRf_Z9cnw4_iSkkKrg;Path=/;Max-Age=21600;HttpOnly;Expires=23/10/25, 5:38 pm;SameSite=Lax
2025-10-23 17:08:48 [main] INFO  Log:33 - Current cookies being sent: auth_token=eyJhbGciOiJIUzI1NiIsInR5cCI6IkpXVCJ9.eyJzaWQiOiIzZDE1MDYwZmNlYzc0NzhmOWQzMzQzMDc5YjAxN2EzOCIsImF0ayI6Ijc1NTYwNGI3YzQxMjQ3NGE5NzFlYWZhNjEzZjJlZmQ1IiwidWlkIjoiMjk2Yjg3MjQtODM5Zi00MjY3LWIyYTQtNGYzYTg0ZWQ5MDFjIiwiZXhwIjoxNzYxMjQxMTA3LCJpYXQiOjE3NjEyMTk1MDd9.vYqyfHMQFRvJCoTBetZVI9aAeNRf_Z9cnw4_iSkkKrg;Path=/;Max-Age=21600;HttpOnly;Expires=23/10/25, 5:38 pm;SameSite=Lax
2025-10-23 17:08:49 [main] INFO  Log:33 - Current cookies being sent: auth_token=eyJhbGciOiJIUzI1NiIsInR5cCI6IkpXVCJ9.eyJzaWQiOiIzZDE1MDYwZmNlYzc0NzhmOWQzMzQzMDc5YjAxN2EzOCIsImF0ayI6Ijc1NTYwNGI3YzQxMjQ3NGE5NzFlYWZhNjEzZjJlZmQ1IiwidWlkIjoiMjk2Yjg3MjQtODM5Zi00MjY3LWIyYTQtNGYzYTg0ZWQ5MDFjIiwiZXhwIjoxNzYxMjQxMTA3LCJpYXQiOjE3NjEyMTk1MDd9.vYqyfHMQFRvJCoTBetZVI9aAeNRf_Z9cnw4_iSkkKrg;Path=/;Max-Age=21600;HttpOnly;Expires=23/10/25, 5:38 pm;SameSite=Lax
2025-10-23 17:08:49 [main] INFO  Log:33 - Current cookies being sent: auth_token=eyJhbGciOiJIUzI1NiIsInR5cCI6IkpXVCJ9.eyJzaWQiOiIzZDE1MDYwZmNlYzc0NzhmOWQzMzQzMDc5YjAxN2EzOCIsImF0ayI6Ijc1NTYwNGI3YzQxMjQ3NGE5NzFlYWZhNjEzZjJlZmQ1IiwidWlkIjoiMjk2Yjg3MjQtODM5Zi00MjY3LWIyYTQtNGYzYTg0ZWQ5MDFjIiwiZXhwIjoxNzYxMjQxMTA3LCJpYXQiOjE3NjEyMTk1MDd9.vYqyfHMQFRvJCoTBetZVI9aAeNRf_Z9cnw4_iSkkKrg;Path=/;Max-Age=21600;HttpOnly;Expires=23/10/25, 5:38 pm;SameSite=Lax
2025-10-23 17:08:49 [main] INFO  Log:33 - Current cookies being sent: auth_token=eyJhbGciOiJIUzI1NiIsInR5cCI6IkpXVCJ9.eyJzaWQiOiIzZDE1MDYwZmNlYzc0NzhmOWQzMzQzMDc5YjAxN2EzOCIsImF0ayI6Ijc1NTYwNGI3YzQxMjQ3NGE5NzFlYWZhNjEzZjJlZmQ1IiwidWlkIjoiMjk2Yjg3MjQtODM5Zi00MjY3LWIyYTQtNGYzYTg0ZWQ5MDFjIiwiZXhwIjoxNzYxMjQxMTA3LCJpYXQiOjE3NjEyMTk1MDd9.vYqyfHMQFRvJCoTBetZVI9aAeNRf_Z9cnw4_iSkkKrg;Path=/;Max-Age=21600;HttpOnly;Expires=23/10/25, 5:38 pm;SameSite=Lax
2025-10-23 17:08:49 [main] INFO  Log:33 - Current cookies being sent: auth_token=eyJhbGciOiJIUzI1NiIsInR5cCI6IkpXVCJ9.eyJzaWQiOiIzZDE1MDYwZmNlYzc0NzhmOWQzMzQzMDc5YjAxN2EzOCIsImF0ayI6Ijc1NTYwNGI3YzQxMjQ3NGE5NzFlYWZhNjEzZjJlZmQ1IiwidWlkIjoiMjk2Yjg3MjQtODM5Zi00MjY3LWIyYTQtNGYzYTg0ZWQ5MDFjIiwiZXhwIjoxNzYxMjQxMTA3LCJpYXQiOjE3NjEyMTk1MDd9.vYqyfHMQFRvJCoTBetZVI9aAeNRf_Z9cnw4_iSkkKrg;Path=/;Max-Age=21600;HttpOnly;Expires=23/10/25, 5:38 pm;SameSite=Lax
2025-10-23 17:08:50 [main] INFO  Log:33 - Cookies:auth_token=eyJhbGciOiJIUzI1NiIsInR5cCI6IkpXVCJ9.eyJzaWQiOiIzZDE1MDYwZmNlYzc0NzhmOWQzMzQzMDc5YjAxN2EzOCIsImF0ayI6Ijc1NTYwNGI3YzQxMjQ3NGE5NzFlYWZhNjEzZjJlZmQ1IiwidWlkIjoiMjk2Yjg3MjQtODM5Zi00MjY3LWIyYTQtNGYzYTg0ZWQ5MDFjIiwiZXhwIjoxNzYxMjQxMTA3LCJpYXQiOjE3NjEyMTk1MDd9.vYqyfHMQFRvJCoTBetZVI9aAeNRf_Z9cnw4_iSkkKrg;Path=/;Max-Age=21600;HttpOnly;Expires=23/10/25, 5:38 pm;SameSite=Lax
2025-10-23 17:08:50 [main] INFO  Log:33 - Current cookies being sent: auth_token=eyJhbGciOiJIUzI1NiIsInR5cCI6IkpXVCJ9.eyJzaWQiOiIzZDE1MDYwZmNlYzc0NzhmOWQzMzQzMDc5YjAxN2EzOCIsImF0ayI6Ijc1NTYwNGI3YzQxMjQ3NGE5NzFlYWZhNjEzZjJlZmQ1IiwidWlkIjoiMjk2Yjg3MjQtODM5Zi00MjY3LWIyYTQtNGYzYTg0ZWQ5MDFjIiwiZXhwIjoxNzYxMjQxMTA3LCJpYXQiOjE3NjEyMTk1MDd9.vYqyfHMQFRvJCoTBetZVI9aAeNRf_Z9cnw4_iSkkKrg;Path=/;Max-Age=21600;HttpOnly;Expires=23/10/25, 5:38 pm;SameSite=Lax
2025-10-23 17:08:50 [main] INFO  Log:33 - Cookies:auth_token=eyJhbGciOiJIUzI1NiIsInR5cCI6IkpXVCJ9.eyJzaWQiOiIzZDE1MDYwZmNlYzc0NzhmOWQzMzQzMDc5YjAxN2EzOCIsImF0ayI6Ijc1NTYwNGI3YzQxMjQ3NGE5NzFlYWZhNjEzZjJlZmQ1IiwidWlkIjoiMjk2Yjg3MjQtODM5Zi00MjY3LWIyYTQtNGYzYTg0ZWQ5MDFjIiwiZXhwIjoxNzYxMjQxMTA3LCJpYXQiOjE3NjEyMTk1MDd9.vYqyfHMQFRvJCoTBetZVI9aAeNRf_Z9cnw4_iSkkKrg;Path=/;Max-Age=21600;HttpOnly;Expires=23/10/25, 5:38 pm;SameSite=Lax
2025-10-23 17:08:50 [main] INFO  Log:33 - Current cookies being sent: auth_token=eyJhbGciOiJIUzI1NiIsInR5cCI6IkpXVCJ9.eyJzaWQiOiIzZDE1MDYwZmNlYzc0NzhmOWQzMzQzMDc5YjAxN2EzOCIsImF0ayI6Ijc1NTYwNGI3YzQxMjQ3NGE5NzFlYWZhNjEzZjJlZmQ1IiwidWlkIjoiMjk2Yjg3MjQtODM5Zi00MjY3LWIyYTQtNGYzYTg0ZWQ5MDFjIiwiZXhwIjoxNzYxMjQxMTA3LCJpYXQiOjE3NjEyMTk1MDd9.vYqyfHMQFRvJCoTBetZVI9aAeNRf_Z9cnw4_iSkkKrg;Path=/;Max-Age=21600;HttpOnly;Expires=23/10/25, 5:38 pm;SameSite=Lax
2025-10-23 17:08:51 [main] INFO  Log:33 - Cookies:auth_token=eyJhbGciOiJIUzI1NiIsInR5cCI6IkpXVCJ9.eyJzaWQiOiIzZDE1MDYwZmNlYzc0NzhmOWQzMzQzMDc5YjAxN2EzOCIsImF0ayI6Ijc1NTYwNGI3YzQxMjQ3NGE5NzFlYWZhNjEzZjJlZmQ1IiwidWlkIjoiMjk2Yjg3MjQtODM5Zi00MjY3LWIyYTQtNGYzYTg0ZWQ5MDFjIiwiZXhwIjoxNzYxMjQxMTA3LCJpYXQiOjE3NjEyMTk1MDd9.vYqyfHMQFRvJCoTBetZVI9aAeNRf_Z9cnw4_iSkkKrg;Path=/;Max-Age=21600;HttpOnly;Expires=23/10/25, 5:38 pm;SameSite=Lax
2025-10-23 17:08:51 [main] INFO  Log:33 - Current cookies being sent: auth_token=eyJhbGciOiJIUzI1NiIsInR5cCI6IkpXVCJ9.eyJzaWQiOiIzZDE1MDYwZmNlYzc0NzhmOWQzMzQzMDc5YjAxN2EzOCIsImF0ayI6Ijc1NTYwNGI3YzQxMjQ3NGE5NzFlYWZhNjEzZjJlZmQ1IiwidWlkIjoiMjk2Yjg3MjQtODM5Zi00MjY3LWIyYTQtNGYzYTg0ZWQ5MDFjIiwiZXhwIjoxNzYxMjQxMTA3LCJpYXQiOjE3NjEyMTk1MDd9.vYqyfHMQFRvJCoTBetZVI9aAeNRf_Z9cnw4_iSkkKrg;Path=/;Max-Age=21600;HttpOnly;Expires=23/10/25, 5:38 pm;SameSite=Lax
2025-10-23 17:08:51 [main] INFO  Log:33 - Cookies:auth_token=eyJhbGciOiJIUzI1NiIsInR5cCI6IkpXVCJ9.eyJzaWQiOiIzZDE1MDYwZmNlYzc0NzhmOWQzMzQzMDc5YjAxN2EzOCIsImF0ayI6Ijc1NTYwNGI3YzQxMjQ3NGE5NzFlYWZhNjEzZjJlZmQ1IiwidWlkIjoiMjk2Yjg3MjQtODM5Zi00MjY3LWIyYTQtNGYzYTg0ZWQ5MDFjIiwiZXhwIjoxNzYxMjQxMTA3LCJpYXQiOjE3NjEyMTk1MDd9.vYqyfHMQFRvJCoTBetZVI9aAeNRf_Z9cnw4_iSkkKrg;Path=/;Max-Age=21600;HttpOnly;Expires=23/10/25, 5:38 pm;SameSite=Lax
2025-10-23 17:08:51 [main] INFO  Log:33 - Current cookies being sent: auth_token=eyJhbGciOiJIUzI1NiIsInR5cCI6IkpXVCJ9.eyJzaWQiOiIzZDE1MDYwZmNlYzc0NzhmOWQzMzQzMDc5YjAxN2EzOCIsImF0ayI6Ijc1NTYwNGI3YzQxMjQ3NGE5NzFlYWZhNjEzZjJlZmQ1IiwidWlkIjoiMjk2Yjg3MjQtODM5Zi00MjY3LWIyYTQtNGYzYTg0ZWQ5MDFjIiwiZXhwIjoxNzYxMjQxMTA3LCJpYXQiOjE3NjEyMTk1MDd9.vYqyfHMQFRvJCoTBetZVI9aAeNRf_Z9cnw4_iSkkKrg;Path=/;Max-Age=21600;HttpOnly;Expires=23/10/25, 5:38 pm;SameSite=Lax
2025-10-23 17:08:51 [main] INFO  Log:33 - Current cookies being sent: auth_token=eyJhbGciOiJIUzI1NiIsInR5cCI6IkpXVCJ9.eyJzaWQiOiIzZDE1MDYwZmNlYzc0NzhmOWQzMzQzMDc5YjAxN2EzOCIsImF0ayI6Ijc1NTYwNGI3YzQxMjQ3NGE5NzFlYWZhNjEzZjJlZmQ1IiwidWlkIjoiMjk2Yjg3MjQtODM5Zi00MjY3LWIyYTQtNGYzYTg0ZWQ5MDFjIiwiZXhwIjoxNzYxMjQxMTA3LCJpYXQiOjE3NjEyMTk1MDd9.vYqyfHMQFRvJCoTBetZVI9aAeNRf_Z9cnw4_iSkkKrg;Path=/;Max-Age=21600;HttpOnly;Expires=23/10/25, 5:38 pm;SameSite=Lax
2025-10-23 17:08:51 [main] INFO  Log:33 - Current cookies being sent: auth_token=eyJhbGciOiJIUzI1NiIsInR5cCI6IkpXVCJ9.eyJzaWQiOiIzZDE1MDYwZmNlYzc0NzhmOWQzMzQzMDc5YjAxN2EzOCIsImF0ayI6Ijc1NTYwNGI3YzQxMjQ3NGE5NzFlYWZhNjEzZjJlZmQ1IiwidWlkIjoiMjk2Yjg3MjQtODM5Zi00MjY3LWIyYTQtNGYzYTg0ZWQ5MDFjIiwiZXhwIjoxNzYxMjQxMTA3LCJpYXQiOjE3NjEyMTk1MDd9.vYqyfHMQFRvJCoTBetZVI9aAeNRf_Z9cnw4_iSkkKrg;Path=/;Max-Age=21600;HttpOnly;Expires=23/10/25, 5:38 pm;SameSite=Lax
2025-10-23 17:08:52 [main] INFO  Log:33 - Current cookies being sent: auth_token=eyJhbGciOiJIUzI1NiIsInR5cCI6IkpXVCJ9.eyJzaWQiOiIzZDE1MDYwZmNlYzc0NzhmOWQzMzQzMDc5YjAxN2EzOCIsImF0ayI6Ijc1NTYwNGI3YzQxMjQ3NGE5NzFlYWZhNjEzZjJlZmQ1IiwidWlkIjoiMjk2Yjg3MjQtODM5Zi00MjY3LWIyYTQtNGYzYTg0ZWQ5MDFjIiwiZXhwIjoxNzYxMjQxMTA3LCJpYXQiOjE3NjEyMTk1MDd9.vYqyfHMQFRvJCoTBetZVI9aAeNRf_Z9cnw4_iSkkKrg;Path=/;Max-Age=21600;HttpOnly;Expires=23/10/25, 5:38 pm;SameSite=Lax
2025-10-23 17:08:52 [main] INFO  Log:33 - Current cookies being sent: auth_token=eyJhbGciOiJIUzI1NiIsInR5cCI6IkpXVCJ9.eyJzaWQiOiIzZDE1MDYwZmNlYzc0NzhmOWQzMzQzMDc5YjAxN2EzOCIsImF0ayI6Ijc1NTYwNGI3YzQxMjQ3NGE5NzFlYWZhNjEzZjJlZmQ1IiwidWlkIjoiMjk2Yjg3MjQtODM5Zi00MjY3LWIyYTQtNGYzYTg0ZWQ5MDFjIiwiZXhwIjoxNzYxMjQxMTA3LCJpYXQiOjE3NjEyMTk1MDd9.vYqyfHMQFRvJCoTBetZVI9aAeNRf_Z9cnw4_iSkkKrg;Path=/;Max-Age=21600;HttpOnly;Expires=23/10/25, 5:38 pm;SameSite=Lax
2025-10-23 17:08:52 [main] INFO  Log:33 - Current cookies being sent: auth_token=eyJhbGciOiJIUzI1NiIsInR5cCI6IkpXVCJ9.eyJzaWQiOiIzZDE1MDYwZmNlYzc0NzhmOWQzMzQzMDc5YjAxN2EzOCIsImF0ayI6Ijc1NTYwNGI3YzQxMjQ3NGE5NzFlYWZhNjEzZjJlZmQ1IiwidWlkIjoiMjk2Yjg3MjQtODM5Zi00MjY3LWIyYTQtNGYzYTg0ZWQ5MDFjIiwiZXhwIjoxNzYxMjQxMTA3LCJpYXQiOjE3NjEyMTk1MDd9.vYqyfHMQFRvJCoTBetZVI9aAeNRf_Z9cnw4_iSkkKrg;Path=/;Max-Age=21600;HttpOnly;Expires=23/10/25, 5:38 pm;SameSite=Lax
2025-10-23 17:08:52 [main] INFO  Log:33 - Current cookies being sent: auth_token=eyJhbGciOiJIUzI1NiIsInR5cCI6IkpXVCJ9.eyJzaWQiOiIzZDE1MDYwZmNlYzc0NzhmOWQzMzQzMDc5YjAxN2EzOCIsImF0ayI6Ijc1NTYwNGI3YzQxMjQ3NGE5NzFlYWZhNjEzZjJlZmQ1IiwidWlkIjoiMjk2Yjg3MjQtODM5Zi00MjY3LWIyYTQtNGYzYTg0ZWQ5MDFjIiwiZXhwIjoxNzYxMjQxMTA3LCJpYXQiOjE3NjEyMTk1MDd9.vYqyfHMQFRvJCoTBetZVI9aAeNRf_Z9cnw4_iSkkKrg;Path=/;Max-Age=21600;HttpOnly;Expires=23/10/25, 5:38 pm;SameSite=Lax
2025-10-23 17:08:53 [main] INFO  Log:33 - Current cookies being sent: auth_token=eyJhbGciOiJIUzI1NiIsInR5cCI6IkpXVCJ9.eyJzaWQiOiIzZDE1MDYwZmNlYzc0NzhmOWQzMzQzMDc5YjAxN2EzOCIsImF0ayI6Ijc1NTYwNGI3YzQxMjQ3NGE5NzFlYWZhNjEzZjJlZmQ1IiwidWlkIjoiMjk2Yjg3MjQtODM5Zi00MjY3LWIyYTQtNGYzYTg0ZWQ5MDFjIiwiZXhwIjoxNzYxMjQxMTA3LCJpYXQiOjE3NjEyMTk1MDd9.vYqyfHMQFRvJCoTBetZVI9aAeNRf_Z9cnw4_iSkkKrg;Path=/;Max-Age=21600;HttpOnly;Expires=23/10/25, 5:38 pm;SameSite=Lax
2025-10-23 17:08:53 [main] INFO  Log:33 - Current cookies being sent: auth_token=eyJhbGciOiJIUzI1NiIsInR5cCI6IkpXVCJ9.eyJzaWQiOiIzZDE1MDYwZmNlYzc0NzhmOWQzMzQzMDc5YjAxN2EzOCIsImF0ayI6Ijc1NTYwNGI3YzQxMjQ3NGE5NzFlYWZhNjEzZjJlZmQ1IiwidWlkIjoiMjk2Yjg3MjQtODM5Zi00MjY3LWIyYTQtNGYzYTg0ZWQ5MDFjIiwiZXhwIjoxNzYxMjQxMTA3LCJpYXQiOjE3NjEyMTk1MDd9.vYqyfHMQFRvJCoTBetZVI9aAeNRf_Z9cnw4_iSkkKrg;Path=/;Max-Age=21600;HttpOnly;Expires=23/10/25, 5:38 pm;SameSite=Lax
2025-10-23 17:08:53 [main] INFO  Log:33 - Current cookies being sent: auth_token=eyJhbGciOiJIUzI1NiIsInR5cCI6IkpXVCJ9.eyJzaWQiOiIzZDE1MDYwZmNlYzc0NzhmOWQzMzQzMDc5YjAxN2EzOCIsImF0ayI6Ijc1NTYwNGI3YzQxMjQ3NGE5NzFlYWZhNjEzZjJlZmQ1IiwidWlkIjoiMjk2Yjg3MjQtODM5Zi00MjY3LWIyYTQtNGYzYTg0ZWQ5MDFjIiwiZXhwIjoxNzYxMjQxMTA3LCJpYXQiOjE3NjEyMTk1MDd9.vYqyfHMQFRvJCoTBetZVI9aAeNRf_Z9cnw4_iSkkKrg;Path=/;Max-Age=21600;HttpOnly;Expires=23/10/25, 5:38 pm;SameSite=Lax
2025-10-23 17:08:53 [main] INFO  Log:33 - Current cookies being sent: auth_token=eyJhbGciOiJIUzI1NiIsInR5cCI6IkpXVCJ9.eyJzaWQiOiIzZDE1MDYwZmNlYzc0NzhmOWQzMzQzMDc5YjAxN2EzOCIsImF0ayI6Ijc1NTYwNGI3YzQxMjQ3NGE5NzFlYWZhNjEzZjJlZmQ1IiwidWlkIjoiMjk2Yjg3MjQtODM5Zi00MjY3LWIyYTQtNGYzYTg0ZWQ5MDFjIiwiZXhwIjoxNzYxMjQxMTA3LCJpYXQiOjE3NjEyMTk1MDd9.vYqyfHMQFRvJCoTBetZVI9aAeNRf_Z9cnw4_iSkkKrg;Path=/;Max-Age=21600;HttpOnly;Expires=23/10/25, 5:38 pm;SameSite=Lax
2025-10-23 17:08:54 [main] INFO  Log:33 - Current cookies being sent: auth_token=eyJhbGciOiJIUzI1NiIsInR5cCI6IkpXVCJ9.eyJzaWQiOiIzZDE1MDYwZmNlYzc0NzhmOWQzMzQzMDc5YjAxN2EzOCIsImF0ayI6Ijc1NTYwNGI3YzQxMjQ3NGE5NzFlYWZhNjEzZjJlZmQ1IiwidWlkIjoiMjk2Yjg3MjQtODM5Zi00MjY3LWIyYTQtNGYzYTg0ZWQ5MDFjIiwiZXhwIjoxNzYxMjQxMTA3LCJpYXQiOjE3NjEyMTk1MDd9.vYqyfHMQFRvJCoTBetZVI9aAeNRf_Z9cnw4_iSkkKrg;Path=/;Max-Age=21600;HttpOnly;Expires=23/10/25, 5:38 pm;SameSite=Lax
2025-10-23 17:08:54 [main] INFO  Log:33 - Current cookies being sent: auth_token=eyJhbGciOiJIUzI1NiIsInR5cCI6IkpXVCJ9.eyJzaWQiOiIzZDE1MDYwZmNlYzc0NzhmOWQzMzQzMDc5YjAxN2EzOCIsImF0ayI6Ijc1NTYwNGI3YzQxMjQ3NGE5NzFlYWZhNjEzZjJlZmQ1IiwidWlkIjoiMjk2Yjg3MjQtODM5Zi00MjY3LWIyYTQtNGYzYTg0ZWQ5MDFjIiwiZXhwIjoxNzYxMjQxMTA3LCJpYXQiOjE3NjEyMTk1MDd9.vYqyfHMQFRvJCoTBetZVI9aAeNRf_Z9cnw4_iSkkKrg;Path=/;Max-Age=21600;HttpOnly;Expires=23/10/25, 5:38 pm;SameSite=Lax
2025-10-23 17:08:54 [main] INFO  Log:33 - Current cookies being sent: auth_token=eyJhbGciOiJIUzI1NiIsInR5cCI6IkpXVCJ9.eyJzaWQiOiIzZDE1MDYwZmNlYzc0NzhmOWQzMzQzMDc5YjAxN2EzOCIsImF0ayI6Ijc1NTYwNGI3YzQxMjQ3NGE5NzFlYWZhNjEzZjJlZmQ1IiwidWlkIjoiMjk2Yjg3MjQtODM5Zi00MjY3LWIyYTQtNGYzYTg0ZWQ5MDFjIiwiZXhwIjoxNzYxMjQxMTA3LCJpYXQiOjE3NjEyMTk1MDd9.vYqyfHMQFRvJCoTBetZVI9aAeNRf_Z9cnw4_iSkkKrg;Path=/;Max-Age=21600;HttpOnly;Expires=23/10/25, 5:38 pm;SameSite=Lax
2025-10-23 17:08:55 [main] INFO  Log:33 - Current cookies being sent: auth_token=eyJhbGciOiJIUzI1NiIsInR5cCI6IkpXVCJ9.eyJzaWQiOiIzZDE1MDYwZmNlYzc0NzhmOWQzMzQzMDc5YjAxN2EzOCIsImF0ayI6Ijc1NTYwNGI3YzQxMjQ3NGE5NzFlYWZhNjEzZjJlZmQ1IiwidWlkIjoiMjk2Yjg3MjQtODM5Zi00MjY3LWIyYTQtNGYzYTg0ZWQ5MDFjIiwiZXhwIjoxNzYxMjQxMTA3LCJpYXQiOjE3NjEyMTk1MDd9.vYqyfHMQFRvJCoTBetZVI9aAeNRf_Z9cnw4_iSkkKrg;Path=/;Max-Age=21600;HttpOnly;Expires=23/10/25, 5:38 pm;SameSite=Lax
2025-10-23 17:08:55 [main] INFO  Log:33 - Current cookies being sent: auth_token=eyJhbGciOiJIUzI1NiIsInR5cCI6IkpXVCJ9.eyJzaWQiOiIzZDE1MDYwZmNlYzc0NzhmOWQzMzQzMDc5YjAxN2EzOCIsImF0ayI6Ijc1NTYwNGI3YzQxMjQ3NGE5NzFlYWZhNjEzZjJlZmQ1IiwidWlkIjoiMjk2Yjg3MjQtODM5Zi00MjY3LWIyYTQtNGYzYTg0ZWQ5MDFjIiwiZXhwIjoxNzYxMjQxMTA3LCJpYXQiOjE3NjEyMTk1MDd9.vYqyfHMQFRvJCoTBetZVI9aAeNRf_Z9cnw4_iSkkKrg;Path=/;Max-Age=21600;HttpOnly;Expires=23/10/25, 5:38 pm;SameSite=Lax
2025-10-23 17:08:55 [main] INFO  Log:33 - Current cookies being sent: auth_token=eyJhbGciOiJIUzI1NiIsInR5cCI6IkpXVCJ9.eyJzaWQiOiIzZDE1MDYwZmNlYzc0NzhmOWQzMzQzMDc5YjAxN2EzOCIsImF0ayI6Ijc1NTYwNGI3YzQxMjQ3NGE5NzFlYWZhNjEzZjJlZmQ1IiwidWlkIjoiMjk2Yjg3MjQtODM5Zi00MjY3LWIyYTQtNGYzYTg0ZWQ5MDFjIiwiZXhwIjoxNzYxMjQxMTA3LCJpYXQiOjE3NjEyMTk1MDd9.vYqyfHMQFRvJCoTBetZVI9aAeNRf_Z9cnw4_iSkkKrg;Path=/;Max-Age=21600;HttpOnly;Expires=23/10/25, 5:38 pm;SameSite=Lax
2025-10-23 17:08:55 [main] INFO  Log:33 - Current cookies being sent: auth_token=eyJhbGciOiJIUzI1NiIsInR5cCI6IkpXVCJ9.eyJzaWQiOiIzZDE1MDYwZmNlYzc0NzhmOWQzMzQzMDc5YjAxN2EzOCIsImF0ayI6Ijc1NTYwNGI3YzQxMjQ3NGE5NzFlYWZhNjEzZjJlZmQ1IiwidWlkIjoiMjk2Yjg3MjQtODM5Zi00MjY3LWIyYTQtNGYzYTg0ZWQ5MDFjIiwiZXhwIjoxNzYxMjQxMTA3LCJpYXQiOjE3NjEyMTk1MDd9.vYqyfHMQFRvJCoTBetZVI9aAeNRf_Z9cnw4_iSkkKrg;Path=/;Max-Age=21600;HttpOnly;Expires=23/10/25, 5:38 pm;SameSite=Lax
2025-10-23 17:08:55 [main] INFO  Log:33 - Current cookies being sent: auth_token=eyJhbGciOiJIUzI1NiIsInR5cCI6IkpXVCJ9.eyJzaWQiOiIzZDE1MDYwZmNlYzc0NzhmOWQzMzQzMDc5YjAxN2EzOCIsImF0ayI6Ijc1NTYwNGI3YzQxMjQ3NGE5NzFlYWZhNjEzZjJlZmQ1IiwidWlkIjoiMjk2Yjg3MjQtODM5Zi00MjY3LWIyYTQtNGYzYTg0ZWQ5MDFjIiwiZXhwIjoxNzYxMjQxMTA3LCJpYXQiOjE3NjEyMTk1MDd9.vYqyfHMQFRvJCoTBetZVI9aAeNRf_Z9cnw4_iSkkKrg;Path=/;Max-Age=21600;HttpOnly;Expires=23/10/25, 5:38 pm;SameSite=Lax
2025-10-23 17:08:56 [main] INFO  Log:33 - Current cookies being sent: auth_token=eyJhbGciOiJIUzI1NiIsInR5cCI6IkpXVCJ9.eyJzaWQiOiIzZDE1MDYwZmNlYzc0NzhmOWQzMzQzMDc5YjAxN2EzOCIsImF0ayI6Ijc1NTYwNGI3YzQxMjQ3NGE5NzFlYWZhNjEzZjJlZmQ1IiwidWlkIjoiMjk2Yjg3MjQtODM5Zi00MjY3LWIyYTQtNGYzYTg0ZWQ5MDFjIiwiZXhwIjoxNzYxMjQxMTA3LCJpYXQiOjE3NjEyMTk1MDd9.vYqyfHMQFRvJCoTBetZVI9aAeNRf_Z9cnw4_iSkkKrg;Path=/;Max-Age=21600;HttpOnly;Expires=23/10/25, 5:38 pm;SameSite=Lax
2025-10-23 17:08:56 [main] INFO  Log:33 - Current cookies being sent: auth_token=eyJhbGciOiJIUzI1NiIsInR5cCI6IkpXVCJ9.eyJzaWQiOiIzZDE1MDYwZmNlYzc0NzhmOWQzMzQzMDc5YjAxN2EzOCIsImF0ayI6Ijc1NTYwNGI3YzQxMjQ3NGE5NzFlYWZhNjEzZjJlZmQ1IiwidWlkIjoiMjk2Yjg3MjQtODM5Zi00MjY3LWIyYTQtNGYzYTg0ZWQ5MDFjIiwiZXhwIjoxNzYxMjQxMTA3LCJpYXQiOjE3NjEyMTk1MDd9.vYqyfHMQFRvJCoTBetZVI9aAeNRf_Z9cnw4_iSkkKrg;Path=/;Max-Age=21600;HttpOnly;Expires=23/10/25, 5:38 pm;SameSite=Lax
2025-10-23 17:08:56 [main] INFO  Log:33 - Current cookies being sent: auth_token=eyJhbGciOiJIUzI1NiIsInR5cCI6IkpXVCJ9.eyJzaWQiOiIzZDE1MDYwZmNlYzc0NzhmOWQzMzQzMDc5YjAxN2EzOCIsImF0ayI6Ijc1NTYwNGI3YzQxMjQ3NGE5NzFlYWZhNjEzZjJlZmQ1IiwidWlkIjoiMjk2Yjg3MjQtODM5Zi00MjY3LWIyYTQtNGYzYTg0ZWQ5MDFjIiwiZXhwIjoxNzYxMjQxMTA3LCJpYXQiOjE3NjEyMTk1MDd9.vYqyfHMQFRvJCoTBetZVI9aAeNRf_Z9cnw4_iSkkKrg;Path=/;Max-Age=21600;HttpOnly;Expires=23/10/25, 5:38 pm;SameSite=Lax
2025-10-23 17:08:57 [main] INFO  Log:33 - Current cookies being sent: auth_token=eyJhbGciOiJIUzI1NiIsInR5cCI6IkpXVCJ9.eyJzaWQiOiIzZDE1MDYwZmNlYzc0NzhmOWQzMzQzMDc5YjAxN2EzOCIsImF0ayI6Ijc1NTYwNGI3YzQxMjQ3NGE5NzFlYWZhNjEzZjJlZmQ1IiwidWlkIjoiMjk2Yjg3MjQtODM5Zi00MjY3LWIyYTQtNGYzYTg0ZWQ5MDFjIiwiZXhwIjoxNzYxMjQxMTA3LCJpYXQiOjE3NjEyMTk1MDd9.vYqyfHMQFRvJCoTBetZVI9aAeNRf_Z9cnw4_iSkkKrg;Path=/;Max-Age=21600;HttpOnly;Expires=23/10/25, 5:38 pm;SameSite=Lax
2025-10-23 17:08:57 [main] INFO  Log:33 - Current cookies being sent: auth_token=eyJhbGciOiJIUzI1NiIsInR5cCI6IkpXVCJ9.eyJzaWQiOiIzZDE1MDYwZmNlYzc0NzhmOWQzMzQzMDc5YjAxN2EzOCIsImF0ayI6Ijc1NTYwNGI3YzQxMjQ3NGE5NzFlYWZhNjEzZjJlZmQ1IiwidWlkIjoiMjk2Yjg3MjQtODM5Zi00MjY3LWIyYTQtNGYzYTg0ZWQ5MDFjIiwiZXhwIjoxNzYxMjQxMTA3LCJpYXQiOjE3NjEyMTk1MDd9.vYqyfHMQFRvJCoTBetZVI9aAeNRf_Z9cnw4_iSkkKrg;Path=/;Max-Age=21600;HttpOnly;Expires=23/10/25, 5:38 pm;SameSite=Lax
2025-10-23 17:08:57 [main] INFO  Log:33 - Current cookies being sent: auth_token=eyJhbGciOiJIUzI1NiIsInR5cCI6IkpXVCJ9.eyJzaWQiOiIzZDE1MDYwZmNlYzc0NzhmOWQzMzQzMDc5YjAxN2EzOCIsImF0ayI6Ijc1NTYwNGI3YzQxMjQ3NGE5NzFlYWZhNjEzZjJlZmQ1IiwidWlkIjoiMjk2Yjg3MjQtODM5Zi00MjY3LWIyYTQtNGYzYTg0ZWQ5MDFjIiwiZXhwIjoxNzYxMjQxMTA3LCJpYXQiOjE3NjEyMTk1MDd9.vYqyfHMQFRvJCoTBetZVI9aAeNRf_Z9cnw4_iSkkKrg;Path=/;Max-Age=21600;HttpOnly;Expires=23/10/25, 5:38 pm;SameSite=Lax
2025-10-23 17:08:58 [main] INFO  Log:33 - Current cookies being sent: auth_token=eyJhbGciOiJIUzI1NiIsInR5cCI6IkpXVCJ9.eyJzaWQiOiIzZDE1MDYwZmNlYzc0NzhmOWQzMzQzMDc5YjAxN2EzOCIsImF0ayI6Ijc1NTYwNGI3YzQxMjQ3NGE5NzFlYWZhNjEzZjJlZmQ1IiwidWlkIjoiMjk2Yjg3MjQtODM5Zi00MjY3LWIyYTQtNGYzYTg0ZWQ5MDFjIiwiZXhwIjoxNzYxMjQxMTA3LCJpYXQiOjE3NjEyMTk1MDd9.vYqyfHMQFRvJCoTBetZVI9aAeNRf_Z9cnw4_iSkkKrg;Path=/;Max-Age=21600;HttpOnly;Expires=23/10/25, 5:38 pm;SameSite=Lax
2025-10-23 17:08:58 [main] INFO  Log:33 - Current cookies being sent: auth_token=eyJhbGciOiJIUzI1NiIsInR5cCI6IkpXVCJ9.eyJzaWQiOiIzZDE1MDYwZmNlYzc0NzhmOWQzMzQzMDc5YjAxN2EzOCIsImF0ayI6Ijc1NTYwNGI3YzQxMjQ3NGE5NzFlYWZhNjEzZjJlZmQ1IiwidWlkIjoiMjk2Yjg3MjQtODM5Zi00MjY3LWIyYTQtNGYzYTg0ZWQ5MDFjIiwiZXhwIjoxNzYxMjQxMTA3LCJpYXQiOjE3NjEyMTk1MDd9.vYqyfHMQFRvJCoTBetZVI9aAeNRf_Z9cnw4_iSkkKrg;Path=/;Max-Age=21600;HttpOnly;Expires=23/10/25, 5:38 pm;SameSite=Lax
2025-10-23 17:08:58 [main] INFO  Log:33 - Current cookies being sent: auth_token=eyJhbGciOiJIUzI1NiIsInR5cCI6IkpXVCJ9.eyJzaWQiOiIzZDE1MDYwZmNlYzc0NzhmOWQzMzQzMDc5YjAxN2EzOCIsImF0ayI6Ijc1NTYwNGI3YzQxMjQ3NGE5NzFlYWZhNjEzZjJlZmQ1IiwidWlkIjoiMjk2Yjg3MjQtODM5Zi00MjY3LWIyYTQtNGYzYTg0ZWQ5MDFjIiwiZXhwIjoxNzYxMjQxMTA3LCJpYXQiOjE3NjEyMTk1MDd9.vYqyfHMQFRvJCoTBetZVI9aAeNRf_Z9cnw4_iSkkKrg;Path=/;Max-Age=21600;HttpOnly;Expires=23/10/25, 5:38 pm;SameSite=Lax
2025-10-23 17:08:58 [main] INFO  Log:33 - Cookies:auth_token=eyJhbGciOiJIUzI1NiIsInR5cCI6IkpXVCJ9.eyJzaWQiOiIzZDE1MDYwZmNlYzc0NzhmOWQzMzQzMDc5YjAxN2EzOCIsImF0ayI6Ijc1NTYwNGI3YzQxMjQ3NGE5NzFlYWZhNjEzZjJlZmQ1IiwidWlkIjoiMjk2Yjg3MjQtODM5Zi00MjY3LWIyYTQtNGYzYTg0ZWQ5MDFjIiwiZXhwIjoxNzYxMjQxMTA3LCJpYXQiOjE3NjEyMTk1MDd9.vYqyfHMQFRvJCoTBetZVI9aAeNRf_Z9cnw4_iSkkKrg;Path=/;Max-Age=21600;HttpOnly;Expires=23/10/25, 5:38 pm;SameSite=Lax
2025-10-23 17:08:58 [main] INFO  Log:33 - Current cookies being sent: auth_token=eyJhbGciOiJIUzI1NiIsInR5cCI6IkpXVCJ9.eyJzaWQiOiIzZDE1MDYwZmNlYzc0NzhmOWQzMzQzMDc5YjAxN2EzOCIsImF0ayI6Ijc1NTYwNGI3YzQxMjQ3NGE5NzFlYWZhNjEzZjJlZmQ1IiwidWlkIjoiMjk2Yjg3MjQtODM5Zi00MjY3LWIyYTQtNGYzYTg0ZWQ5MDFjIiwiZXhwIjoxNzYxMjQxMTA3LCJpYXQiOjE3NjEyMTk1MDd9.vYqyfHMQFRvJCoTBetZVI9aAeNRf_Z9cnw4_iSkkKrg;Path=/;Max-Age=21600;HttpOnly;Expires=23/10/25, 5:38 pm;SameSite=Lax
2025-10-23 17:08:59 [main] INFO  Log:33 - Cookies:auth_token=eyJhbGciOiJIUzI1NiIsInR5cCI6IkpXVCJ9.eyJzaWQiOiIzZDE1MDYwZmNlYzc0NzhmOWQzMzQzMDc5YjAxN2EzOCIsImF0ayI6Ijc1NTYwNGI3YzQxMjQ3NGE5NzFlYWZhNjEzZjJlZmQ1IiwidWlkIjoiMjk2Yjg3MjQtODM5Zi00MjY3LWIyYTQtNGYzYTg0ZWQ5MDFjIiwiZXhwIjoxNzYxMjQxMTA3LCJpYXQiOjE3NjEyMTk1MDd9.vYqyfHMQFRvJCoTBetZVI9aAeNRf_Z9cnw4_iSkkKrg;Path=/;Max-Age=21600;HttpOnly;Expires=23/10/25, 5:38 pm;SameSite=Lax
2025-10-23 17:08:59 [main] INFO  Log:33 - Current cookies being sent: auth_token=eyJhbGciOiJIUzI1NiIsInR5cCI6IkpXVCJ9.eyJzaWQiOiIzZDE1MDYwZmNlYzc0NzhmOWQzMzQzMDc5YjAxN2EzOCIsImF0ayI6Ijc1NTYwNGI3YzQxMjQ3NGE5NzFlYWZhNjEzZjJlZmQ1IiwidWlkIjoiMjk2Yjg3MjQtODM5Zi00MjY3LWIyYTQtNGYzYTg0ZWQ5MDFjIiwiZXhwIjoxNzYxMjQxMTA3LCJpYXQiOjE3NjEyMTk1MDd9.vYqyfHMQFRvJCoTBetZVI9aAeNRf_Z9cnw4_iSkkKrg;Path=/;Max-Age=21600;HttpOnly;Expires=23/10/25, 5:38 pm;SameSite=Lax
2025-10-23 17:08:59 [main] INFO  Log:33 - Cookies:auth_token=eyJhbGciOiJIUzI1NiIsInR5cCI6IkpXVCJ9.eyJzaWQiOiIzZDE1MDYwZmNlYzc0NzhmOWQzMzQzMDc5YjAxN2EzOCIsImF0ayI6Ijc1NTYwNGI3YzQxMjQ3NGE5NzFlYWZhNjEzZjJlZmQ1IiwidWlkIjoiMjk2Yjg3MjQtODM5Zi00MjY3LWIyYTQtNGYzYTg0ZWQ5MDFjIiwiZXhwIjoxNzYxMjQxMTA3LCJpYXQiOjE3NjEyMTk1MDd9.vYqyfHMQFRvJCoTBetZVI9aAeNRf_Z9cnw4_iSkkKrg;Path=/;Max-Age=21600;HttpOnly;Expires=23/10/25, 5:38 pm;SameSite=Lax
2025-10-23 17:08:59 [main] INFO  Log:33 - Current cookies being sent: auth_token=eyJhbGciOiJIUzI1NiIsInR5cCI6IkpXVCJ9.eyJzaWQiOiIzZDE1MDYwZmNlYzc0NzhmOWQzMzQzMDc5YjAxN2EzOCIsImF0ayI6Ijc1NTYwNGI3YzQxMjQ3NGE5NzFlYWZhNjEzZjJlZmQ1IiwidWlkIjoiMjk2Yjg3MjQtODM5Zi00MjY3LWIyYTQtNGYzYTg0ZWQ5MDFjIiwiZXhwIjoxNzYxMjQxMTA3LCJpYXQiOjE3NjEyMTk1MDd9.vYqyfHMQFRvJCoTBetZVI9aAeNRf_Z9cnw4_iSkkKrg;Path=/;Max-Age=21600;HttpOnly;Expires=23/10/25, 5:38 pm;SameSite=Lax
2025-10-23 17:08:59 [main] INFO  Log:33 - Cookies:auth_token=eyJhbGciOiJIUzI1NiIsInR5cCI6IkpXVCJ9.eyJzaWQiOiIzZDE1MDYwZmNlYzc0NzhmOWQzMzQzMDc5YjAxN2EzOCIsImF0ayI6Ijc1NTYwNGI3YzQxMjQ3NGE5NzFlYWZhNjEzZjJlZmQ1IiwidWlkIjoiMjk2Yjg3MjQtODM5Zi00MjY3LWIyYTQtNGYzYTg0ZWQ5MDFjIiwiZXhwIjoxNzYxMjQxMTA3LCJpYXQiOjE3NjEyMTk1MDd9.vYqyfHMQFRvJCoTBetZVI9aAeNRf_Z9cnw4_iSkkKrg;Path=/;Max-Age=21600;HttpOnly;Expires=23/10/25, 5:38 pm;SameSite=Lax
2025-10-23 17:14:28 [main] INFO  Log:33 - Current cookies being sent: 
2025-10-23 17:14:59 [main] INFO  Log:33 - Current cookies being sent: 
2025-10-23 17:15:01 [main] INFO  Log:33 - Current cookies being sent: 
2025-10-23 17:15:01 [main] INFO  Log:33 - Current cookies being sent: 
2025-10-23 17:15:02 [main] INFO  Log:33 - Current cookies being sent: 
2025-10-23 17:15:02 [main] INFO  Log:33 - Current cookies being sent: 
2025-10-23 17:15:02 [main] INFO  Log:33 - Current cookies being sent: 
2025-10-23 17:15:03 [main] INFO  Log:33 - Current cookies being sent: 
2025-10-23 17:15:04 [main] INFO  Log:33 - Current cookies being sent: 
2025-10-23 17:15:04 [main] INFO  Log:33 - Current cookies being sent: 
2025-10-23 17:15:04 [main] INFO  Log:33 - Current cookies being sent: 
2025-10-23 17:15:05 [main] INFO  Log:33 - Current cookies being sent: 
2025-10-23 17:15:09 [main] INFO  Log:33 - Current cookies being sent: 
2025-10-23 17:15:13 [main] INFO  Log:33 - Current cookies being sent: 
2025-10-23 17:15:19 [main] INFO  Log:33 - Current cookies being sent: 
2025-10-23 17:15:23 [main] INFO  Log:33 - Current cookies being sent: 
2025-10-23 17:15:24 [main] INFO  Log:33 - Current cookies being sent: 
2025-10-23 17:15:25 [main] INFO  Log:33 - Current cookies being sent: 
2025-10-23 17:15:26 [main] INFO  Log:33 - Current cookies being sent: 
2025-10-23 17:15:27 [main] INFO  Log:33 - Current cookies being sent: 
2025-10-23 17:15:28 [main] INFO  Log:33 - Current cookies being sent: 
2025-10-23 17:15:29 [main] INFO  Log:33 - Current cookies being sent: 
2025-10-23 17:15:29 [main] INFO  Log:33 - Current cookies being sent: 
2025-10-23 17:15:29 [main] INFO  Log:33 - Current cookies being sent: 
2025-10-23 17:15:30 [main] INFO  Log:33 - Current cookies being sent: 
2025-10-23 17:15:35 [main] INFO  Log:33 - mail:jmmmkzsh@mybizz.com
2025-10-23 17:15:35 [main] INFO  Log:33 - password:8sZ2%5EejPty
2025-10-23 17:15:35 [main] INFO  Log:33 - Current cookies being sent: 
2025-10-23 17:15:36 [main] INFO  Log:33 - Current cookies being sent: 
2025-10-23 17:15:41 [main] INFO  Log:33 - Current cookies being sent: 
2025-10-23 17:15:42 [main] INFO  Log:33 - Current cookies being sent: 
2025-10-23 17:15:42 [main] INFO  Log:33 - Current cookies being sent: 
2025-10-23 17:15:42 [main] INFO  Log:33 - Current cookies being sent: 
2025-10-23 17:15:43 [main] INFO  Log:33 - Current cookies being sent: 
2025-10-23 17:15:43 [main] INFO  Log:33 - Current cookies being sent: 
2025-10-23 17:15:43 [main] INFO  Log:33 - Current cookies being sent: 
2025-10-23 17:15:43 [main] INFO  Log:33 - Current cookies being sent: 
2025-10-23 17:15:44 [main] INFO  Log:33 - Current cookies being sent: 
2025-10-23 17:15:44 [main] INFO  Log:33 - Current cookies being sent: 
2025-10-23 17:15:44 [main] INFO  Log:33 - Current cookies being sent: 
2025-10-23 17:15:44 [main] INFO  Log:33 - Current cookies being sent: 
2025-10-23 17:15:44 [main] INFO  Log:33 - Current cookies being sent: 
2025-10-23 17:15:45 [main] INFO  Log:33 - Current cookies being sent: 
2025-10-23 17:15:45 [main] INFO  Log:33 - Current cookies being sent: 
2025-10-23 17:15:45 [main] INFO  Log:33 - Current cookies being sent: 
2025-10-23 17:15:46 [main] INFO  Log:33 - Current cookies being sent: 
2025-10-23 17:15:46 [main] INFO  Log:33 - Current cookies being sent: 
2025-10-23 17:15:46 [main] INFO  Log:33 - Current cookies being sent: 
2025-10-23 17:15:46 [main] INFO  Log:33 - Current cookies being sent: 
2025-10-23 17:15:47 [main] INFO  Log:33 - Current cookies being sent: 
2025-10-23 17:15:48 [main] INFO  Log:33 - Current cookies being sent: 
2025-10-23 17:15:49 [main] INFO  Log:33 - Current cookies being sent: 
2025-10-23 17:15:50 [main] INFO  Log:33 - authorization_token: eyJhbGciOiJIUzI1NiIsInR5cCI6IkpXVCJ9.eyJzaWQiOiJjNDY5ZTFkMjA0NTE0NWZiODBkNDI5NjJkMDViODJlNiIsImF0ayI6IjdiM2E5MzQ4NDUyOTRmNWE4ZWQ2MDk2NDIyMDYxM2M5IiwiZXhwIjoxNzYxMjIwNTUwLCJpYXQiOjE3NjEyMTk5NTB9.D5jRd0tlC_yU374uylpT6Z3ebW9eL6kW93CWiIQ7aCY
2025-10-23 17:15:50 [main] INFO  Log:33 - Current cookies being sent: 
2025-10-23 17:15:50 [main] INFO  Log:33 - stored cookie: auth_token=eyJhbGciOiJIUzI1NiIsInR5cCI6IkpXVCJ9.eyJzaWQiOiJjNDY5ZTFkMjA0NTE0NWZiODBkNDI5NjJkMDViODJlNiIsImF0ayI6IjYxODZiOTg5ODNmNDRhMDg4MjBkM2I1MDdlMjk5MzRjIiwidWlkIjoiMjk2Yjg3MjQtODM5Zi00MjY3LWIyYTQtNGYzYTg0ZWQ5MDFjIiwiZXhwIjoxNzYxMjQxNTUwLCJpYXQiOjE3NjEyMTk5NTB9.Efwc1xdBMxIgbr55e4kxun282vRS7L5Lf-fAA0W7BBc;Path=/;Max-Age=21600;HttpOnly;Expires=23/10/25, 5:45 pm;SameSite=Lax
2025-10-23 17:15:50 [main] INFO  Log:33 - authorization_token: null
2025-10-23 17:15:50 [main] INFO  Log:33 - Current cookies being sent: auth_token=eyJhbGciOiJIUzI1NiIsInR5cCI6IkpXVCJ9.eyJzaWQiOiJjNDY5ZTFkMjA0NTE0NWZiODBkNDI5NjJkMDViODJlNiIsImF0ayI6IjYxODZiOTg5ODNmNDRhMDg4MjBkM2I1MDdlMjk5MzRjIiwidWlkIjoiMjk2Yjg3MjQtODM5Zi00MjY3LWIyYTQtNGYzYTg0ZWQ5MDFjIiwiZXhwIjoxNzYxMjQxNTUwLCJpYXQiOjE3NjEyMTk5NTB9.Efwc1xdBMxIgbr55e4kxun282vRS7L5Lf-fAA0W7BBc;Path=/;Max-Age=21600;HttpOnly;Expires=23/10/25, 5:45 pm;SameSite=Lax
2025-10-23 17:15:51 [main] INFO  Log:33 - Current cookies being sent: auth_token=eyJhbGciOiJIUzI1NiIsInR5cCI6IkpXVCJ9.eyJzaWQiOiJjNDY5ZTFkMjA0NTE0NWZiODBkNDI5NjJkMDViODJlNiIsImF0ayI6IjYxODZiOTg5ODNmNDRhMDg4MjBkM2I1MDdlMjk5MzRjIiwidWlkIjoiMjk2Yjg3MjQtODM5Zi00MjY3LWIyYTQtNGYzYTg0ZWQ5MDFjIiwiZXhwIjoxNzYxMjQxNTUwLCJpYXQiOjE3NjEyMTk5NTB9.Efwc1xdBMxIgbr55e4kxun282vRS7L5Lf-fAA0W7BBc;Path=/;Max-Age=21600;HttpOnly;Expires=23/10/25, 5:45 pm;SameSite=Lax
2025-10-23 17:15:56 [main] INFO  Log:33 - authorization_token: eyJhbGciOiJIUzI1NiIsInR5cCI6IkpXVCJ9.eyJzaWQiOiI4ZmNjNzlmMDIzYzY0ZDgwYjgwOGNmZTE0NjdmNWViMSIsImF0ayI6ImRlMzk5OTg5MWY3MjRjNTM4ODJkMjk4YTI2MmFiZmMzIiwiZXhwIjoxNzYxMjIwNTUyLCJpYXQiOjE3NjEyMTk5NTJ9.0SzcSsrZkza-x-8PZZFurYV2uWDGE-NaUATlNMIwpAY
2025-10-23 17:15:56 [main] INFO  Log:33 - Current cookies being sent: auth_token=eyJhbGciOiJIUzI1NiIsInR5cCI6IkpXVCJ9.eyJzaWQiOiJjNDY5ZTFkMjA0NTE0NWZiODBkNDI5NjJkMDViODJlNiIsImF0ayI6IjYxODZiOTg5ODNmNDRhMDg4MjBkM2I1MDdlMjk5MzRjIiwidWlkIjoiMjk2Yjg3MjQtODM5Zi00MjY3LWIyYTQtNGYzYTg0ZWQ5MDFjIiwiZXhwIjoxNzYxMjQxNTUwLCJpYXQiOjE3NjEyMTk5NTB9.Efwc1xdBMxIgbr55e4kxun282vRS7L5Lf-fAA0W7BBc;Path=/;Max-Age=21600;HttpOnly;Expires=23/10/25, 5:45 pm;SameSite=Lax
2025-10-23 17:15:56 [main] INFO  Log:33 - stored cookie: auth_token=eyJhbGciOiJIUzI1NiIsInR5cCI6IkpXVCJ9.eyJzaWQiOiI4ZmNjNzlmMDIzYzY0ZDgwYjgwOGNmZTE0NjdmNWViMSIsImF0ayI6IjJiNTNiYWRhN2EwNzQ0YmY4ODc3YmE3MjI2NTJkOTJlIiwidWlkIjoiMjk2Yjg3MjQtODM5Zi00MjY3LWIyYTQtNGYzYTg0ZWQ5MDFjIiwiZXhwIjoxNzYxMjQxNTU3LCJpYXQiOjE3NjEyMTk5NTd9.8wdGbcq80C1Ovu3aXMwTgi3FkaSsOXjGhGR921NZXvI;Path=/;Max-Age=21600;HttpOnly;Expires=23/10/25, 5:45 pm;SameSite=Lax
2025-10-23 17:15:56 [main] INFO  Log:33 - Current cookies being sent: auth_token=eyJhbGciOiJIUzI1NiIsInR5cCI6IkpXVCJ9.eyJzaWQiOiI4ZmNjNzlmMDIzYzY0ZDgwYjgwOGNmZTE0NjdmNWViMSIsImF0ayI6IjJiNTNiYWRhN2EwNzQ0YmY4ODc3YmE3MjI2NTJkOTJlIiwidWlkIjoiMjk2Yjg3MjQtODM5Zi00MjY3LWIyYTQtNGYzYTg0ZWQ5MDFjIiwiZXhwIjoxNzYxMjQxNTU3LCJpYXQiOjE3NjEyMTk5NTd9.8wdGbcq80C1Ovu3aXMwTgi3FkaSsOXjGhGR921NZXvI;Path=/;Max-Age=21600;HttpOnly;Expires=23/10/25, 5:45 pm;SameSite=Lax
2025-10-23 17:15:57 [main] INFO  Log:33 - Current cookies being sent: auth_token=eyJhbGciOiJIUzI1NiIsInR5cCI6IkpXVCJ9.eyJzaWQiOiI4ZmNjNzlmMDIzYzY0ZDgwYjgwOGNmZTE0NjdmNWViMSIsImF0ayI6IjJiNTNiYWRhN2EwNzQ0YmY4ODc3YmE3MjI2NTJkOTJlIiwidWlkIjoiMjk2Yjg3MjQtODM5Zi00MjY3LWIyYTQtNGYzYTg0ZWQ5MDFjIiwiZXhwIjoxNzYxMjQxNTU3LCJpYXQiOjE3NjEyMTk5NTd9.8wdGbcq80C1Ovu3aXMwTgi3FkaSsOXjGhGR921NZXvI;Path=/;Max-Age=21600;HttpOnly;Expires=23/10/25, 5:45 pm;SameSite=Lax
2025-10-23 17:27:38 [main] INFO  Log:33 - Current cookies being sent: 
2025-10-23 17:27:41 [main] INFO  Log:33 - Current cookies being sent: 
2025-10-23 17:27:41 [main] INFO  Log:33 - Current cookies being sent: 
2025-10-23 17:27:41 [main] INFO  Log:33 - Current cookies being sent: 
2025-10-23 17:27:41 [main] INFO  Log:33 - Current cookies being sent: 
2025-10-23 17:27:41 [main] INFO  Log:33 - Current cookies being sent: 
2025-10-23 17:27:42 [main] INFO  Log:33 - Current cookies being sent: 
2025-10-23 17:27:42 [main] INFO  Log:33 - Current cookies being sent: 
2025-10-23 17:27:42 [main] INFO  Log:33 - Current cookies being sent: 
2025-10-23 17:27:43 [main] INFO  Log:33 - Current cookies being sent: 
2025-10-23 17:27:43 [main] INFO  Log:33 - Current cookies being sent: 
2025-10-23 17:27:47 [main] INFO  Log:33 - Current cookies being sent: 
2025-10-23 17:27:51 [main] INFO  Log:33 - Current cookies being sent: 
2025-10-23 17:27:58 [main] INFO  Log:33 - Current cookies being sent: 
2025-10-23 17:28:02 [main] INFO  Log:33 - Current cookies being sent: 
2025-10-23 17:28:02 [main] INFO  Log:33 - Current cookies being sent: 
2025-10-23 17:28:03 [main] INFO  Log:33 - Current cookies being sent: 
2025-10-23 17:28:04 [main] INFO  Log:33 - Current cookies being sent: 
2025-10-23 17:28:05 [main] INFO  Log:33 - Current cookies being sent: 
2025-10-23 17:28:06 [main] INFO  Log:33 - Current cookies being sent: 
2025-10-23 17:28:07 [main] INFO  Log:33 - Current cookies being sent: 
2025-10-23 17:28:07 [main] INFO  Log:33 - Current cookies being sent: 
2025-10-23 17:28:08 [main] INFO  Log:33 - Current cookies being sent: 
2025-10-23 17:28:09 [main] INFO  Log:33 - Current cookies being sent: 
2025-10-23 17:28:14 [main] INFO  Log:33 - mail:cwjteits@mybizz.com
2025-10-23 17:28:14 [main] INFO  Log:33 - password:yPR#nxG4PzpG
2025-10-23 17:28:14 [main] INFO  Log:33 - Current cookies being sent: 
2025-10-23 17:28:15 [main] INFO  Log:33 - Current cookies being sent: 
2025-10-23 17:28:19 [main] INFO  Log:33 - Current cookies being sent: 
2025-10-23 17:28:21 [main] INFO  Log:33 - Current cookies being sent: 
2025-10-23 17:28:21 [main] INFO  Log:33 - Current cookies being sent: 
2025-10-23 17:28:21 [main] INFO  Log:33 - Current cookies being sent: 
2025-10-23 17:28:21 [main] INFO  Log:33 - Current cookies being sent: 
2025-10-23 17:28:21 [main] INFO  Log:33 - Current cookies being sent: 
2025-10-23 17:28:21 [main] INFO  Log:33 - Current cookies being sent: 
2025-10-23 17:28:21 [main] INFO  Log:33 - Current cookies being sent: 
2025-10-23 17:28:22 [main] INFO  Log:33 - Current cookies being sent: 
2025-10-23 17:28:22 [main] INFO  Log:33 - Current cookies being sent: 
2025-10-23 17:28:22 [main] INFO  Log:33 - Current cookies being sent: 
2025-10-23 17:28:22 [main] INFO  Log:33 - Current cookies being sent: 
2025-10-23 17:28:22 [main] INFO  Log:33 - Current cookies being sent: 
2025-10-23 17:28:23 [main] INFO  Log:33 - Current cookies being sent: 
2025-10-23 17:28:23 [main] INFO  Log:33 - Current cookies being sent: 
2025-10-23 17:28:23 [main] INFO  Log:33 - Current cookies being sent: 
2025-10-23 17:28:23 [main] INFO  Log:33 - Current cookies being sent: 
2025-10-23 17:28:23 [main] INFO  Log:33 - Current cookies being sent: 
2025-10-23 17:28:23 [main] INFO  Log:33 - Current cookies being sent: 
2025-10-23 17:28:24 [main] INFO  Log:33 - Current cookies being sent: 
2025-10-23 17:28:24 [main] INFO  Log:33 - Current cookies being sent: 
2025-10-23 17:28:25 [main] INFO  Log:33 - Current cookies being sent: 
2025-10-23 17:28:26 [main] INFO  Log:33 - Current cookies being sent: 
2025-10-23 17:28:27 [main] INFO  Log:33 - authorization_token: eyJhbGciOiJIUzI1NiIsInR5cCI6IkpXVCJ9.eyJzaWQiOiJiMDQyMmI4ODM1MmE0OWIxYmViNThlYjkzNTBlZDhjYSIsImF0ayI6IjFmZTk2NzViMmEyNTRkOTFhOTE3OGUwZDlkMjFjNmVmIiwiZXhwIjoxNzYxMjIxMzA3LCJpYXQiOjE3NjEyMjA3MDd9.LbyVTKisSfdjlU70zqlNKq4NEKgVljiywHMdg02PBXU
2025-10-23 17:28:27 [main] INFO  Log:33 - Current cookies being sent: 
2025-10-23 17:28:27 [main] INFO  Log:33 - stored cookie: auth_token=eyJhbGciOiJIUzI1NiIsInR5cCI6IkpXVCJ9.eyJzaWQiOiJiMDQyMmI4ODM1MmE0OWIxYmViNThlYjkzNTBlZDhjYSIsImF0ayI6ImU5OWQwZjQ0NGU2ZDQ2M2Y4N2RiZWRiMjc1ZDA0NjhmIiwidWlkIjoiMjk2Yjg3MjQtODM5Zi00MjY3LWIyYTQtNGYzYTg0ZWQ5MDFjIiwiZXhwIjoxNzYxMjQyMzA4LCJpYXQiOjE3NjEyMjA3MDh9.yCLiPKdd1-KmFdIGYU70Q_WmDlvijZKRapZQQgoMsxE;Path=/;Max-Age=21600;HttpOnly;Expires=23/10/25, 5:58 pm;SameSite=Lax
2025-10-23 17:28:27 [main] INFO  Log:33 - authorization_token: null
2025-10-23 17:28:27 [main] INFO  Log:33 - Current cookies being sent: auth_token=eyJhbGciOiJIUzI1NiIsInR5cCI6IkpXVCJ9.eyJzaWQiOiJiMDQyMmI4ODM1MmE0OWIxYmViNThlYjkzNTBlZDhjYSIsImF0ayI6ImU5OWQwZjQ0NGU2ZDQ2M2Y4N2RiZWRiMjc1ZDA0NjhmIiwidWlkIjoiMjk2Yjg3MjQtODM5Zi00MjY3LWIyYTQtNGYzYTg0ZWQ5MDFjIiwiZXhwIjoxNzYxMjQyMzA4LCJpYXQiOjE3NjEyMjA3MDh9.yCLiPKdd1-KmFdIGYU70Q_WmDlvijZKRapZQQgoMsxE;Path=/;Max-Age=21600;HttpOnly;Expires=23/10/25, 5:58 pm;SameSite=Lax
2025-10-23 17:28:28 [main] INFO  Log:33 - Current cookies being sent: auth_token=eyJhbGciOiJIUzI1NiIsInR5cCI6IkpXVCJ9.eyJzaWQiOiJiMDQyMmI4ODM1MmE0OWIxYmViNThlYjkzNTBlZDhjYSIsImF0ayI6ImU5OWQwZjQ0NGU2ZDQ2M2Y4N2RiZWRiMjc1ZDA0NjhmIiwidWlkIjoiMjk2Yjg3MjQtODM5Zi00MjY3LWIyYTQtNGYzYTg0ZWQ5MDFjIiwiZXhwIjoxNzYxMjQyMzA4LCJpYXQiOjE3NjEyMjA3MDh9.yCLiPKdd1-KmFdIGYU70Q_WmDlvijZKRapZQQgoMsxE;Path=/;Max-Age=21600;HttpOnly;Expires=23/10/25, 5:58 pm;SameSite=Lax
2025-10-23 17:28:33 [main] INFO  Log:33 - authorization_token: eyJhbGciOiJIUzI1NiIsInR5cCI6IkpXVCJ9.eyJzaWQiOiJkZjJmYjczMmQyMWE0ZjA5OGJjNGRmYWI5ZmRmYzdlOCIsImF0ayI6ImE4ZTQ2NzNjY2E3MjRiMGZiMzgwNmExNTZlNGM0MzIyIiwiZXhwIjoxNzYxMjIxMzA5LCJpYXQiOjE3NjEyMjA3MDl9.Z-NLMeEfaDKU4L-8DUVC05e7klzFkI6heWP3Xkrizhs
2025-10-23 17:28:33 [main] INFO  Log:33 - Current cookies being sent: auth_token=eyJhbGciOiJIUzI1NiIsInR5cCI6IkpXVCJ9.eyJzaWQiOiJiMDQyMmI4ODM1MmE0OWIxYmViNThlYjkzNTBlZDhjYSIsImF0ayI6ImU5OWQwZjQ0NGU2ZDQ2M2Y4N2RiZWRiMjc1ZDA0NjhmIiwidWlkIjoiMjk2Yjg3MjQtODM5Zi00MjY3LWIyYTQtNGYzYTg0ZWQ5MDFjIiwiZXhwIjoxNzYxMjQyMzA4LCJpYXQiOjE3NjEyMjA3MDh9.yCLiPKdd1-KmFdIGYU70Q_WmDlvijZKRapZQQgoMsxE;Path=/;Max-Age=21600;HttpOnly;Expires=23/10/25, 5:58 pm;SameSite=Lax
2025-10-23 17:28:34 [main] INFO  Log:33 - stored cookie: auth_token=eyJhbGciOiJIUzI1NiIsInR5cCI6IkpXVCJ9.eyJzaWQiOiJkZjJmYjczMmQyMWE0ZjA5OGJjNGRmYWI5ZmRmYzdlOCIsImF0ayI6IjVlM2U0OGM0YTAwNzRkNzZiNmM5NGNlMDlhNWNkYTJmIiwidWlkIjoiMjk2Yjg3MjQtODM5Zi00MjY3LWIyYTQtNGYzYTg0ZWQ5MDFjIiwiZXhwIjoxNzYxMjQyMzE0LCJpYXQiOjE3NjEyMjA3MTR9.gro5XLlTYRfRlPxX7z5Jxu-unyf6t0bnu0azIWvf9gk;Path=/;Max-Age=21600;HttpOnly;Expires=23/10/25, 5:58 pm;SameSite=Lax
2025-10-23 17:28:34 [main] INFO  Log:33 - Current cookies being sent: auth_token=eyJhbGciOiJIUzI1NiIsInR5cCI6IkpXVCJ9.eyJzaWQiOiJkZjJmYjczMmQyMWE0ZjA5OGJjNGRmYWI5ZmRmYzdlOCIsImF0ayI6IjVlM2U0OGM0YTAwNzRkNzZiNmM5NGNlMDlhNWNkYTJmIiwidWlkIjoiMjk2Yjg3MjQtODM5Zi00MjY3LWIyYTQtNGYzYTg0ZWQ5MDFjIiwiZXhwIjoxNzYxMjQyMzE0LCJpYXQiOjE3NjEyMjA3MTR9.gro5XLlTYRfRlPxX7z5Jxu-unyf6t0bnu0azIWvf9gk;Path=/;Max-Age=21600;HttpOnly;Expires=23/10/25, 5:58 pm;SameSite=Lax
2025-10-23 17:28:34 [main] INFO  Log:33 - Current cookies being sent: auth_token=eyJhbGciOiJIUzI1NiIsInR5cCI6IkpXVCJ9.eyJzaWQiOiJkZjJmYjczMmQyMWE0ZjA5OGJjNGRmYWI5ZmRmYzdlOCIsImF0ayI6IjVlM2U0OGM0YTAwNzRkNzZiNmM5NGNlMDlhNWNkYTJmIiwidWlkIjoiMjk2Yjg3MjQtODM5Zi00MjY3LWIyYTQtNGYzYTg0ZWQ5MDFjIiwiZXhwIjoxNzYxMjQyMzE0LCJpYXQiOjE3NjEyMjA3MTR9.gro5XLlTYRfRlPxX7z5Jxu-unyf6t0bnu0azIWvf9gk;Path=/;Max-Age=21600;HttpOnly;Expires=23/10/25, 5:58 pm;SameSite=Lax
2025-10-23 17:31:16 [main] INFO  Log:33 - Current cookies being sent: 
2025-10-23 17:31:19 [main] INFO  Log:33 - Current cookies being sent: 
2025-10-23 17:31:19 [main] INFO  Log:33 - Current cookies being sent: 
2025-10-23 17:31:19 [main] INFO  Log:33 - Current cookies being sent: 
2025-10-23 17:31:20 [main] INFO  Log:33 - Current cookies being sent: 
2025-10-23 17:31:20 [main] INFO  Log:33 - Current cookies being sent: 
2025-10-23 17:31:20 [main] INFO  Log:33 - Current cookies being sent: 
2025-10-23 17:31:21 [main] INFO  Log:33 - Current cookies being sent: 
2025-10-23 17:31:22 [main] INFO  Log:33 - Current cookies being sent: 
2025-10-23 17:31:22 [main] INFO  Log:33 - Current cookies being sent: 
2025-10-23 17:31:22 [main] INFO  Log:33 - Current cookies being sent: 
2025-10-23 17:31:27 [main] INFO  Log:33 - Current cookies being sent: 
2025-10-23 17:31:31 [main] INFO  Log:33 - Current cookies being sent: 
2025-10-23 17:31:37 [main] INFO  Log:33 - Current cookies being sent: 
2025-10-23 17:31:41 [main] INFO  Log:33 - Current cookies being sent: 
2025-10-23 17:31:41 [main] INFO  Log:33 - Current cookies being sent: 
2025-10-23 17:31:42 [main] INFO  Log:33 - Current cookies being sent: 
2025-10-23 17:31:43 [main] INFO  Log:33 - Current cookies being sent: 
2025-10-23 17:31:44 [main] INFO  Log:33 - Current cookies being sent: 
2025-10-23 17:31:44 [main] INFO  Log:33 - Current cookies being sent: 
2025-10-23 17:31:45 [main] INFO  Log:33 - Current cookies being sent: 
2025-10-23 17:31:46 [main] INFO  Log:33 - Current cookies being sent: 
2025-10-23 17:31:46 [main] INFO  Log:33 - Current cookies being sent: 
2025-10-23 17:31:47 [main] INFO  Log:33 - Current cookies being sent: 
2025-10-23 17:31:52 [main] INFO  Log:33 - mail:acrnskjb@mybizz.com
2025-10-23 17:31:52 [main] INFO  Log:33 - password:HtZcKKdt$Z7U
2025-10-23 17:31:52 [main] INFO  Log:33 - Current cookies being sent: 
2025-10-23 17:31:52 [main] INFO  Log:33 - Current cookies being sent: 
2025-10-23 17:31:57 [main] INFO  Log:33 - Current cookies being sent: 
2025-10-23 17:31:58 [main] INFO  Log:33 - Current cookies being sent: 
2025-10-23 17:31:58 [main] INFO  Log:33 - Current cookies being sent: 
2025-10-23 17:31:59 [main] INFO  Log:33 - Current cookies being sent: 
2025-10-23 17:31:59 [main] INFO  Log:33 - Current cookies being sent: 
2025-10-23 17:31:59 [main] INFO  Log:33 - Current cookies being sent: 
2025-10-23 17:31:59 [main] INFO  Log:33 - Current cookies being sent: 
2025-10-23 17:31:59 [main] INFO  Log:33 - Current cookies being sent: 
2025-10-23 17:32:00 [main] INFO  Log:33 - Current cookies being sent: 
2025-10-23 17:32:00 [main] INFO  Log:33 - Current cookies being sent: 
2025-10-23 17:32:00 [main] INFO  Log:33 - Current cookies being sent: 
2025-10-23 17:32:00 [main] INFO  Log:33 - Current cookies being sent: 
2025-10-23 17:32:00 [main] INFO  Log:33 - Current cookies being sent: 
2025-10-23 17:32:01 [main] INFO  Log:33 - Current cookies being sent: 
2025-10-23 17:32:01 [main] INFO  Log:33 - Current cookies being sent: 
2025-10-23 17:32:01 [main] INFO  Log:33 - Current cookies being sent: 
2025-10-23 17:32:01 [main] INFO  Log:33 - Current cookies being sent: 
2025-10-23 17:32:01 [main] INFO  Log:33 - Current cookies being sent: 
2025-10-23 17:32:02 [main] INFO  Log:33 - Current cookies being sent: 
2025-10-23 17:32:02 [main] INFO  Log:33 - Current cookies being sent: 
2025-10-23 17:32:03 [main] INFO  Log:33 - Current cookies being sent: 
2025-10-23 17:32:03 [main] INFO  Log:33 - Current cookies being sent: 
2025-10-23 17:32:04 [main] INFO  Log:33 - Current cookies being sent: 
2025-10-23 17:32:05 [main] INFO  Log:33 - authorization_token: eyJhbGciOiJIUzI1NiIsInR5cCI6IkpXVCJ9.eyJzaWQiOiI5ODYyZGMzOTE0YTE0N2I1YjJmMjczZjQzYjRkOWM0ZCIsImF0ayI6IjQ3M2E2YzRiNjlhODQ3NjA5NDU4M2JhYzFkMTQ3OGYyIiwiZXhwIjoxNzYxMjIxNTI1LCJpYXQiOjE3NjEyMjA5MjV9.GU-elCuvd4Sru4bJ6cJVwOTUf0mfbWPETnc9dXGox-4
2025-10-23 17:32:05 [main] INFO  Log:33 - Current cookies being sent: 
2025-10-23 17:32:05 [main] INFO  Log:33 - stored cookie: auth_token=eyJhbGciOiJIUzI1NiIsInR5cCI6IkpXVCJ9.eyJzaWQiOiI5ODYyZGMzOTE0YTE0N2I1YjJmMjczZjQzYjRkOWM0ZCIsImF0ayI6Ijg2OTVkNWJjNjQ1ODQ4NThiY2VhYzJmMmY4NThlMWU0IiwidWlkIjoiMjk2Yjg3MjQtODM5Zi00MjY3LWIyYTQtNGYzYTg0ZWQ5MDFjIiwiZXhwIjoxNzYxMjQyNTI2LCJpYXQiOjE3NjEyMjA5MjZ9.wG2JOslFg5qEcp7z8wnCYJNO1upuQFD5UaN8NcIuWaw;Path=/;Max-Age=21600;HttpOnly;Expires=23/10/25, 6:02 pm;SameSite=Lax
2025-10-23 17:32:05 [main] INFO  Log:33 - authorization_token: null
2025-10-23 17:32:05 [main] INFO  Log:33 - Current cookies being sent: auth_token=eyJhbGciOiJIUzI1NiIsInR5cCI6IkpXVCJ9.eyJzaWQiOiI5ODYyZGMzOTE0YTE0N2I1YjJmMjczZjQzYjRkOWM0ZCIsImF0ayI6Ijg2OTVkNWJjNjQ1ODQ4NThiY2VhYzJmMmY4NThlMWU0IiwidWlkIjoiMjk2Yjg3MjQtODM5Zi00MjY3LWIyYTQtNGYzYTg0ZWQ5MDFjIiwiZXhwIjoxNzYxMjQyNTI2LCJpYXQiOjE3NjEyMjA5MjZ9.wG2JOslFg5qEcp7z8wnCYJNO1upuQFD5UaN8NcIuWaw;Path=/;Max-Age=21600;HttpOnly;Expires=23/10/25, 6:02 pm;SameSite=Lax
2025-10-23 17:32:06 [main] INFO  Log:33 - Current cookies being sent: auth_token=eyJhbGciOiJIUzI1NiIsInR5cCI6IkpXVCJ9.eyJzaWQiOiI5ODYyZGMzOTE0YTE0N2I1YjJmMjczZjQzYjRkOWM0ZCIsImF0ayI6Ijg2OTVkNWJjNjQ1ODQ4NThiY2VhYzJmMmY4NThlMWU0IiwidWlkIjoiMjk2Yjg3MjQtODM5Zi00MjY3LWIyYTQtNGYzYTg0ZWQ5MDFjIiwiZXhwIjoxNzYxMjQyNTI2LCJpYXQiOjE3NjEyMjA5MjZ9.wG2JOslFg5qEcp7z8wnCYJNO1upuQFD5UaN8NcIuWaw;Path=/;Max-Age=21600;HttpOnly;Expires=23/10/25, 6:02 pm;SameSite=Lax
2025-10-23 17:32:11 [main] INFO  Log:33 - authorization_token: eyJhbGciOiJIUzI1NiIsInR5cCI6IkpXVCJ9.eyJzaWQiOiJiYTY1MWZhNTRiNzY0YTFhYmFhMjBmODQ0MGRlNTFiMSIsImF0ayI6ImUwYmI3NjU1MGZmMjRmYjdhYWE5YTUyMDE3MGVjNmVjIiwiZXhwIjoxNzYxMjIxNTI3LCJpYXQiOjE3NjEyMjA5Mjd9.1kb52aToYNBYTI5FndvkgYEkfBIMCsDdtPrcvpbhlkY
2025-10-23 17:32:11 [main] INFO  Log:33 - Current cookies being sent: auth_token=eyJhbGciOiJIUzI1NiIsInR5cCI6IkpXVCJ9.eyJzaWQiOiI5ODYyZGMzOTE0YTE0N2I1YjJmMjczZjQzYjRkOWM0ZCIsImF0ayI6Ijg2OTVkNWJjNjQ1ODQ4NThiY2VhYzJmMmY4NThlMWU0IiwidWlkIjoiMjk2Yjg3MjQtODM5Zi00MjY3LWIyYTQtNGYzYTg0ZWQ5MDFjIiwiZXhwIjoxNzYxMjQyNTI2LCJpYXQiOjE3NjEyMjA5MjZ9.wG2JOslFg5qEcp7z8wnCYJNO1upuQFD5UaN8NcIuWaw;Path=/;Max-Age=21600;HttpOnly;Expires=23/10/25, 6:02 pm;SameSite=Lax
2025-10-23 17:32:12 [main] INFO  Log:33 - stored cookie: auth_token=eyJhbGciOiJIUzI1NiIsInR5cCI6IkpXVCJ9.eyJzaWQiOiJiYTY1MWZhNTRiNzY0YTFhYmFhMjBmODQ0MGRlNTFiMSIsImF0ayI6Ijk0NmU2MDVjYWJjNjRjNTY4ZWFhN2JmODlhYWRlMTJiIiwidWlkIjoiMjk2Yjg3MjQtODM5Zi00MjY3LWIyYTQtNGYzYTg0ZWQ5MDFjIiwiZXhwIjoxNzYxMjQyNTMyLCJpYXQiOjE3NjEyMjA5MzJ9.b_IRCojpSPp2epIkD2gvzhiiO2FSbyXJFL8rcgIMKcM;Path=/;Max-Age=21600;HttpOnly;Expires=23/10/25, 6:02 pm;SameSite=Lax
2025-10-23 17:32:12 [main] INFO  Log:33 - Current cookies being sent: auth_token=eyJhbGciOiJIUzI1NiIsInR5cCI6IkpXVCJ9.eyJzaWQiOiJiYTY1MWZhNTRiNzY0YTFhYmFhMjBmODQ0MGRlNTFiMSIsImF0ayI6Ijk0NmU2MDVjYWJjNjRjNTY4ZWFhN2JmODlhYWRlMTJiIiwidWlkIjoiMjk2Yjg3MjQtODM5Zi00MjY3LWIyYTQtNGYzYTg0ZWQ5MDFjIiwiZXhwIjoxNzYxMjQyNTMyLCJpYXQiOjE3NjEyMjA5MzJ9.b_IRCojpSPp2epIkD2gvzhiiO2FSbyXJFL8rcgIMKcM;Path=/;Max-Age=21600;HttpOnly;Expires=23/10/25, 6:02 pm;SameSite=Lax
2025-10-23 17:32:12 [main] INFO  Log:33 - Current cookies being sent: auth_token=eyJhbGciOiJIUzI1NiIsInR5cCI6IkpXVCJ9.eyJzaWQiOiJiYTY1MWZhNTRiNzY0YTFhYmFhMjBmODQ0MGRlNTFiMSIsImF0ayI6Ijk0NmU2MDVjYWJjNjRjNTY4ZWFhN2JmODlhYWRlMTJiIiwidWlkIjoiMjk2Yjg3MjQtODM5Zi00MjY3LWIyYTQtNGYzYTg0ZWQ5MDFjIiwiZXhwIjoxNzYxMjQyNTMyLCJpYXQiOjE3NjEyMjA5MzJ9.b_IRCojpSPp2epIkD2gvzhiiO2FSbyXJFL8rcgIMKcM;Path=/;Max-Age=21600;HttpOnly;Expires=23/10/25, 6:02 pm;SameSite=Lax
2025-10-23 17:50:59 [main] INFO  Log:33 - Current cookies being sent: 
2025-10-23 17:51:03 [main] INFO  Log:33 - Current cookies being sent: 
2025-10-23 17:51:03 [main] INFO  Log:33 - Current cookies being sent: 
2025-10-23 17:51:03 [main] INFO  Log:33 - Current cookies being sent: 
2025-10-23 17:51:03 [main] INFO  Log:33 - Current cookies being sent: 
2025-10-23 17:51:04 [main] INFO  Log:33 - Current cookies being sent: 
2025-10-23 17:51:04 [main] INFO  Log:33 - Current cookies being sent: 
2025-10-23 17:51:04 [main] INFO  Log:33 - Current cookies being sent: 
2025-10-23 17:51:05 [main] INFO  Log:33 - Current cookies being sent: 
2025-10-23 17:51:05 [main] INFO  Log:33 - Current cookies being sent: 
2025-10-23 17:51:05 [main] INFO  Log:33 - Current cookies being sent: 
2025-10-23 17:51:10 [main] INFO  Log:33 - Current cookies being sent: 
2025-10-23 17:51:14 [main] INFO  Log:33 - Current cookies being sent: 
2025-10-23 17:51:21 [main] INFO  Log:33 - Current cookies being sent: 
2025-10-23 17:51:25 [main] INFO  Log:33 - Current cookies being sent: 
2025-10-23 17:51:26 [main] INFO  Log:33 - Current cookies being sent: 
2025-10-23 17:51:27 [main] INFO  Log:33 - Current cookies being sent: 
2025-10-23 17:51:28 [main] INFO  Log:33 - Current cookies being sent: 
2025-10-23 17:51:29 [main] INFO  Log:33 - Current cookies being sent: 
2025-10-23 17:51:30 [main] INFO  Log:33 - Current cookies being sent: 
2025-10-23 17:51:31 [main] INFO  Log:33 - Current cookies being sent: 
2025-10-23 17:51:31 [main] INFO  Log:33 - Current cookies being sent: 
2025-10-23 17:51:31 [main] INFO  Log:33 - Current cookies being sent: 
2025-10-23 17:51:32 [main] INFO  Log:33 - Current cookies being sent: 
2025-10-23 17:51:37 [main] INFO  Log:33 - mail:uznpaofx@mybizz.com
2025-10-23 17:51:37 [main] INFO  Log:33 - password:qy$755bRvMD@
2025-10-23 17:51:37 [main] INFO  Log:33 - Current cookies being sent: 
2025-10-23 17:51:38 [main] INFO  Log:33 - Current cookies being sent: 
2025-10-23 17:51:43 [main] INFO  Log:33 - Current cookies being sent: 
2025-10-23 17:51:44 [main] INFO  Log:33 - Current cookies being sent: 
2025-10-23 17:51:44 [main] INFO  Log:33 - Current cookies being sent: 
2025-10-23 17:51:45 [main] INFO  Log:33 - Current cookies being sent: 
2025-10-23 17:51:45 [main] INFO  Log:33 - Current cookies being sent: 
2025-10-23 17:51:45 [main] INFO  Log:33 - Current cookies being sent: 
2025-10-23 17:51:46 [main] INFO  Log:33 - Current cookies being sent: 
2025-10-23 17:51:46 [main] INFO  Log:33 - Current cookies being sent: 
2025-10-23 17:51:46 [main] INFO  Log:33 - Current cookies being sent: 
2025-10-23 17:51:46 [main] INFO  Log:33 - Current cookies being sent: 
2025-10-23 17:51:47 [main] INFO  Log:33 - Current cookies being sent: 
2025-10-23 17:51:47 [main] INFO  Log:33 - Current cookies being sent: 
2025-10-23 17:51:47 [main] INFO  Log:33 - Current cookies being sent: 
2025-10-23 17:51:47 [main] INFO  Log:33 - Current cookies being sent: 
2025-10-23 17:51:47 [main] INFO  Log:33 - Current cookies being sent: 
2025-10-23 17:51:48 [main] INFO  Log:33 - Current cookies being sent: 
2025-10-23 17:51:48 [main] INFO  Log:33 - Current cookies being sent: 
2025-10-23 17:51:48 [main] INFO  Log:33 - Current cookies being sent: 
2025-10-23 17:51:48 [main] INFO  Log:33 - Current cookies being sent: 
2025-10-23 17:51:49 [main] INFO  Log:33 - Current cookies being sent: 
2025-10-23 17:51:49 [main] INFO  Log:33 - Current cookies being sent: 
2025-10-23 17:51:50 [main] INFO  Log:33 - Current cookies being sent: 
2025-10-23 17:51:51 [main] INFO  Log:33 - Current cookies being sent: 
2025-10-23 17:51:52 [main] INFO  Log:33 - authorization_token: eyJhbGciOiJIUzI1NiIsInR5cCI6IkpXVCJ9.eyJzaWQiOiJiZmFlM2M1OTc2NmE0ZWVjOWE4N2NlY2QxODVhMDY0YiIsImF0ayI6IjNhM2Q3MDVlMTlmODQzZDdhZGQ4ZGM1MGNmY2E5M2FmIiwiZXhwIjoxNzYxMjIyNzEyLCJpYXQiOjE3NjEyMjIxMTJ9.OjjzNVfFaLKnFt-En6BNcsLncyCthBCOKHdT9DNAF_o
2025-10-23 17:51:52 [main] INFO  Log:33 - Current cookies being sent: 
2025-10-23 17:51:52 [main] INFO  Log:33 - stored cookie: auth_token=eyJhbGciOiJIUzI1NiIsInR5cCI6IkpXVCJ9.eyJzaWQiOiJiZmFlM2M1OTc2NmE0ZWVjOWE4N2NlY2QxODVhMDY0YiIsImF0ayI6IjIyNzcyNzE2YjgzNzRlNWY5ZWY1ZDI3NTFlMjViYWQ1IiwidWlkIjoiMjk2Yjg3MjQtODM5Zi00MjY3LWIyYTQtNGYzYTg0ZWQ5MDFjIiwiZXhwIjoxNzYxMjQzNzEyLCJpYXQiOjE3NjEyMjIxMTJ9.cFCcImS5Gcvns01ZOthy6540fBXrIJX2Vb2Imj2c7DE;Path=/;Max-Age=21600;HttpOnly;Expires=23/10/25, 6:21 pm;SameSite=Lax
2025-10-23 17:51:52 [main] INFO  Log:33 - authorization_token: null
2025-10-23 17:51:52 [main] INFO  Log:33 - Current cookies being sent: auth_token=eyJhbGciOiJIUzI1NiIsInR5cCI6IkpXVCJ9.eyJzaWQiOiJiZmFlM2M1OTc2NmE0ZWVjOWE4N2NlY2QxODVhMDY0YiIsImF0ayI6IjIyNzcyNzE2YjgzNzRlNWY5ZWY1ZDI3NTFlMjViYWQ1IiwidWlkIjoiMjk2Yjg3MjQtODM5Zi00MjY3LWIyYTQtNGYzYTg0ZWQ5MDFjIiwiZXhwIjoxNzYxMjQzNzEyLCJpYXQiOjE3NjEyMjIxMTJ9.cFCcImS5Gcvns01ZOthy6540fBXrIJX2Vb2Imj2c7DE;Path=/;Max-Age=21600;HttpOnly;Expires=23/10/25, 6:21 pm;SameSite=Lax
2025-10-23 17:51:53 [main] INFO  Log:33 - Current cookies being sent: auth_token=eyJhbGciOiJIUzI1NiIsInR5cCI6IkpXVCJ9.eyJzaWQiOiJiZmFlM2M1OTc2NmE0ZWVjOWE4N2NlY2QxODVhMDY0YiIsImF0ayI6IjIyNzcyNzE2YjgzNzRlNWY5ZWY1ZDI3NTFlMjViYWQ1IiwidWlkIjoiMjk2Yjg3MjQtODM5Zi00MjY3LWIyYTQtNGYzYTg0ZWQ5MDFjIiwiZXhwIjoxNzYxMjQzNzEyLCJpYXQiOjE3NjEyMjIxMTJ9.cFCcImS5Gcvns01ZOthy6540fBXrIJX2Vb2Imj2c7DE;Path=/;Max-Age=21600;HttpOnly;Expires=23/10/25, 6:21 pm;SameSite=Lax
2025-10-23 17:51:58 [main] INFO  Log:33 - authorization_token: eyJhbGciOiJIUzI1NiIsInR5cCI6IkpXVCJ9.eyJzaWQiOiJjYmQwMjFmYzY1NzA0YmMzOTM0MGFmMzBlNWQ3YjVhZCIsImF0ayI6IjBmN2RkYzFmOWYyZDQ4NjU5NGU2MDI3ZWRiODFiMjIzIiwiZXhwIjoxNzYxMjIyNzE0LCJpYXQiOjE3NjEyMjIxMTR9.LZy1fIgJhg47YuYoHWnuPczX136MNeDULfV94aqg1E8
2025-10-23 17:51:58 [main] INFO  Log:33 - Current cookies being sent: auth_token=eyJhbGciOiJIUzI1NiIsInR5cCI6IkpXVCJ9.eyJzaWQiOiJiZmFlM2M1OTc2NmE0ZWVjOWE4N2NlY2QxODVhMDY0YiIsImF0ayI6IjIyNzcyNzE2YjgzNzRlNWY5ZWY1ZDI3NTFlMjViYWQ1IiwidWlkIjoiMjk2Yjg3MjQtODM5Zi00MjY3LWIyYTQtNGYzYTg0ZWQ5MDFjIiwiZXhwIjoxNzYxMjQzNzEyLCJpYXQiOjE3NjEyMjIxMTJ9.cFCcImS5Gcvns01ZOthy6540fBXrIJX2Vb2Imj2c7DE;Path=/;Max-Age=21600;HttpOnly;Expires=23/10/25, 6:21 pm;SameSite=Lax
2025-10-23 17:51:58 [main] INFO  Log:33 - stored cookie: auth_token=eyJhbGciOiJIUzI1NiIsInR5cCI6IkpXVCJ9.eyJzaWQiOiJjYmQwMjFmYzY1NzA0YmMzOTM0MGFmMzBlNWQ3YjVhZCIsImF0ayI6IjdkNzgxYjFhYjE0MTQwNmQ4ZWYyYjM5NmUxZTAyZTYzIiwidWlkIjoiMjk2Yjg3MjQtODM5Zi00MjY3LWIyYTQtNGYzYTg0ZWQ5MDFjIiwiZXhwIjoxNzYxMjQzNzE5LCJpYXQiOjE3NjEyMjIxMTl9.nT3VqzU4BTMGRUUgXHPCn-us5veR2d3sS1w5rmpO3ZY;Path=/;Max-Age=21600;HttpOnly;Expires=23/10/25, 6:21 pm;SameSite=Lax
2025-10-23 17:51:58 [main] INFO  Log:33 - Current cookies being sent: auth_token=eyJhbGciOiJIUzI1NiIsInR5cCI6IkpXVCJ9.eyJzaWQiOiJjYmQwMjFmYzY1NzA0YmMzOTM0MGFmMzBlNWQ3YjVhZCIsImF0ayI6IjdkNzgxYjFhYjE0MTQwNmQ4ZWYyYjM5NmUxZTAyZTYzIiwidWlkIjoiMjk2Yjg3MjQtODM5Zi00MjY3LWIyYTQtNGYzYTg0ZWQ5MDFjIiwiZXhwIjoxNzYxMjQzNzE5LCJpYXQiOjE3NjEyMjIxMTl9.nT3VqzU4BTMGRUUgXHPCn-us5veR2d3sS1w5rmpO3ZY;Path=/;Max-Age=21600;HttpOnly;Expires=23/10/25, 6:21 pm;SameSite=Lax
